[{"model": "admin.logentry", "pk": 1, "fields": {"action_time": "2023-02-24T21:11:39.001Z", "user": 5, "content_type": 27, "object_id": "1", "object_repr": "rnium@aol.com", "action_flag": 2, "change_message": "[{\"changed\": {\"fields\": [\"Is student\"]}}]"}}, {"model": "admin.logentry", "pk": 2, "fields": {"action_time": "2023-02-25T19:20:36.701Z", "user": 5, "content_type": 13, "object_id": "7a4f13869a594454bb1e1fc23b841ea6", "object_repr": "Test Id: 7a4f13869a594454bb1e1fc23b841ea6", "action_flag": 2, "change_message": "[{\"changed\": {\"fields\": [\"Schedule\", \"Expiration\"]}}]"}}, {"model": "admin.logentry", "pk": 3, "fields": {"action_time": "2023-02-25T19:21:43.455Z", "user": 5, "content_type": 13, "object_id": "7a4f13869a594454bb1e1fc23b841ea6", "object_repr": "Test Id: 7a4f13869a594454bb1e1fc23b841ea6", "action_flag": 3, "change_message": ""}}, {"model": "auth.permission", "pk": 1, "fields": {"name": "Can add log entry", "content_type": 1, "codename": "add_logentry"}}, {"model": "auth.permission", "pk": 2, "fields": {"name": "Can change log entry", "content_type": 1, "codename": "change_logentry"}}, {"model": "auth.permission", "pk": 3, "fields": {"name": "Can delete log entry", "content_type": 1, "codename": "delete_logentry"}}, {"model": "auth.permission", "pk": 4, "fields": {"name": "Can view log entry", "content_type": 1, "codename": "view_logentry"}}, {"model": "auth.permission", "pk": 5, "fields": {"name": "Can add permission", "content_type": 2, "codename": "add_permission"}}, {"model": "auth.permission", "pk": 6, "fields": {"name": "Can change permission", "content_type": 2, "codename": "change_permission"}}, {"model": "auth.permission", "pk": 7, "fields": {"name": "Can delete permission", "content_type": 2, "codename": "delete_permission"}}, {"model": "auth.permission", "pk": 8, "fields": {"name": "Can view permission", "content_type": 2, "codename": "view_permission"}}, {"model": "auth.permission", "pk": 9, "fields": {"name": "Can add group", "content_type": 3, "codename": "add_group"}}, {"model": "auth.permission", "pk": 10, "fields": {"name": "Can change group", "content_type": 3, "codename": "change_group"}}, {"model": "auth.permission", "pk": 11, "fields": {"name": "Can delete group", "content_type": 3, "codename": "delete_group"}}, {"model": "auth.permission", "pk": 12, "fields": {"name": "Can view group", "content_type": 3, "codename": "view_group"}}, {"model": "auth.permission", "pk": 13, "fields": {"name": "Can add user", "content_type": 4, "codename": "add_user"}}, {"model": "auth.permission", "pk": 14, "fields": {"name": "Can change user", "content_type": 4, "codename": "change_user"}}, {"model": "auth.permission", "pk": 15, "fields": {"name": "Can delete user", "content_type": 4, "codename": "delete_user"}}, {"model": "auth.permission", "pk": 16, "fields": {"name": "Can view user", "content_type": 4, "codename": "view_user"}}, {"model": "auth.permission", "pk": 17, "fields": {"name": "Can add content type", "content_type": 5, "codename": "add_contenttype"}}, {"model": "auth.permission", "pk": 18, "fields": {"name": "Can change content type", "content_type": 5, "codename": "change_contenttype"}}, {"model": "auth.permission", "pk": 19, "fields": {"name": "Can delete content type", "content_type": 5, "codename": "delete_contenttype"}}, {"model": "auth.permission", "pk": 20, "fields": {"name": "Can view content type", "content_type": 5, "codename": "view_contenttype"}}, {"model": "auth.permission", "pk": 21, "fields": {"name": "Can add session", "content_type": 6, "codename": "add_session"}}, {"model": "auth.permission", "pk": 22, "fields": {"name": "Can change session", "content_type": 6, "codename": "change_session"}}, {"model": "auth.permission", "pk": 23, "fields": {"name": "Can delete session", "content_type": 6, "codename": "delete_session"}}, {"model": "auth.permission", "pk": 24, "fields": {"name": "Can view session", "content_type": 6, "codename": "view_session"}}, {"model": "auth.permission", "pk": 25, "fields": {"name": "Can add group", "content_type": 7, "codename": "add_group"}}, {"model": "auth.permission", "pk": 26, "fields": {"name": "Can change group", "content_type": 7, "codename": "change_group"}}, {"model": "auth.permission", "pk": 27, "fields": {"name": "Can delete group", "content_type": 7, "codename": "delete_group"}}, {"model": "auth.permission", "pk": 28, "fields": {"name": "Can view group", "content_type": 7, "codename": "view_group"}}, {"model": "auth.permission", "pk": 29, "fields": {"name": "Can add task", "content_type": 8, "codename": "add_task"}}, {"model": "auth.permission", "pk": 30, "fields": {"name": "Can change task", "content_type": 8, "codename": "change_task"}}, {"model": "auth.permission", "pk": 31, "fields": {"name": "Can delete task", "content_type": 8, "codename": "delete_task"}}, {"model": "auth.permission", "pk": 32, "fields": {"name": "Can view task", "content_type": 8, "codename": "view_task"}}, {"model": "auth.permission", "pk": 33, "fields": {"name": "Can add work", "content_type": 9, "codename": "add_work"}}, {"model": "auth.permission", "pk": 34, "fields": {"name": "Can change work", "content_type": 9, "codename": "change_work"}}, {"model": "auth.permission", "pk": 35, "fields": {"name": "Can delete work", "content_type": 9, "codename": "delete_work"}}, {"model": "auth.permission", "pk": 36, "fields": {"name": "Can view work", "content_type": 9, "codename": "view_work"}}, {"model": "auth.permission", "pk": 37, "fields": {"name": "Can add work attachment", "content_type": 10, "codename": "add_workattachment"}}, {"model": "auth.permission", "pk": 38, "fields": {"name": "Can change work attachment", "content_type": 10, "codename": "change_workattachment"}}, {"model": "auth.permission", "pk": 39, "fields": {"name": "Can delete work attachment", "content_type": 10, "codename": "delete_workattachment"}}, {"model": "auth.permission", "pk": 40, "fields": {"name": "Can view work attachment", "content_type": 10, "codename": "view_workattachment"}}, {"model": "auth.permission", "pk": 41, "fields": {"name": "Can add task attachment", "content_type": 11, "codename": "add_taskattachment"}}, {"model": "auth.permission", "pk": 42, "fields": {"name": "Can change task attachment", "content_type": 11, "codename": "change_taskattachment"}}, {"model": "auth.permission", "pk": 43, "fields": {"name": "Can delete task attachment", "content_type": 11, "codename": "delete_taskattachment"}}, {"model": "auth.permission", "pk": 44, "fields": {"name": "Can view task attachment", "content_type": 11, "codename": "view_taskattachment"}}, {"model": "auth.permission", "pk": 45, "fields": {"name": "Can add answer sheet", "content_type": 12, "codename": "add_answersheet"}}, {"model": "auth.permission", "pk": 46, "fields": {"name": "Can change answer sheet", "content_type": 12, "codename": "change_answersheet"}}, {"model": "auth.permission", "pk": 47, "fields": {"name": "Can delete answer sheet", "content_type": 12, "codename": "delete_answersheet"}}, {"model": "auth.permission", "pk": 48, "fields": {"name": "Can view answer sheet", "content_type": 12, "codename": "view_answersheet"}}, {"model": "auth.permission", "pk": 49, "fields": {"name": "Can add weekly test", "content_type": 13, "codename": "add_weeklytest"}}, {"model": "auth.permission", "pk": 50, "fields": {"name": "Can change weekly test", "content_type": 13, "codename": "change_weeklytest"}}, {"model": "auth.permission", "pk": 51, "fields": {"name": "Can delete weekly test", "content_type": 13, "codename": "delete_weeklytest"}}, {"model": "auth.permission", "pk": 52, "fields": {"name": "Can view weekly test", "content_type": 13, "codename": "view_weeklytest"}}, {"model": "auth.permission", "pk": 53, "fields": {"name": "Can add question", "content_type": 14, "codename": "add_question"}}, {"model": "auth.permission", "pk": 54, "fields": {"name": "Can change question", "content_type": 14, "codename": "change_question"}}, {"model": "auth.permission", "pk": 55, "fields": {"name": "Can delete question", "content_type": 14, "codename": "delete_question"}}, {"model": "auth.permission", "pk": 56, "fields": {"name": "Can view question", "content_type": 14, "codename": "view_question"}}, {"model": "auth.permission", "pk": 57, "fields": {"name": "Can add mcq option", "content_type": 15, "codename": "add_mcqoption"}}, {"model": "auth.permission", "pk": 58, "fields": {"name": "Can change mcq option", "content_type": 15, "codename": "change_mcqoption"}}, {"model": "auth.permission", "pk": 59, "fields": {"name": "Can delete mcq option", "content_type": 15, "codename": "delete_mcqoption"}}, {"model": "auth.permission", "pk": 60, "fields": {"name": "Can view mcq option", "content_type": 15, "codename": "view_mcqoption"}}, {"model": "auth.permission", "pk": 61, "fields": {"name": "Can add mcq answer", "content_type": 16, "codename": "add_mcqanswer"}}, {"model": "auth.permission", "pk": 62, "fields": {"name": "Can change mcq answer", "content_type": 16, "codename": "change_mcqanswer"}}, {"model": "auth.permission", "pk": 63, "fields": {"name": "Can delete mcq answer", "content_type": 16, "codename": "delete_mcqanswer"}}, {"model": "auth.permission", "pk": 64, "fields": {"name": "Can view mcq answer", "content_type": 16, "codename": "view_mcqanswer"}}, {"model": "auth.permission", "pk": 65, "fields": {"name": "Can add descriptive answer", "content_type": 17, "codename": "add_descriptiveanswer"}}, {"model": "auth.permission", "pk": 66, "fields": {"name": "Can change descriptive answer", "content_type": 17, "codename": "change_descriptiveanswer"}}, {"model": "auth.permission", "pk": 67, "fields": {"name": "Can delete descriptive answer", "content_type": 17, "codename": "delete_descriptiveanswer"}}, {"model": "auth.permission", "pk": 68, "fields": {"name": "Can view descriptive answer", "content_type": 17, "codename": "view_descriptiveanswer"}}, {"model": "auth.permission", "pk": 69, "fields": {"name": "Can add assignment", "content_type": 18, "codename": "add_assignment"}}, {"model": "auth.permission", "pk": 70, "fields": {"name": "Can change assignment", "content_type": 18, "codename": "change_assignment"}}, {"model": "auth.permission", "pk": 71, "fields": {"name": "Can delete assignment", "content_type": 18, "codename": "delete_assignment"}}, {"model": "auth.permission", "pk": 72, "fields": {"name": "Can view assignment", "content_type": 18, "codename": "view_assignment"}}, {"model": "auth.permission", "pk": 73, "fields": {"name": "Can add classroom", "content_type": 19, "codename": "add_classroom"}}, {"model": "auth.permission", "pk": 74, "fields": {"name": "Can change classroom", "content_type": 19, "codename": "change_classroom"}}, {"model": "auth.permission", "pk": 75, "fields": {"name": "Can delete classroom", "content_type": 19, "codename": "delete_classroom"}}, {"model": "auth.permission", "pk": 76, "fields": {"name": "Can view classroom", "content_type": 19, "codename": "view_classroom"}}, {"model": "auth.permission", "pk": 77, "fields": {"name": "Can add classroom post", "content_type": 20, "codename": "add_classroompost"}}, {"model": "auth.permission", "pk": 78, "fields": {"name": "Can change classroom post", "content_type": 20, "codename": "change_classroompost"}}, {"model": "auth.permission", "pk": 79, "fields": {"name": "Can delete classroom post", "content_type": 20, "codename": "delete_classroompost"}}, {"model": "auth.permission", "pk": 80, "fields": {"name": "Can view classroom post", "content_type": 20, "codename": "view_classroompost"}}, {"model": "auth.permission", "pk": 81, "fields": {"name": "Can add post topic", "content_type": 21, "codename": "add_posttopic"}}, {"model": "auth.permission", "pk": 82, "fields": {"name": "Can change post topic", "content_type": 21, "codename": "change_posttopic"}}, {"model": "auth.permission", "pk": 83, "fields": {"name": "Can delete post topic", "content_type": 21, "codename": "delete_posttopic"}}, {"model": "auth.permission", "pk": 84, "fields": {"name": "Can view post topic", "content_type": 21, "codename": "view_posttopic"}}, {"model": "auth.permission", "pk": 85, "fields": {"name": "Can add post attachment", "content_type": 22, "codename": "add_postattachment"}}, {"model": "auth.permission", "pk": 86, "fields": {"name": "Can change post attachment", "content_type": 22, "codename": "change_postattachment"}}, {"model": "auth.permission", "pk": 87, "fields": {"name": "Can delete post attachment", "content_type": 22, "codename": "delete_postattachment"}}, {"model": "auth.permission", "pk": 88, "fields": {"name": "Can view post attachment", "content_type": 22, "codename": "view_postattachment"}}, {"model": "auth.permission", "pk": 89, "fields": {"name": "Can add comment", "content_type": 23, "codename": "add_comment"}}, {"model": "auth.permission", "pk": 90, "fields": {"name": "Can change comment", "content_type": 23, "codename": "change_comment"}}, {"model": "auth.permission", "pk": 91, "fields": {"name": "Can delete comment", "content_type": 23, "codename": "delete_comment"}}, {"model": "auth.permission", "pk": 92, "fields": {"name": "Can view comment", "content_type": 23, "codename": "view_comment"}}, {"model": "auth.permission", "pk": 93, "fields": {"name": "Can add assignment attachment", "content_type": 24, "codename": "add_assignmentattachment"}}, {"model": "auth.permission", "pk": 94, "fields": {"name": "Can change assignment attachment", "content_type": 24, "codename": "change_assignmentattachment"}}, {"model": "auth.permission", "pk": 95, "fields": {"name": "Can delete assignment attachment", "content_type": 24, "codename": "delete_assignmentattachment"}}, {"model": "auth.permission", "pk": 96, "fields": {"name": "Can view assignment attachment", "content_type": 24, "codename": "view_assignmentattachment"}}, {"model": "auth.permission", "pk": 97, "fields": {"name": "Can add assessment meta", "content_type": 25, "codename": "add_assessmentmeta"}}, {"model": "auth.permission", "pk": 98, "fields": {"name": "Can change assessment meta", "content_type": 25, "codename": "change_assessmentmeta"}}, {"model": "auth.permission", "pk": 99, "fields": {"name": "Can delete assessment meta", "content_type": 25, "codename": "delete_assessmentmeta"}}, {"model": "auth.permission", "pk": 100, "fields": {"name": "Can view assessment meta", "content_type": 25, "codename": "view_assessmentmeta"}}, {"model": "auth.permission", "pk": 101, "fields": {"name": "Can add assessment", "content_type": 26, "codename": "add_assessment"}}, {"model": "auth.permission", "pk": 102, "fields": {"name": "Can change assessment", "content_type": 26, "codename": "change_assessment"}}, {"model": "auth.permission", "pk": 103, "fields": {"name": "Can delete assessment", "content_type": 26, "codename": "delete_assessment"}}, {"model": "auth.permission", "pk": 104, "fields": {"name": "Can view assessment", "content_type": 26, "codename": "view_assessment"}}, {"model": "auth.permission", "pk": 105, "fields": {"name": "Can add account", "content_type": 27, "codename": "add_account"}}, {"model": "auth.permission", "pk": 106, "fields": {"name": "Can change account", "content_type": 27, "codename": "change_account"}}, {"model": "auth.permission", "pk": 107, "fields": {"name": "Can delete account", "content_type": 27, "codename": "delete_account"}}, {"model": "auth.permission", "pk": 108, "fields": {"name": "Can view account", "content_type": 27, "codename": "view_account"}}, {"model": "auth.permission", "pk": 109, "fields": {"name": "Can add weekly", "content_type": 28, "codename": "add_weekly"}}, {"model": "auth.permission", "pk": 110, "fields": {"name": "Can change weekly", "content_type": 28, "codename": "change_weekly"}}, {"model": "auth.permission", "pk": 111, "fields": {"name": "Can delete weekly", "content_type": 28, "codename": "delete_weekly"}}, {"model": "auth.permission", "pk": 112, "fields": {"name": "Can view weekly", "content_type": 28, "codename": "view_weekly"}}, {"model": "auth.permission", "pk": 113, "fields": {"name": "Can add pre class tutorial", "content_type": 29, "codename": "add_preclasstutorial"}}, {"model": "auth.permission", "pk": 114, "fields": {"name": "Can change pre class tutorial", "content_type": 29, "codename": "change_preclasstutorial"}}, {"model": "auth.permission", "pk": 115, "fields": {"name": "Can delete pre class tutorial", "content_type": 29, "codename": "delete_preclasstutorial"}}, {"model": "auth.permission", "pk": 116, "fields": {"name": "Can view pre class tutorial", "content_type": 29, "codename": "view_preclasstutorial"}}, {"model": "auth.permission", "pk": 117, "fields": {"name": "Can add pre class file", "content_type": 30, "codename": "add_preclassfile"}}, {"model": "auth.permission", "pk": 118, "fields": {"name": "Can change pre class file", "content_type": 30, "codename": "change_preclassfile"}}, {"model": "auth.permission", "pk": 119, "fields": {"name": "Can delete pre class file", "content_type": 30, "codename": "delete_preclassfile"}}, {"model": "auth.permission", "pk": 120, "fields": {"name": "Can view pre class file", "content_type": 30, "codename": "view_preclassfile"}}, {"model": "auth.permission", "pk": 121, "fields": {"name": "Can add post class tutorial", "content_type": 31, "codename": "add_postclasstutorial"}}, {"model": "auth.permission", "pk": 122, "fields": {"name": "Can change post class tutorial", "content_type": 31, "codename": "change_postclasstutorial"}}, {"model": "auth.permission", "pk": 123, "fields": {"name": "Can delete post class tutorial", "content_type": 31, "codename": "delete_postclasstutorial"}}, {"model": "auth.permission", "pk": 124, "fields": {"name": "Can view post class tutorial", "content_type": 31, "codename": "view_postclasstutorial"}}, {"model": "auth.permission", "pk": 125, "fields": {"name": "Can add post class file", "content_type": 32, "codename": "add_postclassfile"}}, {"model": "auth.permission", "pk": 126, "fields": {"name": "Can change post class file", "content_type": 32, "codename": "change_postclassfile"}}, {"model": "auth.permission", "pk": 127, "fields": {"name": "Can delete post class file", "content_type": 32, "codename": "delete_postclassfile"}}, {"model": "auth.permission", "pk": 128, "fields": {"name": "Can view post class file", "content_type": 32, "codename": "view_postclassfile"}}, {"model": "auth.permission", "pk": 129, "fields": {"name": "Can add in class tutorial", "content_type": 33, "codename": "add_inclasstutorial"}}, {"model": "auth.permission", "pk": 130, "fields": {"name": "Can change in class tutorial", "content_type": 33, "codename": "change_inclasstutorial"}}, {"model": "auth.permission", "pk": 131, "fields": {"name": "Can delete in class tutorial", "content_type": 33, "codename": "delete_inclasstutorial"}}, {"model": "auth.permission", "pk": 132, "fields": {"name": "Can view in class tutorial", "content_type": 33, "codename": "view_inclasstutorial"}}, {"model": "auth.permission", "pk": 133, "fields": {"name": "Can add in class file", "content_type": 34, "codename": "add_inclassfile"}}, {"model": "auth.permission", "pk": 134, "fields": {"name": "Can change in class file", "content_type": 34, "codename": "change_inclassfile"}}, {"model": "auth.permission", "pk": 135, "fields": {"name": "Can delete in class file", "content_type": 34, "codename": "delete_inclassfile"}}, {"model": "auth.permission", "pk": 136, "fields": {"name": "Can view in class file", "content_type": 34, "codename": "view_inclassfile"}}, {"model": "auth.permission", "pk": 137, "fields": {"name": "Can add forumpost", "content_type": 35, "codename": "add_forumpost"}}, {"model": "auth.permission", "pk": 138, "fields": {"name": "Can change forumpost", "content_type": 35, "codename": "change_forumpost"}}, {"model": "auth.permission", "pk": 139, "fields": {"name": "Can delete forumpost", "content_type": 35, "codename": "delete_forumpost"}}, {"model": "auth.permission", "pk": 140, "fields": {"name": "Can view forumpost", "content_type": 35, "codename": "view_forumpost"}}, {"model": "auth.permission", "pk": 141, "fields": {"name": "Can add congratulation", "content_type": 36, "codename": "add_congratulation"}}, {"model": "auth.permission", "pk": 142, "fields": {"name": "Can change congratulation", "content_type": 36, "codename": "change_congratulation"}}, {"model": "auth.permission", "pk": 143, "fields": {"name": "Can delete congratulation", "content_type": 36, "codename": "delete_congratulation"}}, {"model": "auth.permission", "pk": 144, "fields": {"name": "Can view congratulation", "content_type": 36, "codename": "view_congratulation"}}, {"model": "auth.user", "pk": 1, "fields": {"password": "pbkdf2_sha256$260000$JEcXMDQj0FkCXbqSjk9tp0$1apmrQAsb7tlDeoFEhHZ8ahuXu8GIs2DRsU5T7YrEaI=", "last_login": "2023-03-06T17:59:32.345Z", "is_superuser": false, "username": "rnium@aol.com", "first_name": "Md. Toushif Islam", "last_name": "Shoueb", "email": "rnium@aol.com", "is_staff": false, "is_active": true, "date_joined": "2023-02-16T16:37:22.096Z", "groups": [], "user_permissions": []}}, {"model": "auth.user", "pk": 2, "fields": {"password": "pbkdf2_sha256$260000$M2sNRWaIexfv4mZBCvoKN8$caN+1L1HRwEr7pe0T2rQm5HnvdbGS3DeUOfj3+x/JQg=", "last_login": "2023-02-27T04:12:52.392Z", "is_superuser": false, "username": "skelewit@gmail.com", "first_name": "Md Saiful Islam", "last_name": "Rony", "email": "skelewit@gmail.com", "is_staff": false, "is_active": true, "date_joined": "2023-02-16T16:45:03.545Z", "groups": [], "user_permissions": []}}, {"model": "auth.user", "pk": 3, "fields": {"password": "pbkdf2_sha256$260000$c3ota9AhqfvT0SEGDnRRkq$M97uV0/l33BKvZJ0JoIp+hx+Ui6D+XMYIj/hAuoRGkg=", "last_login": "2023-02-26T17:42:19.279Z", "is_superuser": false, "username": "rniumo@gmail.com", "first_name": "Sifat", "last_name": "Ahmed", "email": "rniumo@gmail.com", "is_staff": false, "is_active": true, "date_joined": "2023-02-17T15:34:09.295Z", "groups": [], "user_permissions": []}}, {"model": "auth.user", "pk": 4, "fields": {"password": "pbkdf2_sha256$260000$jk5cI8uegLUXx5Ebi74tED$x7Ez2Y+0BwPez2r2CPMD9JKhHwDXnmvFax1Ewfk2MhM=", "last_login": "2023-02-20T06:49:48.953Z", "is_superuser": false, "username": "avishek68d@gmail.com", "first_name": "Hasan", "last_name": "Shiblee", "email": "avishek68d@gmail.com", "is_staff": false, "is_active": true, "date_joined": "2023-02-20T06:49:48.140Z", "groups": [], "user_permissions": []}}, {"model": "auth.user", "pk": 5, "fields": {"password": "pbkdf2_sha256$260000$CxRGrUj1pacOb7MxAdJciI$+5UKJhbAYCJaMi2cBr5LEqtf8NYZQ63mRwRHW44jKhY=", "last_login": "2023-02-28T21:56:59.326Z", "is_superuser": true, "username": "rony", "first_name": "", "last_name": "", "email": "", "is_staff": true, "is_active": true, "date_joined": "2023-02-24T21:10:50.996Z", "groups": [], "user_permissions": []}}, {"model": "auth.user", "pk": 6, "fields": {"password": "pbkdf2_sha256$260000$xNjy48A6pQ8VU12CZOShty$09xeJAWBlOH7DrrAyAdgOu6lKbqWWDdVg8gyfyt1gnI=", "last_login": "2023-02-24T21:13:43.745Z", "is_superuser": false, "username": "skelewit1@gmail.com", "first_name": "MSI", "last_name": "Rony", "email": "skelewit1@gmail.com", "is_staff": false, "is_active": true, "date_joined": "2023-02-24T21:13:43.433Z", "groups": [], "user_permissions": []}}, {"model": "auth.user", "pk": 7, "fields": {"password": "pbkdf2_sha256$260000$Am3hT0QVwH5Pz6h4ip3OyJ$HqneAT+jcHagxKYSwWj+7HAZxUyzh0qvD+iacDIZmzQ=", "last_login": "2023-03-03T13:18:41.182Z", "is_superuser": false, "username": "iqbal@sec.ac.bd", "first_name": "MD. Shahid", "last_name": "Iqbal", "email": "iqbal@sec.ac.bd", "is_staff": false, "is_active": true, "date_joined": "2023-02-26T12:39:23.311Z", "groups": [], "user_permissions": []}}, {"model": "auth.user", "pk": 8, "fields": {"password": "pbkdf2_sha256$260000$1IF9bI1M0j4kFFWAUABsXl$Pmehbwgth/rFR/1PgvN8viddE+GsloC3neHwK+mEmKs=", "last_login": "2023-02-26T18:12:41.385Z", "is_superuser": false, "username": "sagor@gmail.com", "first_name": "Omar Faruk", "last_name": "Sagor", "email": "sagor@gmail.com", "is_staff": false, "is_active": true, "date_joined": "2023-02-26T18:12:41.058Z", "groups": [], "user_permissions": []}}, {"model": "auth.user", "pk": 9, "fields": {"password": "pbkdf2_sha256$260000$aFYWzqxsaUiBdv2fIPbFtb$gMYZAjYqqRX9/NvspdGoGNo5gtKORJDfM1xje9cDx88=", "last_login": "2023-02-26T19:27:13.040Z", "is_superuser": false, "username": "rayhan@gmail.com", "first_name": "Md", "last_name": "Rayhan", "email": "rayhan@gmail.com", "is_staff": false, "is_active": true, "date_joined": "2023-02-26T18:23:27.059Z", "groups": [], "user_permissions": []}}, {"model": "auth.user", "pk": 10, "fields": {"password": "pbkdf2_sha256$260000$zttPqWdtodNR0f4zZCwl3L$mPBTkW9RfzR1O+UPhDMvcKimWfSjX7L0UONZI/RSbdg=", "last_login": "2023-02-26T18:25:12.568Z", "is_superuser": false, "username": "jakaria@gmail.com", "first_name": "Jakaria", "last_name": "Hossain", "email": "jakaria@gmail.com", "is_staff": false, "is_active": true, "date_joined": "2023-02-26T18:25:12.289Z", "groups": [], "user_permissions": []}}, {"model": "auth.user", "pk": 11, "fields": {"password": "pbkdf2_sha256$260000$HCMY7yER7rg3bTJk9EIrqq$fuXoU9PdwqTVEVvZBzFEEMTmU0tS6exvH7If17F9jjw=", "last_login": "2023-02-26T19:17:24.180Z", "is_superuser": false, "username": "robiul@gmail.com", "first_name": "Robiul Islam", "last_name": "Rasel", "email": "robiul@gmail.com", "is_staff": false, "is_active": true, "date_joined": "2023-02-26T19:17:23.878Z", "groups": [], "user_permissions": []}}, {"model": "auth.user", "pk": 12, "fields": {"password": "pbkdf2_sha256$260000$cw9EjiBZmkQvFtU4lux1ng$QoRogXeimMwO4fmffheNiLxgW8AbUSsRcxbeL/X+c1Q=", "last_login": "2023-02-26T19:20:46.278Z", "is_superuser": false, "username": "sumon@gmail.com", "first_name": "Sb", "last_name": "Sumon", "email": "sumon@gmail.com", "is_staff": false, "is_active": true, "date_joined": "2023-02-26T19:20:46.025Z", "groups": [], "user_permissions": []}}, {"model": "auth.user", "pk": 13, "fields": {"password": "pbkdf2_sha256$260000$lbQKWFQI8c2SJu5ZBAnXXr$4p5s7u/aBWRXSCXyXdElsTSwk4DnbI1PImVYWmy9JmE=", "last_login": "2023-03-03T16:57:06.319Z", "is_superuser": false, "username": "justabdulazim@gmail.com", "first_name": "Abdul_Azim", "last_name": " ", "email": "justabdulazim@gmail.com", "is_staff": false, "is_active": true, "date_joined": "2023-02-28T04:21:21.440Z", "groups": [], "user_permissions": []}}, {"model": "auth.user", "pk": 14, "fields": {"password": "pbkdf2_sha256$260000$ogIEs3XIAJGLOLD2JAz4cI$B3L6O7Vu2uBXD3kOleXK2taVy8SjmdH9DEl+IpqOKaw=", "last_login": "2023-02-28T14:54:37.998Z", "is_superuser": false, "username": "parvezkamaly17@gmail.com", "first_name": "Md. Parvez", "last_name": "Kamaly", "email": "parvezkamaly17@gmail.com", "is_staff": false, "is_active": true, "date_joined": "2023-02-28T13:53:54.352Z", "groups": [], "user_permissions": []}}, {"model": "auth.user", "pk": 15, "fields": {"password": "pbkdf2_sha256$260000$OthTVsB8jJeHIbK7ueAX1I$BN8rt810oaAtf/w1tgkA0GSxSb/LxucE7B+6iTvEm1s=", "last_login": "2023-02-28T14:20:31.349Z", "is_superuser": false, "username": "dasanimesh550@gmail.com", "first_name": "Animesh", "last_name": "Das", "email": "dasanimesh550@gmail.com", "is_staff": false, "is_active": true, "date_joined": "2023-02-28T14:20:30.936Z", "groups": [], "user_permissions": []}}, {"model": "auth.user", "pk": 16, "fields": {"password": "pbkdf2_sha256$260000$sUy0y3JxUHwGaUq2X4NQOX$AxXfr2a6mmtNJ4u2O/bYyv05eweC/2x/022NwdeyS/0=", "last_login": "2023-02-28T14:42:20.116Z", "is_superuser": false, "username": "marufchy969@gmail.com", "first_name": "Maruf", "last_name": "Chowdhury", "email": "marufchy969@gmail.com", "is_staff": false, "is_active": true, "date_joined": "2023-02-28T14:29:35.592Z", "groups": [], "user_permissions": []}}, {"model": "auth.user", "pk": 17, "fields": {"password": "pbkdf2_sha256$260000$3aCYWgQXq2kjvPhnXswMvd$IisruoT0vSNmu5w6XprJk4Y1c4CpWUPlD/lktWCfOpU=", "last_login": "2023-03-02T06:35:02.791Z", "is_superuser": false, "username": "ah5175584@gmail.com", "first_name": "Altaf", "last_name": "Hussain", "email": "ah5175584@gmail.com", "is_staff": false, "is_active": true, "date_joined": "2023-02-28T14:32:28.178Z", "groups": [], "user_permissions": []}}, {"model": "auth.user", "pk": 18, "fields": {"password": "pbkdf2_sha256$260000$EoO5w0lXA5OihofK7Xr6uS$7yLXloyZf8FET6uS8nCptjG4SiNVIJpHw1X6L93VcDQ=", "last_login": "2023-02-28T14:41:31.241Z", "is_superuser": false, "username": "farukseceee@gmail.com", "first_name": "Omor", "last_name": "Faruk", "email": "farukseceee@gmail.com", "is_staff": false, "is_active": true, "date_joined": "2023-02-28T14:41:30.974Z", "groups": [], "user_permissions": []}}, {"model": "auth.user", "pk": 19, "fields": {"password": "pbkdf2_sha256$260000$AgmIWFuQzQGl4u9cY0h438$fWslnsOuIs3FommtAyJXwMAwfimj1MpTF8yV7C2vrgk=", "last_login": "2023-02-28T14:50:05.959Z", "is_superuser": false, "username": "pronaynandi73895@gmail.com", "first_name": "Durbar ", "last_name": "Nandi", "email": "pronaynandi73895@gmail.com", "is_staff": false, "is_active": true, "date_joined": "2023-02-28T14:50:05.645Z", "groups": [], "user_permissions": []}}, {"model": "auth.user", "pk": 20, "fields": {"password": "pbkdf2_sha256$260000$zaYIdAqO99WrHByCqJLPY8$3Sh1yIiu6+RZfVlvHDVFiulBR3+CdkS6mQ+m4jiTV9k=", "last_login": "2023-02-28T14:50:56.394Z", "is_superuser": false, "username": "swad2408@gmail.com", "first_name": "Tahmidur", "last_name": "Rahman", "email": "swad2408@gmail.com", "is_staff": false, "is_active": true, "date_joined": "2023-02-28T14:50:56.094Z", "groups": [], "user_permissions": []}}, {"model": "auth.user", "pk": 21, "fields": {"password": "pbkdf2_sha256$260000$jsmli54mDxNeQghMdLucau$8hM8HxOoetzMS8MfKh3ErHMyGCjTEG/fb9NYGF8RL5A=", "last_login": "2023-02-28T14:57:31.069Z", "is_superuser": false, "username": "hamidurrahman2686@gmail.com", "first_name": "Hamidur", "last_name": "Rahman", "email": "hamidurrahman2686@gmail.com", "is_staff": false, "is_active": true, "date_joined": "2023-02-28T14:53:10.579Z", "groups": [], "user_permissions": []}}, {"model": "auth.user", "pk": 22, "fields": {"password": "pbkdf2_sha256$260000$eXhNJf2N21NtLK9nEhn6bn$3YNoXi0EHPeXM9yOl0Fwhslng7S+bs0DOoN4v7aCOys=", "last_login": "2023-02-28T14:55:55.062Z", "is_superuser": false, "username": "nusaibanbh1113@gmail.com", "first_name": "Nusaiba ", "last_name": "Binte Habib ", "email": "nusaibanbh1113@gmail.com", "is_staff": false, "is_active": true, "date_joined": "2023-02-28T14:55:54.839Z", "groups": [], "user_permissions": []}}, {"model": "auth.user", "pk": 23, "fields": {"password": "pbkdf2_sha256$260000$ghv3jMrjB0WYkY5wQNfFDL$CvAOA4/qwbL587WmOku7c8WN9ddZdFPdiMLpiZef8NY=", "last_login": "2023-02-28T16:18:57.473Z", "is_superuser": false, "username": "masukbillah885@gmail.com", "first_name": "Masuk", "last_name": "Billah", "email": "masukbillah885@gmail.com", "is_staff": false, "is_active": true, "date_joined": "2023-02-28T15:01:53.901Z", "groups": [], "user_permissions": []}}, {"model": "auth.user", "pk": 24, "fields": {"password": "pbkdf2_sha256$260000$vystI9yexijF6dSvGFSYQ1$aXMp7NFi9nhoU//uGjGnCDZTsyUL2DD2Of7SMVlWB7w=", "last_login": "2023-02-28T15:03:52.274Z", "is_superuser": false, "username": "abirsenrudra2@gmail.com", "first_name": "Abir", "last_name": "Sen", "email": "abirsenrudra2@gmail.com", "is_staff": false, "is_active": true, "date_joined": "2023-02-28T15:03:51.708Z", "groups": [], "user_permissions": []}}, {"model": "auth.user", "pk": 25, "fields": {"password": "pbkdf2_sha256$260000$SklJe5IlHzozXq0y7yC8QU$ec+w6y2y2UamNWw8v2xN5YCYmr1zrYhyUBxNUBkgfuA=", "last_login": "2023-03-01T04:04:17.755Z", "is_superuser": false, "username": "tarequemahmud313@gmail.com", "first_name": "Tareque ", "last_name": "Mahmud ", "email": "tarequemahmud313@gmail.com", "is_staff": false, "is_active": true, "date_joined": "2023-02-28T15:11:54.759Z", "groups": [], "user_permissions": []}}, {"model": "auth.user", "pk": 26, "fields": {"password": "pbkdf2_sha256$260000$EqSqNUBijRIqAEmSgz3SO8$PDkV2BtbY6cAqHyLGPEeDcYB750DMBXBzvNnqQ1ybWo=", "last_login": "2023-02-28T15:29:17.599Z", "is_superuser": false, "username": "shafimafithetwins@gmail.com", "first_name": "Shafi & Mafi", "last_name": "522 & 504", "email": "shafimafithetwins@gmail.com", "is_staff": false, "is_active": true, "date_joined": "2023-02-28T15:29:16.678Z", "groups": [], "user_permissions": []}}, {"model": "auth.user", "pk": 27, "fields": {"password": "pbkdf2_sha256$260000$Ymtn4V2F7jBuJr332q6k89$8wf4oew8xRiBYj9H5+5bT0jSzR/xAvi3sazjzRM7JcM=", "last_login": "2023-02-28T17:43:28.805Z", "is_superuser": false, "username": "esrailbblhs@gmail.com", "first_name": "Esrail", "last_name": "Haque", "email": "esrailbblhs@gmail.com", "is_staff": false, "is_active": true, "date_joined": "2023-02-28T16:12:14.625Z", "groups": [], "user_permissions": []}}, {"model": "auth.user", "pk": 28, "fields": {"password": "pbkdf2_sha256$260000$oKfKg7d4cfbnk94wzqiv8b$SgdzLAPV9PkJfiiHqoE0A6NCDoxI3N6BfGLf2QSlyv4=", "last_login": "2023-02-28T16:32:10.455Z", "is_superuser": false, "username": "samiaakterpriya2000@gmail.com", "first_name": "Samia ", "last_name": "Priya ", "email": "samiaakterpriya2000@gmail.com", "is_staff": false, "is_active": true, "date_joined": "2023-02-28T16:32:10.062Z", "groups": [], "user_permissions": []}}, {"model": "auth.user", "pk": 29, "fields": {"password": "pbkdf2_sha256$260000$cKzJhfjYz8KIqIe066j5lm$PWTBdHFo7x4Jmm0fHC/Hu0BGRJoow5/X/zMQ+STB2W0=", "last_login": "2023-02-28T16:36:36.294Z", "is_superuser": false, "username": "abdullahabuhabib@gmail.com", "first_name": "Abdullah Abu", "last_name": "Habib", "email": "abdullahabuhabib@gmail.com", "is_staff": false, "is_active": true, "date_joined": "2023-02-28T16:36:35.921Z", "groups": [], "user_permissions": []}}, {"model": "auth.user", "pk": 30, "fields": {"password": "pbkdf2_sha256$260000$XpRGzhbGxrWN3R4Ppda8k7$XtA019+twg+uzNcziV/3vvATjXBAN1lrrMM3XW6BdGg=", "last_login": "2023-03-01T07:02:22.107Z", "is_superuser": false, "username": "scmihad.ac@gmail.com", "first_name": "Sadman Chowdhury", "last_name": "Mihad", "email": "scmihad.ac@gmail.com", "is_staff": false, "is_active": true, "date_joined": "2023-02-28T17:58:59.386Z", "groups": [], "user_permissions": []}}, {"model": "auth.user", "pk": 31, "fields": {"password": "pbkdf2_sha256$260000$isgbXVYP1ci14399DxO4Cd$RZbOCJ7oe1l/MAIolXY4lyDmxgy9rsufiPvgCKy7QMU=", "last_login": "2023-03-01T17:19:55.197Z", "is_superuser": false, "username": "afa.mahi02@gmail.com", "first_name": "Ali Farhan", "last_name": "Ahmad", "email": "afa.mahi02@gmail.com", "is_staff": false, "is_active": true, "date_joined": "2023-03-01T04:03:50.877Z", "groups": [], "user_permissions": []}}, {"model": "auth.user", "pk": 32, "fields": {"password": "pbkdf2_sha256$260000$8bp2tXrV6LWMzvgK1uz2ob$Fq5wscRl1oVi7O40GAxzHTrgHU0sRSEDJVjNqHsPZI8=", "last_login": "2023-03-01T05:09:18.917Z", "is_superuser": false, "username": "keysenov818@gmail.com", "first_name": "Saad_Muhammad", "last_name": "Saadman", "email": "keysenov818@gmail.com", "is_staff": false, "is_active": true, "date_joined": "2023-03-01T05:09:18.659Z", "groups": [], "user_permissions": []}}, {"model": "auth.user", "pk": 33, "fields": {"password": "pbkdf2_sha256$260000$1kc3IIxsy7l3RpG0FAevMk$XA5PAAS0wWrgySsxKYiEY/Ss5edtAbhwpr+gfhIHTI4=", "last_login": "2023-03-01T07:01:16.362Z", "is_superuser": false, "username": "rihasiddika@gmail.com", "first_name": "Ayesha Siddika ", "last_name": "Riha", "email": "rihasiddika@gmail.com", "is_staff": false, "is_active": true, "date_joined": "2023-03-01T07:01:16.082Z", "groups": [], "user_permissions": []}}, {"model": "auth.user", "pk": 34, "fields": {"password": "pbkdf2_sha256$260000$jSSPqih6Twzir7Ogb7KBaS$sBcLY0sVVfQL40KIPm5zNvwejzzVb2uUnwsQwQrb/5Q=", "last_login": "2023-03-01T07:05:00.634Z", "is_superuser": false, "username": "adnanjahid420@gmail.com", "first_name": "Jahid", "last_name": "Hasan", "email": "adnanjahid420@gmail.com", "is_staff": false, "is_active": true, "date_joined": "2023-03-01T07:05:00.281Z", "groups": [], "user_permissions": []}}, {"model": "contenttypes.contenttype", "pk": 1, "fields": {"app_label": "admin", "model": "logentry"}}, {"model": "contenttypes.contenttype", "pk": 2, "fields": {"app_label": "auth", "model": "permission"}}, {"model": "contenttypes.contenttype", "pk": 3, "fields": {"app_label": "auth", "model": "group"}}, {"model": "contenttypes.contenttype", "pk": 4, "fields": {"app_label": "auth", "model": "user"}}, {"model": "contenttypes.contenttype", "pk": 5, "fields": {"app_label": "contenttypes", "model": "contenttype"}}, {"model": "contenttypes.contenttype", "pk": 6, "fields": {"app_label": "sessions", "model": "session"}}, {"model": "contenttypes.contenttype", "pk": 7, "fields": {"app_label": "tasks", "model": "group"}}, {"model": "contenttypes.contenttype", "pk": 8, "fields": {"app_label": "tasks", "model": "task"}}, {"model": "contenttypes.contenttype", "pk": 9, "fields": {"app_label": "tasks", "model": "work"}}, {"model": "contenttypes.contenttype", "pk": 10, "fields": {"app_label": "tasks", "model": "workattachment"}}, {"model": "contenttypes.contenttype", "pk": 11, "fields": {"app_label": "tasks", "model": "taskattachment"}}, {"model": "contenttypes.contenttype", "pk": 12, "fields": {"app_label": "weekly_test", "model": "answersheet"}}, {"model": "contenttypes.contenttype", "pk": 13, "fields": {"app_label": "weekly_test", "model": "weeklytest"}}, {"model": "contenttypes.contenttype", "pk": 14, "fields": {"app_label": "weekly_test", "model": "question"}}, {"model": "contenttypes.contenttype", "pk": 15, "fields": {"app_label": "weekly_test", "model": "mcqoption"}}, {"model": "contenttypes.contenttype", "pk": 16, "fields": {"app_label": "weekly_test", "model": "mcqanswer"}}, {"model": "contenttypes.contenttype", "pk": 17, "fields": {"app_label": "weekly_test", "model": "descriptiveanswer"}}, {"model": "contenttypes.contenttype", "pk": 18, "fields": {"app_label": "classroom", "model": "assignment"}}, {"model": "contenttypes.contenttype", "pk": 19, "fields": {"app_label": "classroom", "model": "classroom"}}, {"model": "contenttypes.contenttype", "pk": 20, "fields": {"app_label": "classroom", "model": "classroompost"}}, {"model": "contenttypes.contenttype", "pk": 21, "fields": {"app_label": "classroom", "model": "posttopic"}}, {"model": "contenttypes.contenttype", "pk": 22, "fields": {"app_label": "classroom", "model": "postattachment"}}, {"model": "contenttypes.contenttype", "pk": 23, "fields": {"app_label": "classroom", "model": "comment"}}, {"model": "contenttypes.contenttype", "pk": 24, "fields": {"app_label": "classroom", "model": "assignmentattachment"}}, {"model": "contenttypes.contenttype", "pk": 25, "fields": {"app_label": "classroom", "model": "assessmentmeta"}}, {"model": "contenttypes.contenttype", "pk": 26, "fields": {"app_label": "classroom", "model": "assessment"}}, {"model": "contenttypes.contenttype", "pk": 27, "fields": {"app_label": "accounts", "model": "account"}}, {"model": "contenttypes.contenttype", "pk": 28, "fields": {"app_label": "weeklies", "model": "weekly"}}, {"model": "contenttypes.contenttype", "pk": 29, "fields": {"app_label": "weeklies", "model": "preclasstutorial"}}, {"model": "contenttypes.contenttype", "pk": 30, "fields": {"app_label": "weeklies", "model": "preclassfile"}}, {"model": "contenttypes.contenttype", "pk": 31, "fields": {"app_label": "weeklies", "model": "postclasstutorial"}}, {"model": "contenttypes.contenttype", "pk": 32, "fields": {"app_label": "weeklies", "model": "postclassfile"}}, {"model": "contenttypes.contenttype", "pk": 33, "fields": {"app_label": "weeklies", "model": "inclasstutorial"}}, {"model": "contenttypes.contenttype", "pk": 34, "fields": {"app_label": "weeklies", "model": "inclassfile"}}, {"model": "contenttypes.contenttype", "pk": 35, "fields": {"app_label": "weeklies", "model": "forumpost"}}, {"model": "contenttypes.contenttype", "pk": 36, "fields": {"app_label": "classroom", "model": "congratulation"}}, {"model": "sessions.session", "pk": "06gfd4wx3yo6bg5hu4i50tmcze2nlrf0", "fields": {"session_data": ".eJxVjMsOwiAQRf-FtSEDUx66dN9vIAMMUjU0Ke3K-O_apAvd3nPOfYlA21rD1nkJUxYXgSBOv2Ok9OC2k3yndptlmtu6TFHuijxol-Oc-Xk93L-DSr1-a07elZK8YiLF0SVVzqokZ5QGwOyIGa332lqdCYtDZRAABgC26M0g3h8ikzeW:1pX4Ff:2sRlckPvEK-woBlMz9eCjDcOvfWXCJO6Bku2i7jIf60", "expire_date": "2023-03-14T17:58:59.750Z"}}, {"model": "sessions.session", "pk": "1em2pn0c87lqxjqpiapesqjw0ur50qke", "fields": {"session_data": ".eJxVjEEOwiAQRe_C2hCgQBmX7j0DmYFBqoYmpV0Z765NutDtf-_9l4i4rTVunZc4ZXEWgxan35EwPbjtJN-x3WaZ5rYuE8ldkQft8jpnfl4O9--gYq_fGh2GwSjAoNEkxmI0ccreBc3BAyhtCQFozIwWlCFlR6-0KeSJrCvi_QEObTgm:1pXQ7P:FumC6CLBpHELPUTYDrK25ckOfyJ8ru-afL48Lvm7Wyo", "expire_date": "2023-03-15T17:19:55.206Z"}}, {"model": "sessions.session", "pk": "1yha8ohj3fnx5v18xucuxj79grbshqjv", "fields": {"session_data": ".eJxVjEsOwiAUAO_C2pBC-bp03zOQB-8hVQNJaVfGuxuSLnQ7M5k3C3DsJRydtrAiuzJh2eUXRkhPqsPgA-q98dTqvq2Rj4SftvOlIb1uZ_s3KNDL-GrISoPzWSYlM4qsBJGiPJNJKG2MUqBXxuFkZg_ktAJASvPkrHVg2OcLJHQ4ow:1pX11o:eGXzWl2nsLOgVjWFHElnkUnbW8g4LbR7-KiZva1mOcs", "expire_date": "2023-03-14T14:32:28.576Z"}}, {"model": "sessions.session", "pk": "3k2h8s7iccg3sm3aaj2o7g1k5w1k6q2k", "fields": {"session_data": ".eJxVjDkOwjAUBe_iGlnebSjpcwbrLzYOoESKkwpxd4iUAto3M-8lMmxry1svSx5ZXISJ4vQ7ItCjTDvhO0y3WdI8rcuIclfkQbscZi7P6-H-HTTo7Vt7KjUGrW1AxJpYU2JgtEqjO_vkjMHA3jgTmYoC0N4m8FVZF6loS-L9ARy_OE8:1pX2aN:gp-GTt3EpMOeH_jhMpl8JMPh0YxHI-uKesEmISPNkOA", "expire_date": "2023-03-14T16:12:15.078Z"}}, {"model": "sessions.session", "pk": "4kqcx7d23q03vlw1uy4fluwr62y9difr", "fields": {"session_data": ".eJxVjEEOwiAQRe_C2hCgQBmX7j0DmYFBqoYmpV0Z765NutDtf-_9l4i4rTVunZc4ZXEWgxan35EwPbjtJN-x3WaZ5rYuE8ldkQft8jpnfl4O9--gYq_fGh2GwSjAoNEkxmI0ccreBc3BAyhtCQFozIwWlCFlR6-0KeSJrCvi_QEObTgm:1pXDh1:o8z9dnkwaufNxOqWNFYdLnHQqDJZCzWnSMN1uI3wuJs", "expire_date": "2023-03-15T04:03:51.162Z"}}, {"model": "sessions.session", "pk": "4tfp1j8hxurc22usndmmca3xtj0w7pno", "fields": {"session_data": ".eJxVjMEOwiAQRP-FsyGwS6B69O43kIVdpGpoUtqT8d9tkx50jvPezFtFWpca1y5zHFldlEV1-i0T5ae0nfCD2n3SeWrLPCa9K_qgXd8mltf1cP8OKvW6rYGMJLDFnBF4i_dgB0wegvUuiLjgGV1JGQQLI5RsPQfhknkgQ6w-XwqXOOc:1pWrVP:5hHfE9Urg_CPpglM7r-oBa1Gwqp__Kr1cegfWcslQ5o", "expire_date": "2023-03-14T04:22:23.585Z"}}, {"model": "sessions.session", "pk": "4tq7bslggf8usqhq82mdm3tnjs4kuwae", "fields": {"session_data": ".eJxVjEEOwiAQRe_C2hAYS0GX7nsGMsMMUjU0Ke3KeHfbpAvdvvf-f6uI61Li2mSOI6urOoM6_ULC9JS6G35gvU86TXWZR9J7og_b9DCxvG5H-3dQsJVtTcSEhiFLdpSYPYIPtnMmGWMlULahZ5uFhT07T9BbSHDxZChsrFOfL0mcOXM:1pXEiM:jXBYnI6-w-H9noyN3G6KHQv_GldwSjUTOLN7h8MP1l0", "expire_date": "2023-03-15T05:09:18.924Z"}}, {"model": "sessions.session", "pk": "5s7sjmw2lo46tkcn1l49fip451n52mob", "fields": {"session_data": ".eJxVjEsOwiAUAO_C2pBC-bp03zOQB-8hVQNJaVfGuxuSLnQ7M5k3C3DsJRydtrAiuzJh2eUXRkhPqsPgA-q98dTqvq2Rj4SftvOlIb1uZ_s3KNDL-GrISoPzWSYlM4qsBJGiPJNJKG2MUqBXxuFkZg_ktAJASvPkrHVg2OcLJHQ4ow:1pXcWs:vtB-yGwzP214NzoHdtJQERoata8D5I9VBZYAr1l1q2s", "expire_date": "2023-03-16T06:35:02.808Z"}}, {"model": "sessions.session", "pk": "9ldbv9mk8jvrfxkn6f58bwdpe3jz4ycb", "fields": {"session_data": ".eJxVjEEOwiAQRe_C2hBpoR1cuu8ZyAwzSNVAUtqV8e7apAvd_vfef6mA25rD1mQJM6uLMur0uxHGh5Qd8B3LrepYy7rMpHdFH7TpqbI8r4f7d5Cx5W_dsyMjAwJGGgnEAHAin5x0g7VsxfcChsH5FNHbEZKcpWckBt8xefX-AAzfORk:1pX3zI:bZA3iyBS68zTjtkTnWISmu2tbQmlBWNedsVguKcpu2o", "expire_date": "2023-03-14T17:42:04.272Z"}}, {"model": "sessions.session", "pk": "9qxzfjlm136yla0sxj8g433wtf3wbgko", "fields": {"session_data": ".eJxVjDsOwyAQRO9CHSEBXj4p0-cMaFnWwUkEkrErK3ePLblIminmvZlNRFyXEtfOc5yyuArlxeW3TEgvrgfJT6yPJqnVZZ6SPBR50i7vLfP7drp_BwV72decQGellfUJwGllvE178EAGKFDwowpp0I4ZGcA4JAoZM6lgzRjYic8X9zc4Hw:1pX1AZ:wotoP_sANHn4k40ud3VQOcOJIZTGbutsASGJ_Z2YbKc", "expire_date": "2023-03-14T14:41:31.249Z"}}, {"model": "sessions.session", "pk": "aauesejdi1f4ge91ddnffkjax5xg5sum", "fields": {"session_data": ".eJxVjDsOwjAQBe_iGln-r6Gkzxms3fWGBFAixUmFuDtESgHtm5n3UgW3dShbk6WMVV2Ujer0OxLyQ6ad1DtOt1nzPK3LSHpX9EGb7uYqz-vh_h0M2IZvHbhHAvYBz9kDOx-kGgxkgaONmHqCmpMDAKEkrs82BwaLyRiKxnv1_gAUfzfO:1pX0qF:Tc24IFJ69Jx3nJ84h9m8JIm4A8Sl4KAi64dYGW9k_Uk", "expire_date": "2023-03-14T14:20:31.366Z"}}, {"model": "sessions.session", "pk": "azw7alzzu03tma01iqsnodojm0f7u5gv", "fields": {"session_data": ".eJxVjEEOwiAQRe_C2hAYaQdcuu8ZyMCAVA0kpV0Z765NutDtf-_9l_C0rcVvPS1-ZnERIE6_W6D4SHUHfKd6azK2ui5zkLsiD9rl1Dg9r4f7d1Col2-NbBiMxeFsSRmdWQO4MVrImJljIHZmhIDKckpOG6UGHRExo8sAwYj3B9XIN4I:1pT1c3:fI48E14J8g7yAWfEKwM-BVGVoYcM2KAO_3HXqSMLmzk", "expire_date": "2023-03-03T14:21:23.827Z"}}, {"model": "sessions.session", "pk": "b5nw8p80lgiuu38xhycuh5xnhkc0odpv", "fields": {"session_data": ".eJxVjEEOwiAQRe_C2hBpoR1cuu8ZyAwzSNVAUtqV8e7apAvd_vfef6mA25rD1mQJM6uLMur0uxHGh5Qd8B3LrepYy7rMpHdFH7TpqbI8r4f7d5Cx5W_dsyMjAwJGGgnEAHAin5x0g7VsxfcChsH5FNHbEZKcpWckBt8xefX-AAzfORk:1pW1yP:uKi-chEhsZYaA5nM79qevDpDWrG1flipdu6PlqBDkOI", "expire_date": "2023-03-11T21:20:53.740Z"}}, {"model": "sessions.session", "pk": "be6j3mj8z5oeg9540raezp6dfckoevh2", "fields": {"session_data": ".eJxVjMsOwiAUBf-FtSFQLqV16d5vaO4DpGogKe3K-O_apAvdnpk5LzXhtuZpa3GZZlFnZdXpdyPkRyw7kDuWW9Vcy7rMpHdFH7Tpa5X4vBzu30HGlr81GUSLBkYRsNEzhkRMknon4JiIPIUENCKwh950LMZFGkJ0gkOXrHp_ACILOWA:1pXinz:bB_Uq0ry9CH8p8vC3qMDrjqd5x05Znjn1KAHD7oOt2c", "expire_date": "2023-03-16T13:17:07.758Z"}}, {"model": "sessions.session", "pk": "besi01z46rrfsl8r7wrxa35jasnpywer", "fields": {"session_data": ".eJxVjEEOwiAQRe_C2hBpoR1cuu8ZyAwzSNVAUtqV8e7apAvd_vfef6mA25rD1mQJM6uLMur0uxHGh5Qd8B3LrepYy7rMpHdFH7TpqbI8r4f7d5Cx5W_dsyMjAwJGGgnEAHAin5x0g7VsxfcChsH5FNHbEZKcpWckBt8xefX-AAzfORk:1pW0Ti:M-omFjgwBaJ0tVoxW9OkCD-Cd6_TU5lVYx2R2uXfu9k", "expire_date": "2023-03-11T19:45:06.702Z"}}, {"model": "sessions.session", "pk": "bsynowsor8fmlog2s9exdjzgj91i7z32", "fields": {"session_data": ".eJxVjEsOwjAMBe-SNYrsuGkbluw5Q2XXDimgVupnhbg7VOoCtm9m3st1vK2l2xabu0Hd2YXoTr-jcP-wcSd65_E2-X4a13kQvyv-oIu_TmrPy-H-HRReyrfmJDE2jEAi0HJEshoaNouELEyaLXMNBDkDJcSUqqaFoJUGxKrt3fsDCz03tw:1pX1dz:ofn3imsG6kfDlUBteJafRHmABLhX1LgZAK-VTK8bonA", "expire_date": "2023-03-14T15:11:55.131Z"}}, {"model": "sessions.session", "pk": "damjp8ch74u7wzm15y9fyjv1c23k9xki", "fields": {"session_data": ".eJxVjEEOwiAQRe_C2pDCAKUu3fcMzcAMUjWQlHZlvLtt0oVu33v_v8WE25qnrfEyzSSuAoy4_MKA8cnlMPTAcq8y1rIuc5BHIk_b5FiJX7ez_TvI2PK-jnqwniEFhdEqp90ANvXKgCN0BGx6YIjdjj1xYu9i11HQBnxAr10Qny_9IDfe:1pXGWK:F6XLKE8xtdxVrXvQMZo_QVlkgvCNgVpuHODj7KFK0iw", "expire_date": "2023-03-15T07:05:00.641Z"}}, {"model": "sessions.session", "pk": "e0uznhnjng6dcr1r7lp0i7fh286jmr6e", "fields": {"session_data": ".eJxVjMsOwiAQRf-FtSFTYAZw6b7fQIaHUjU0Ke3K-O_apAvd3nPOfYnA21rD1ssSpizOQmlx-h0jp0dpO8l3brdZprmtyxTlrsiDdjnOuTwvh_t3ULnXb82UDBGo4jJZT6h0tIDIOns_GLCOoPCVVEGLzlmj0fqYBgBA74zR4v0B0Js2Dw:1pX1Xh:ArLjJQPUdJ1sPRTiVo-IcZUK9aTeB0z9VOe_cAE_V9g", "expire_date": "2023-03-14T15:05:25.504Z"}}, {"model": "sessions.session", "pk": "f3655hnjufq0fprlbyn62fnuiudjocrr", "fields": {"session_data": ".eJxVjEEOwiAQRe_C2hBpoR1cuu8ZyAwzSNVAUtqV8e7apAvd_vfef6mA25rD1mQJM6uLMur0uxHGh5Qd8B3LrepYy7rMpHdFH7TpqbI8r4f7d5Cx5W_dsyMjAwJGGgnEAHAin5x0g7VsxfcChsH5FNHbEZKcpWckBt8xefX-AAzfORk:1pU8dm:KxFXulowzTMfLSEUodGE3_qnbTgXC4bjEaxR0OtkR4s", "expire_date": "2023-03-06T16:03:46.789Z"}}, {"model": "sessions.session", "pk": "f58qrqsaucdn95pb5l4rntr3cw2jyk7z", "fields": {"session_data": ".eJxVjEsOgzAMBe-SdRVBDE7SZfecARnbNLRVIvFZVb17QWLRbmfmvbfpaVtTvy0695OYq3Hm8ssG4qfmQ8iD8r1YLnmdp8EeiT3tYrsi-rqd7d9BoiXt60BtBcTVyBwbHaPGcUcBkbCONaj4RgjEBw-KyNx4J9pCAIfqgdV8vvUuOCM:1pWUse:Uf65yKN2qzufCzQ2yC5KEcfBocIPzwNdsAZMTuPJvx4", "expire_date": "2023-03-13T04:12:52.418Z"}}, {"model": "sessions.session", "pk": "g7qcysh9lsxz2le8o1ysjnof23lkv7fr", "fields": {"session_data": ".eJxVjEEOwiAQRe_C2hBpoR1cuu8ZyAwzSNVAUtqV8e7apAvd_vfef6mA25rD1mQJM6uLMur0uxHGh5Qd8B3LrepYy7rMpHdFH7TpqbI8r4f7d5Cx5W_dsyMjAwJGGgnEAHAin5x0g7VsxfcChsH5FNHbEZKcpWckBt8xefX-AAzfORk:1pUE8V:tGxzdaBPNCMkM0kVfeEwTq-6NA58dcD4vUs-h0ud_8A", "expire_date": "2023-03-06T21:55:51.896Z"}}, {"model": "sessions.session", "pk": "hfbd8vj292ek66eudcpbkd7h4ewzrtow", "fields": {"session_data": ".eJxVjEsOgzAMBe-SdRVBDE7SZfecARnbNLRVIvFZVb17QWLRbmfmvbfpaVtTvy0695OYq3Hm8ssG4qfmQ8iD8r1YLnmdp8EeiT3tYrsi-rqd7d9BoiXt60BtBcTVyBwbHaPGcUcBkbCONaj4RgjEBw-KyNx4J9pCAIfqgdV8vvUuOCM:1pTUu1:suhYQWtnHPWWDSZUSiBS6ucHl5XCwSnMtwyaBGPGXcQ", "expire_date": "2023-03-04T21:37:53.307Z"}}, {"model": "sessions.session", "pk": "hr1u3c73sgr09ls53c01t04p0uyuq01p", "fields": {"session_data": ".eJxVjDsOwjAQBe_iGlm7JvGHkj5nsNafxQFkS3FSIe4OkVJA-2bmvYSnbS1-63nxcxIXgVqcfsdA8ZHrTtKd6q3J2Oq6zEHuijxol1NL-Xk93L-DQr18a-BRQyQDIZjk0BkMaIK1PFpLGYgGSzwY0AqZUHMC4xTCmdFlVhbE-wMB7Dei:1pX0z1:JEvHroCJZtNIXaUSTBV7orGVruytJlh3RfNMamNHPBM", "expire_date": "2023-03-14T14:29:35.876Z"}}, {"model": "sessions.session", "pk": "hx0bfv7obwy0kwal2dpo99humpb04le9", "fields": {"session_data": ".eJxVjMsOgjAQRf-la9O0dAaLS_d8QzOPVlADCYWV8d-VhIVu7znnvkyibR3SVvOSRjUX07Tm9DsyySNPO9E7TbfZyjyty8h2V-xBq-1nzc_r4f4dDFSHb90FB5pZtZWIZwBfgBlJmhIiAlGMggjFsccShAlDp9L4WLBzxAzm_QEZ_ziQ:1pX1un:KlCOKQezYLYBpV-vOlcdEGg3qMtNuR7UFSd3Sm_7SlQ", "expire_date": "2023-03-14T15:29:17.617Z"}}, {"model": "sessions.session", "pk": "i6ad3b40v7jx4p1akdahjpraq7gocjn1", "fields": {"session_data": ".eJxVjEEOwiAQRe_C2hBpoR1cuu8ZyAwzSNVAUtqV8e7apAvd_vfef6mA25rD1mQJM6uLMur0uxHGh5Qd8B3LrepYy7rMpHdFH7TpqbI8r4f7d5Cx5W_dsyMjAwJGGgnEAHAin5x0g7VsxfcChsH5FNHbEZKcpWckBt8xefX-AAzfORk:1pX42Q:VePog1tomQcRM_M_wf8pbpn69QkKwklfXMSsVBmWdtc", "expire_date": "2023-03-14T17:45:18.044Z"}}, {"model": "sessions.session", "pk": "i8vvr24bl60nlpxw1i5ryal60eu4dlay", "fields": {"session_data": ".eJxVjMEOwiAQRP-FsyGwS6B69O43kIVdpGpoUtqT8d9tkx50jvPezFtFWpca1y5zHFldlEV1-i0T5ae0nfCD2n3SeWrLPCa9K_qgXd8mltf1cP8OKvW6rYGMJLDFnBF4i_dgB0wegvUuiLjgGV1JGQQLI5RsPQfhknkgQ6w-XwqXOOc:1pY8iQ:YvWcZxWf0ZBxd-PYHo7gjhZ19x7Jmuk0cmLPczESkE0", "expire_date": "2023-03-17T16:57:06.323Z"}}, {"model": "sessions.session", "pk": "iv184kaac9qat68mgft8s4c2fi23trq1", "fields": {"session_data": ".eJxVjMsOwiAQRf-FtSFTYAZw6b7fQIaHUjU0Ke3K-O_apAvd3nPOfYnA21rD1ssSpizOQmlx-h0jp0dpO8l3brdZprmtyxTlrsiDdjnOuTwvh_t3ULnXb82UDBGo4jJZT6h0tIDIOns_GLCOoPCVVEGLzlmj0fqYBgBA74zR4v0B0Js2Dw:1pX2gr:0ep9moVNnr3JXnAuZOKaL2ztrqj-6Uof4A0ZhZsUXiI", "expire_date": "2023-03-14T16:18:57.482Z"}}, {"model": "sessions.session", "pk": "iy9hkfgfpb42ew20is5z3nmikbg6cy8i", "fields": {"session_data": ".eJxVjEEOwiAQRe_C2hBpoR1cuu8ZyAwzSNVAUtqV8e7apAvd_vfef6mA25rD1mQJM6uLMur0uxHGh5Qd8B3LrepYy7rMpHdFH7TpqbI8r4f7d5Cx5W_dsyMjAwJGGgnEAHAin5x0g7VsxfcChsH5FNHbEZKcpWckBt8xefX-AAzfORk:1pZF7U:FCPqG4ENQzJ6mOkJ7SEyJO_zltfusZG9T2vM5YbpopY", "expire_date": "2023-03-20T17:59:32.349Z"}}, {"model": "sessions.session", "pk": "j8ou9ljwvo9rh4sg5w9ve3dpdwt9dvvz", "fields": {"session_data": ".eJxVjDsOwjAQBe_iGlmOfxtT0nMGa73r4ACypTipEHeHSCmgfTPzXiLitpa49bzEmcVZaCVOv2NCeuS6E75jvTVJra7LnOSuyIN2eW2cn5fD_Tso2Mu3DjwaoKCszpqtDdaoSRnvPJIDPzIMAMiAYIIaElHKmhAYvEJnKUzi_QHkHTeu:1pX1Jg:UhAZXbOi6Vuj-jGEr0BcldUH0by3mxXYiWPcD4511UE", "expire_date": "2023-03-14T14:50:56.401Z"}}, {"model": "sessions.session", "pk": "khv0nqs1f78mn1705gvhno6hs3utkvpu", "fields": {"session_data": ".eJxVjMsOwiAQRf-FtSEDUx66dN9vIAMMUjU0Ke3K-O_apAvd3nPOfYlA21rD1nkJUxYXgSBOv2Ok9OC2k3yndptlmtu6TFHuijxol-Oc-Xk93L-DSr1-a07elZK8YiLF0SVVzqokZ5QGwOyIGa332lqdCYtDZRAABgC26M0g3h8ikzeW:1pXGTm:cbrBzi3wGWJ8IfMY_sREIs73KyNKqlYWp6V5YePU6Mo", "expire_date": "2023-03-15T07:02:22.114Z"}}, {"model": "sessions.session", "pk": "kyke5wv0to85t04a2cbq4gcix3ur67tx", "fields": {"session_data": ".eJxVjEEOgjAQRe_StWmmnYKtS_ecgcx0BosaSCisjHdXEha6_e-9_zI9bWvpt6pLP4q5GERz-h2Z8kOnncidptts8zyty8h2V-xBq-1m0ef1cP8OCtXyrdshAWbvMnD02GYfhxB40KgOKTesLiEBOlVUluj4HCQBeYgC4Jpg3h8KDDfn:1pXGSi:214zpTLoO6-z-sY3lOS-b-8hC3UdtiP3QhQaX0LJEbo", "expire_date": "2023-03-15T07:01:16.369Z"}}, {"model": "sessions.session", "pk": "lmyzl3k153xym4qoprih6x3kh2kur5ix", "fields": {"session_data": ".eJxVjEEOwiAQRe_C2hBGBmhduvcMZBimUjU0Ke3KeHfbpAvd_vfef6tI61Li2mSOY1YXFdTpd0vET6k7yA-q90nzVJd5THpX9EGbvk1ZXtfD_Tso1MpWI6K30BsE6XKw5M-OvaU-sSTgPHACx7ajZLMxKBsYGINzjsAHwKA-X9uyN8Y:1pWK69:bzqWBWZLM1nKY81dndklFxTJSOnR9eL3HHKyRLDSiYU", "expire_date": "2023-03-12T16:42:05.970Z"}}, {"model": "sessions.session", "pk": "my7zqjiqtrd1etodyqvlali5hplmcmmd", "fields": {"session_data": ".eJxVjEEOwiAUBe_C2hBoQfgu3XuG5lE-UjWQlHZlvLtt0oVu38y8txiwLnlYG8_DFMVFaBKn3zFgfHLZSXyg3Ksca1nmKchdkQdt8lYjv66H-3eQ0fJWE4XehV5572E7DnDQDqYDjCGtk3JRsdVsEmwCWViG0WdKFIPfLPH5AgV8OGQ:1pX1Ir:DUP5xZRnwUCdIsDCiIU_WTcLPbda4QMmz0in-aTpt98", "expire_date": "2023-03-14T14:50:05.965Z"}}, {"model": "sessions.session", "pk": "nssmcvsp48jrezo3bycjqxsgljekhrg0", "fields": {"session_data": ".eJxVjEEOwiAQRe_C2pACMlCX7nsGMsxMpWpoUtqV8e7apAvd_vfef6mE21rS1mRJE6uLsur0u2Wkh9Qd8B3rbdY013WZst4VfdCmh5nleT3cv4OCrXzrkclhB2w62-cRgvWGHeX-bDwYJxK9CAVwiMLgKAYRMAzomX0kYPX-APKEOJg:1pSkDB:IsOBfolF8mAoY2e-wv3ivdiKtDx-GFE9f9zGu4_-sws", "expire_date": "2023-03-02T19:46:33.947Z"}}, {"model": "sessions.session", "pk": "nxfrvqsv9amrt1d9zctx6gd1k7wia4ys", "fields": {"session_data": ".eJxVjDsOwyAQRO9CHSHzWyBlep8BwbIEJxGWjF1FuXtsyUUy5bw382YhbmsNW6clTJldmZTs8lumiE9qB8mP2O4zx7mty5T4ofCTdj7OmV630_07qLHXfW2IfBaDQq0sggBwzpDSAyRtAKns0VI7KTIkSz75oiIhKRJOgC2Gfb7-2zgh:1pX1OV:Qccu3VrJUihTxFQS4vd-24Hec7WeuQiudiAmQhmkfnU", "expire_date": "2023-03-14T14:55:55.068Z"}}, {"model": "sessions.session", "pk": "ogoms5p1shokzvrkkkrizgo7d4jfgkwp", "fields": {"session_data": ".eJxVjDkOwjAUBe_iGlnebSjpcwbrLzYOoESKkwpxd4iUAto3M-8lMmxry1svSx5ZXISJ4vQ7ItCjTDvhO0y3WdI8rcuIclfkQbscZi7P6-H-HTTo7Vt7KjUGrW1AxJpYU2JgtEqjO_vkjMHA3jgTmYoC0N4m8FVZF6loS-L9ARy_OE8:1pX40e:eia_6Mj9YHo_qZVrnVIwqhzZDNPk9hwo2wVEEwDjJJA", "expire_date": "2023-03-14T17:43:28.849Z"}}, {"model": "sessions.session", "pk": "orma9g124wb5ucrnc66k1bjw19t45v2o", "fields": {"session_data": ".eJxVjEEOwiAQRe_C2hBpoR1cuu8ZyAwzSNVAUtqV8e7apAvd_vfef6mA25rD1mQJM6uLMur0uxHGh5Qd8B3LrepYy7rMpHdFH7TpqbI8r4f7d5Cx5W_dsyMjAwJGGgnEAHAin5x0g7VsxfcChsH5FNHbEZKcpWckBt8xefX-AAzfORk:1pW0FF:1rkcgBtSGl9zJqcvdBkglVU9JJ2mVC2JIiaKZygZ28o", "expire_date": "2023-03-11T19:30:09.910Z"}}, {"model": "sessions.session", "pk": "q3dntyc9p9crjv80ql31gn4k6fi6dcfx", "fields": {"session_data": ".eJxVjDsOwjAQBe_iGlnxJ96Ekj5nsNbrNQ4gW4qTCnF3EikFtG9m3lt43Nbst8aLn6O4Cq3E5XcMSE8uB4kPLPcqqZZ1mYM8FHnSJqca-XU73b-DjC3vdVKuC8MAMKZg0Cgb2ERw1mlLugPQhKB16npy0cHIprfEjClFCrubxOcL94Q4mw:1pX1Lq:Ql3whQZMpbGm-vj-J1aG8Kelp0cv2C8XK5Ehkt8tzTA", "expire_date": "2023-03-14T14:53:10.934Z"}}, {"model": "sessions.session", "pk": "qckfjhu8b6gvbww6ax14dc29z924hdor", "fields": {"session_data": ".eJxVjMsOwiAQRf-FtSHIYwCX7v0GMjAgVQNJaVfGf7dNutDtPefcNwu4LjWsI89hInZh0rHT7xgxPXPbCT2w3TtPvS3zFPmu8IMOfuuUX9fD_TuoOOpW6xRdJCiA6CwBOiykJNgzaKG9KVGDM1ZZaTeshSJ0oCSClzlmIzz7fAEN_zeU:1pX2te:1rd5ej3hXVWCe0m-sOyQF-ZykYP2XDuxGBn6gFQtEZo", "expire_date": "2023-03-14T16:32:10.480Z"}}, {"model": "sessions.session", "pk": "qsg16jfad714ipotiv7phx29mv8xqxgm", "fields": {"session_data": ".eJxVjEsOwjAMBe-SNYrsuGkbluw5Q2XXDimgVupnhbg7VOoCtm9m3st1vK2l2xabu0Hd2YXoTr-jcP-wcSd65_E2-X4a13kQvyv-oIu_TmrPy-H-HRReyrfmJDE2jEAi0HJEshoaNouELEyaLXMNBDkDJcSUqqaFoJUGxKrt3fsDCz03tw:1pXDhR:i0yDeBiJYT0ZBBpQVrAl1wEsHaUXxEYFrDC8RBo8kEE", "expire_date": "2023-03-15T04:04:17.767Z"}}, {"model": "sessions.session", "pk": "qxx8y9jx50nryxp6bno5vq3lq4fuqdtc", "fields": {"session_data": ".eJxVjMEOwiAQRP-FsyGwS6B69O43kIVdpGpoUtqT8d9tkx50jvPezFtFWpca1y5zHFldlEV1-i0T5ae0nfCD2n3SeWrLPCa9K_qgXd8mltf1cP8OKvW6rYGMJLDFnBF4i_dgB0wegvUuiLjgGV1JGQQLI5RsPQfhknkgQ6w-XwqXOOc:1pX1yt:w4YjYuvXLaSg7q-yXJHn3bciCamuWfw65CEJ7EJJY1c", "expire_date": "2023-03-14T15:33:31.714Z"}}, {"model": "sessions.session", "pk": "qyyqy2u30eht3mk6rzexpzjo468c2ca5", "fields": {"session_data": ".eJxVjEEOwiAQRe_C2hBpoR1cuu8ZyAwzSNVAUtqV8e7apAvd_vfef6mA25rD1mQJM6uLMur0uxHGh5Qd8B3LrepYy7rMpHdFH7TpqbI8r4f7d5Cx5W_dsyMjAwJGGgnEAHAin5x0g7VsxfcChsH5FNHbEZKcpWckBt8xefX-AAzfORk:1pWsL4:3YXBwjYFUmhoOJtb3VcUwjPb-5F_LHxS2ZlI68-kv8g", "expire_date": "2023-03-14T05:15:46.176Z"}}, {"model": "sessions.session", "pk": "rh2t6j0knlc170qwrzci7d30euilytes", "fields": {"session_data": ".eJxVjMsOwiAQRf-FtSHA8HTp3m8gM0ClaiAp7cr479qkC93ec859sYjbWuM2yhLnzM4M2Ol3I0yP0naQ79hunafe1mUmviv8oINfey7Py-H-HVQc9VsTICafk8CglXaWrJ8UmVKUcEYHW6RMRF5mSTZI4yyAnwgEOEcWIbD3B-kaN3I:1pXuoh:SVog-p7d1F2H3HY6ewKkCErszR-zcCZnI3_qAzon7no", "expire_date": "2023-03-17T02:06:39.064Z"}}, {"model": "sessions.session", "pk": "rt1h6ntfsop022quqv8nwhbeqpr63yu0", "fields": {"session_data": ".eJxVjDsOwjAQBe_iGln-xD9Kes5g2etdHEC2FCcV4u4QKQW0b2bei8W0rTVuA5c4F3ZmamKn3zEneGDbSbmndusceluXOfNd4Qcd_NoLPi-H-3dQ06jfOlMQ4HxBEg4DgHSIypImCJKEKUQmeFA2WaUoB62VnEQxUhrMWnjJ3h8uBDg9:1pX1WC:MnxIYLjg5OU4JHKmSoMq_TPNbIUnWq_oj44mSb3mnUw", "expire_date": "2023-03-14T15:03:52.281Z"}}, {"model": "sessions.session", "pk": "scgqwyungfv9llcbzh6sjbzctnespt55", "fields": {"session_data": ".eJxVjDsOwjAQBe_iGlnxJ96Ekj5nsNbrNQ4gW4qTCnF3EikFtG9m3lt43Nbst8aLn6O4Cq3E5XcMSE8uB4kPLPcqqZZ1mYM8FHnSJqca-XU73b-DjC3vdVKuC8MAMKZg0Cgb2ERw1mlLugPQhKB16npy0cHIprfEjClFCrubxOcL94Q4mw:1pX1Q3:VJHLN_1fSiVGWIOwH8KdGpUQ4ABYBBGmu6s91sRqQmE", "expire_date": "2023-03-14T14:57:31.082Z"}}, {"model": "sessions.session", "pk": "scj1l2ad0nvhy05eimzkncpi0la104hl", "fields": {"session_data": ".eJxVjMsOwiAQRf-FtSEM5enSvd9AYBikaiAp7cr479qkC93ec859sRC3tYZt0BLmzM4MFDv9jinig9pO8j22W-fY27rMie8KP-jg157peTncv4MaR_3WRFIgeVMIQWIEUF4KEiZqZyBp6wF1Ekr7aQLtrHTOFkwetUeRiiT2_gD-0Tep:1pX0QV:h8nlhwTvXguobWn_YbfiH7Oyqu6mHS-PDVt5frZEeow", "expire_date": "2023-03-14T13:53:55.203Z"}}, {"model": "sessions.session", "pk": "t8w5636vafe08armbmduuaas3qk4ja8n", "fields": {"session_data": ".eJxVjMsOwiAQRf-FtSEM5enSvd9AYBikaiAp7cr479qkC93ec859sRC3tYZt0BLmzM4MFDv9jinig9pO8j22W-fY27rMie8KP-jg157peTncv4MaR_3WRFIgeVMIQWIEUF4KEiZqZyBp6wF1Ekr7aQLtrHTOFkwetUeRiiT2_gD-0Tep:1pX1NG:yABoG2d-S2KmWC7y4wP5d9W_c4D2CT5r7gbrdNC1cYg", "expire_date": "2023-03-14T14:54:38.005Z"}}, {"model": "sessions.session", "pk": "uewazxrf0o0n4swayg8xtvegmyyh6lxx", "fields": {"session_data": ".eJxVjEsOgzAMBe-SdRVBDE7SZfecARnbNLRVIvFZVb17QWLRbmfmvbfpaVtTvy0695OYq3Hm8ssG4qfmQ8iD8r1YLnmdp8EeiT3tYrsi-rqd7d9BoiXt60BtBcTVyBwbHaPGcUcBkbCONaj4RgjEBw-KyNx4J9pCAIfqgdV8vvUuOCM:1pUEEF:Y1zLQFF0M5g3h9SpnuqQg_70hRFXPRI2h5kMc7fjnmk", "expire_date": "2023-03-06T22:01:47.989Z"}}, {"model": "sessions.session", "pk": "ugbtg82xlqsk883ew7anxsugqrjl5u5n", "fields": {"session_data": ".eJxVjDsOwjAQBe_iGln-xVko6XMGa-1d4wCypTipEHeHSCmgfTPzXiLgtpawdV7CTOIirDj9bhHTg-sO6I711mRqdV3mKHdFHrTLqRE_r4f7d1Cwl28d0UZGZ-PA2mWESHQmDwqzGWCExNqbRDTqnDA7b50yAAYUZOuSYi_eHxB8OGI:1pWL2R:SRVfZ02wUTG5Mlib9IfmyiXN9KYhY3wce44ERYxti9M", "expire_date": "2023-03-12T17:42:19.398Z"}}, {"model": "sessions.session", "pk": "vrtvyugahwojzd54nzoc5knlwqdyuan6", "fields": {"session_data": ".eJxVjEEOwiAQRe_C2hBGBmhduvcMZBimUjU0Ke3KeHfbpAvd_vfef6tI61Li2mSOY1YXFdTpd0vET6k7yA-q90nzVJd5THpX9EGbvk1ZXtfD_Tso1MpWI6K30BsE6XKw5M-OvaU-sSTgPHACx7ajZLMxKBsYGINzjsAHwKA-X9uyN8Y:1pY5J3:M6LsH_jDi4O7-yesXFRgGN_X8gc1q5LpFIRgkH3cxC0", "expire_date": "2023-03-17T13:18:41.186Z"}}, {"model": "sessions.session", "pk": "y0lqt7ofs1dc5nxib2rcze75o5uow713", "fields": {"session_data": ".eJxVjEEOwiAQRe_C2hBGBmhduvcMZBimUjU0Ke3KeHfbpAvd_vfef6tI61Li2mSOY1YXFdTpd0vET6k7yA-q90nzVJd5THpX9EGbvk1ZXtfD_Tso1MpWI6K30BsE6XKw5M-OvaU-sSTgPHACx7ajZLMxKBsYGINzjsAHwKA-X9uyN8Y:1pWrYA:kWG-kBqq8nw0CJuBaCZZZgKKGopcUI3DOqSI3e7yizc", "expire_date": "2023-03-14T04:25:14.256Z"}}, {"model": "sessions.session", "pk": "yg750jy8pi893kwssdx4cjhc2rf33lmt", "fields": {"session_data": ".eJxVjEEOwiAQRe_C2pB2yjDg0r1nIDNApWpoUtqV8e7apAvd_vfef6nA21rC1vISpqTOCrw6_Y7C8ZHrTtKd623Wca7rMoneFX3Qpq9zys_L4f4dFG7lWzOP1lqUzhFEEjGWxQwII5H0GYQ6JJ8NJnExEuQB0IK3zD0wR4fq_QENATgG:1pX2xw:J6O51GVbVYkGAWUuY29MdnqPZUHKHiZtx4frh5onD20", "expire_date": "2023-03-14T16:36:36.307Z"}}, {"model": "sessions.session", "pk": "yzz8hdwwzi3f5czrma8b0cwoayfsl45d", "fields": {"session_data": ".eJxVjDsOwjAQBe_iGlm7JvGHkj5nsNafxQFkS3FSIe4OkVJA-2bmvYSnbS1-63nxcxIXgVqcfsdA8ZHrTtKd6q3J2Oq6zEHuijxol1NL-Xk93L-DQr18a-BRQyQDIZjk0BkMaIK1PFpLGYgGSzwY0AqZUHMC4xTCmdFlVhbE-wMB7Dei:1pX1BM:l4uKc0j-YP9ijzhga9nc004xXSphlP37yVe71aND9ig", "expire_date": "2023-03-14T14:42:20.122Z"}}, {"model": "sessions.session", "pk": "za01cytm0y58fngfhxe1jms1z11i4fhx", "fields": {"session_data": ".eJxVjEEOwiAQRe_C2hBpoR1cuu8ZyAwzSNVAUtqV8e7apAvd_vfef6mA25rD1mQJM6uLMur0uxHGh5Qd8B3LrepYy7rMpHdFH7TpqbI8r4f7d5Cx5W_dsyMjAwJGGgnEAHAin5x0g7VsxfcChsH5FNHbEZKcpWckBt8xefX-AAzfORk:1pY18W:RMz07Cq3D_W3-TvadhkqbpwsHB4gc7VdtUyz4ebFrkY", "expire_date": "2023-03-17T08:51:32.615Z"}}, {"model": "tasks.task", "pk": "023d70bf80ab434f9ffcb01f09d083e8", "fields": {"title": "some new title text", "marks": 100, "instruction": null, "classroom": "05d24d97d8a24f3c80862a3239a56b50", "weekly": "7f0ce959917f442c931855a89639dd93", "preclass": true, "inclass": false, "postclass": false, "addded": "2023-03-02T13:32:53.558Z", "deadline": "2023-03-03T06:00:00Z"}}, {"model": "tasks.task", "pk": "34e684b53fe2470db4e6cc7e63bff491", "fields": {"title": "Group task", "marks": 10, "instruction": "What do you mean by electronics? What makes it different from electrical sector.", "classroom": "a7e2fac3aaad4bdba8aa6953b765d5b9", "weekly": "9eaa73ea534241df8a49cf7c9cfddd71", "preclass": false, "inclass": true, "postclass": false, "addded": "2023-03-01T05:43:38.348Z", "deadline": "2023-03-01T08:00:00Z"}}, {"model": "tasks.task", "pk": "50f8b4d89997466e9d5730e2b1aa4d86", "fields": {"title": "some new title text", "marks": 100, "instruction": null, "classroom": "a7e2fac3aaad4bdba8aa6953b765d5b9", "weekly": "7efdda8765c84506aae64e66cd4c3c6a", "preclass": true, "inclass": false, "postclass": false, "addded": "2023-02-16T16:41:02.855Z", "deadline": "2023-02-25T06:00:00Z"}}, {"model": "tasks.taskattachment", "pk": 1, "fields": {"task": "50f8b4d89997466e9d5730e2b1aa4d86", "attached_file": "attachments/a7e2fac3aaad4bdba8aa6953b765d5b9/tasks/50f8b4d89997466e9d5730e2b1aa4d86/blank1.pdf"}}, {"model": "tasks.taskattachment", "pk": 2, "fields": {"task": "50f8b4d89997466e9d5730e2b1aa4d86", "attached_file": "attachments/a7e2fac3aaad4bdba8aa6953b765d5b9/tasks/50f8b4d89997466e9d5730e2b1aa4d86/blank2.pdf"}}, {"model": "tasks.group", "pk": 1, "fields": {"task": "023d70bf80ab434f9ffcb01f09d083e8", "members": [1]}}, {"model": "tasks.group", "pk": 14, "fields": {"task": "34e684b53fe2470db4e6cc7e63bff491", "members": [14, 17, 25, 28]}}, {"model": "tasks.group", "pk": 15, "fields": {"task": "34e684b53fe2470db4e6cc7e63bff491", "members": [13, 18, 22, 31]}}, {"model": "tasks.group", "pk": 16, "fields": {"task": "34e684b53fe2470db4e6cc7e63bff491", "members": [16, 23, 24, 27]}}, {"model": "tasks.group", "pk": 17, "fields": {"task": "34e684b53fe2470db4e6cc7e63bff491", "members": [15, 20, 21, 32]}}, {"model": "tasks.group", "pk": 18, "fields": {"task": "34e684b53fe2470db4e6cc7e63bff491", "members": [19, 29, 30]}}, {"model": "tasks.work", "pk": 1, "fields": {"task": "023d70bf80ab434f9ffcb01f09d083e8", "submission_by": 1, "is_submitted": true, "group": 1, "score": 80, "remarks": null, "submission_time": "2023-03-02T13:33:30.799Z"}}, {"model": "tasks.work", "pk": 2, "fields": {"task": "50f8b4d89997466e9d5730e2b1aa4d86", "submission_by": 2, "is_submitted": true, "group": null, "score": 50, "remarks": null, "submission_time": "2023-02-16T19:52:35.418Z"}}, {"model": "tasks.work", "pk": 12, "fields": {"task": "34e684b53fe2470db4e6cc7e63bff491", "submission_by": 30, "is_submitted": true, "group": 18, "score": null, "remarks": null, "submission_time": "2023-03-01T07:10:47.155Z"}}, {"model": "tasks.work", "pk": 13, "fields": {"task": "34e684b53fe2470db4e6cc7e63bff491", "submission_by": 14, "is_submitted": true, "group": 14, "score": null, "remarks": null, "submission_time": "2023-03-01T07:16:57.030Z"}}, {"model": "tasks.work", "pk": 14, "fields": {"task": "34e684b53fe2470db4e6cc7e63bff491", "submission_by": 20, "is_submitted": false, "group": 17, "score": null, "remarks": null, "submission_time": null}}, {"model": "tasks.work", "pk": 16, "fields": {"task": "34e684b53fe2470db4e6cc7e63bff491", "submission_by": 27, "is_submitted": true, "group": 16, "score": null, "remarks": null, "submission_time": "2023-03-01T07:21:17.331Z"}}, {"model": "tasks.work", "pk": 17, "fields": {"task": "34e684b53fe2470db4e6cc7e63bff491", "submission_by": 31, "is_submitted": true, "group": 15, "score": 9, "remarks": null, "submission_time": "2023-03-01T07:57:32.996Z"}}, {"model": "tasks.workattachment", "pk": 1, "fields": {"work": 1, "attached_file": "attachments/05d24d97d8a24f3c80862a3239a56b50/tasks/023d70bf80ab434f9ffcb01f09d083e8/submissions/blank1.pdf"}}, {"model": "tasks.workattachment", "pk": 2, "fields": {"work": 2, "attached_file": "attachments/a7e2fac3aaad4bdba8aa6953b765d5b9/tasks/50f8b4d89997466e9d5730e2b1aa4d86/submissions/Kangaroo_Healthcare_Domicillary_Application--empty1_2.docx"}}, {"model": "tasks.workattachment", "pk": 14, "fields": {"work": 12, "attached_file": "attachments/a7e2fac3aaad4bdba8aa6953b765d5b9/tasks/34e684b53fe2470db4e6cc7e63bff491/submissions/Group_Task.pdf"}}, {"model": "tasks.workattachment", "pk": 15, "fields": {"work": 13, "attached_file": "attachments/a7e2fac3aaad4bdba8aa6953b765d5b9/tasks/34e684b53fe2470db4e6cc7e63bff491/submissions/16776549687107763881840638063848.jpg"}}, {"model": "tasks.workattachment", "pk": 16, "fields": {"work": 14, "attached_file": "attachments/a7e2fac3aaad4bdba8aa6953b765d5b9/tasks/34e684b53fe2470db4e6cc7e63bff491/submissions/16776549860451960345244393542184.jpg"}}, {"model": "tasks.workattachment", "pk": 18, "fields": {"work": 16, "attached_file": "attachments/a7e2fac3aaad4bdba8aa6953b765d5b9/tasks/34e684b53fe2470db4e6cc7e63bff491/submissions/DOC-20230301-WA0001..pdf"}}, {"model": "tasks.workattachment", "pk": 19, "fields": {"work": 17, "attached_file": "attachments/a7e2fac3aaad4bdba8aa6953b765d5b9/tasks/34e684b53fe2470db4e6cc7e63bff491/submissions/AssignmentW2.pdf"}}, {"model": "weekly_test.weeklytest", "pk": "2ca46b04fb7c497788e4c76a7906b4ad", "fields": {"weekly": "9eaa73ea534241df8a49cf7c9cfddd71", "title": "test headline 2", "info": "some description", "preclass": false, "inclass": true, "postclass": false, "duration_seconds": 300, "user": 1, "schedule": "2023-02-18T06:00:00Z", "expiration": "2023-02-21T06:00:00Z", "created": "2023-02-16T16:42:05.026Z"}}, {"model": "weekly_test.weeklytest", "pk": "b6e9ac61bd014bdd9fa704b5b9e86c0c", "fields": {"weekly": "7f0ce959917f442c931855a89639dd93", "title": "test headline 1", "info": "do not seek help from others", "preclass": true, "inclass": false, "postclass": false, "duration_seconds": 60, "user": 2, "schedule": "2023-03-02T13:22:00Z", "expiration": "2023-03-03T06:00:00Z", "created": "2023-03-02T13:21:29.767Z"}}, {"model": "weekly_test.weeklytest", "pk": "c551e6d91f6a42dea46b6c8f46e725fd", "fields": {"weekly": "9eaa73ea534241df8a49cf7c9cfddd71", "title": "Basics Test", "info": "answer carefully and do not seek help from others", "preclass": true, "inclass": false, "postclass": false, "duration_seconds": 300, "user": 1, "schedule": "2023-02-26T09:30:00Z", "expiration": "2023-03-05T09:18:00Z", "created": "2023-02-26T09:26:22.390Z"}}, {"model": "weekly_test.weeklytest", "pk": "e7de602c9fbb4954addf369cf9b4483b", "fields": {"weekly": "9eaa73ea534241df8a49cf7c9cfddd71", "title": "pre class test 1", "info": "It is just a demo exam", "preclass": true, "inclass": false, "postclass": false, "duration_seconds": 720, "user": 1, "schedule": "2023-02-28T16:20:00Z", "expiration": "2023-03-01T04:35:00Z", "created": "2023-02-28T16:02:49.542Z"}}, {"model": "weekly_test.question", "pk": 1, "fields": {"test": "b6e9ac61bd014bdd9fa704b5b9e86c0c", "statement": "q0 statement", "marks": 10.0, "is_descriptive": false, "ans_as_img": false}}, {"model": "weekly_test.question", "pk": 2, "fields": {"test": "2ca46b04fb7c497788e4c76a7906b4ad", "statement": "q0 statement", "marks": 5.0, "is_descriptive": false, "ans_as_img": false}}, {"model": "weekly_test.question", "pk": 3, "fields": {"test": "2ca46b04fb7c497788e4c76a7906b4ad", "statement": "q1 statement", "marks": 5.0, "is_descriptive": true, "ans_as_img": true}}, {"model": "weekly_test.question", "pk": 6, "fields": {"test": "c551e6d91f6a42dea46b6c8f46e725fd", "statement": "Which one is not active element?", "marks": 5.0, "is_descriptive": false, "ans_as_img": false}}, {"model": "weekly_test.question", "pk": 7, "fields": {"test": "c551e6d91f6a42dea46b6c8f46e725fd", "statement": "What is the standard phase sequence of a three phase system", "marks": 5.0, "is_descriptive": true, "ans_as_img": false}}, {"model": "weekly_test.question", "pk": 8, "fields": {"test": "c551e6d91f6a42dea46b6c8f46e725fd", "statement": "how do you print a statement in Matlab?", "marks": 5.0, "is_descriptive": false, "ans_as_img": false}}, {"model": "weekly_test.question", "pk": 9, "fields": {"test": "e7de602c9fbb4954addf369cf9b4483b", "statement": "write down your understanding about extrinsic materials;", "marks": 5.0, "is_descriptive": true, "ans_as_img": false}}, {"model": "weekly_test.mcqoption", "pk": 1, "fields": {"question": 2, "option_text": "ddd", "is_correct": false}}, {"model": "weekly_test.mcqoption", "pk": 2, "fields": {"question": 2, "option_text": "fgf", "is_correct": true}}, {"model": "weekly_test.mcqoption", "pk": 3, "fields": {"question": 2, "option_text": "gg", "is_correct": false}}, {"model": "weekly_test.mcqoption", "pk": 4, "fields": {"question": 2, "option_text": "hjj", "is_correct": false}}, {"model": "weekly_test.mcqoption", "pk": 9, "fields": {"question": 6, "option_text": "Generator", "is_correct": false}}, {"model": "weekly_test.mcqoption", "pk": 10, "fields": {"question": 6, "option_text": "Battery", "is_correct": false}}, {"model": "weekly_test.mcqoption", "pk": 11, "fields": {"question": 6, "option_text": "Capacitor", "is_correct": true}}, {"model": "weekly_test.mcqoption", "pk": 12, "fields": {"question": 6, "option_text": "Transistor", "is_correct": false}}, {"model": "weekly_test.mcqoption", "pk": 13, "fields": {"question": 8, "option_text": "by using print function", "is_correct": false}}, {"model": "weekly_test.mcqoption", "pk": 14, "fields": {"question": 8, "option_text": "not using the semicolon", "is_correct": true}}, {"model": "weekly_test.mcqoption", "pk": 15, "fields": {"question": 8, "option_text": "using the console.log function", "is_correct": false}}, {"model": "weekly_test.mcqoption", "pk": 16, "fields": {"question": 8, "option_text": "using printf function", "is_correct": false}}, {"model": "weekly_test.answersheet", "pk": "2f9c00baa1f54100bb05d2db0ffa8b06", "fields": {"test": "c551e6d91f6a42dea46b6c8f46e725fd", "user": 31, "issue_time": "2023-03-01T17:27:27.349Z", "submit_time": null}}, {"model": "weekly_test.answersheet", "pk": "3dbc74eb23814036a82f5c9b09308bc8", "fields": {"test": "2ca46b04fb7c497788e4c76a7906b4ad", "user": 2, "issue_time": "2023-02-18T17:02:32.408Z", "submit_time": "2023-02-18T17:02:58.870Z"}}, {"model": "weekly_test.answersheet", "pk": "44d3e567f41d48c5ae6c010eab10bbba", "fields": {"test": "c551e6d91f6a42dea46b6c8f46e725fd", "user": 10, "issue_time": "2023-02-26T18:29:37.906Z", "submit_time": "2023-02-26T18:30:00.490Z"}}, {"model": "weekly_test.answersheet", "pk": "48302d072f2a44f89df01556d034bb36", "fields": {"test": "c551e6d91f6a42dea46b6c8f46e725fd", "user": 12, "issue_time": "2023-02-26T19:21:08.686Z", "submit_time": null}}, {"model": "weekly_test.answersheet", "pk": "4f9851e8ed624718bf1ff915401995b5", "fields": {"test": "e7de602c9fbb4954addf369cf9b4483b", "user": 30, "issue_time": "2023-02-28T18:32:31.030Z", "submit_time": "2023-02-28T18:38:48.509Z"}}, {"model": "weekly_test.answersheet", "pk": "4ffc9b4044b44782961f5ee03d261885", "fields": {"test": "c551e6d91f6a42dea46b6c8f46e725fd", "user": 13, "issue_time": "2023-02-28T04:24:00.832Z", "submit_time": "2023-02-28T04:24:33.201Z"}}, {"model": "weekly_test.answersheet", "pk": "59be1fc729774872b74f3f6e0a3b65db", "fields": {"test": "c551e6d91f6a42dea46b6c8f46e725fd", "user": 30, "issue_time": "2023-02-28T18:27:24.264Z", "submit_time": "2023-02-28T18:28:58.910Z"}}, {"model": "weekly_test.answersheet", "pk": "64f311721e9548a1a8e4db4d2d038d69", "fields": {"test": "2ca46b04fb7c497788e4c76a7906b4ad", "user": 4, "issue_time": "2023-02-20T06:52:08.464Z", "submit_time": "2023-02-20T06:52:34.259Z"}}, {"model": "weekly_test.answersheet", "pk": "65dd98194301438f935093dc9501daac", "fields": {"test": "c551e6d91f6a42dea46b6c8f46e725fd", "user": 2, "issue_time": "2023-02-26T11:08:17.710Z", "submit_time": "2023-02-26T11:09:15.067Z"}}, {"model": "weekly_test.answersheet", "pk": "6c3daf9d570b4c00a333d00f500c3c7e", "fields": {"test": "e7de602c9fbb4954addf369cf9b4483b", "user": 24, "issue_time": "2023-03-01T04:25:12.590Z", "submit_time": "2023-03-01T04:27:44.781Z"}}, {"model": "weekly_test.answersheet", "pk": "6ec2264540c745deb960ac6ec7cd75a0", "fields": {"test": "c551e6d91f6a42dea46b6c8f46e725fd", "user": 15, "issue_time": "2023-02-28T15:02:17.288Z", "submit_time": "2023-02-28T16:28:19.219Z"}}, {"model": "weekly_test.answersheet", "pk": "7880abc853e04ae7bbdf6479f7756948", "fields": {"test": "e7de602c9fbb4954addf369cf9b4483b", "user": 22, "issue_time": "2023-03-01T01:58:12.782Z", "submit_time": "2023-03-01T02:03:46.829Z"}}, {"model": "weekly_test.answersheet", "pk": "8578c35b71e4478082bac0dec0651610", "fields": {"test": "e7de602c9fbb4954addf369cf9b4483b", "user": 28, "issue_time": "2023-03-01T01:59:19.703Z", "submit_time": null}}, {"model": "weekly_test.answersheet", "pk": "8587c61a22ed49c5a41d83027a7970da", "fields": {"test": "c551e6d91f6a42dea46b6c8f46e725fd", "user": 24, "issue_time": "2023-02-28T15:08:26.886Z", "submit_time": "2023-02-28T15:10:02.401Z"}}, {"model": "weekly_test.answersheet", "pk": "87f3e8a0d83046b1a3e8b48007536ce2", "fields": {"test": "c551e6d91f6a42dea46b6c8f46e725fd", "user": 11, "issue_time": "2023-02-26T19:17:49.051Z", "submit_time": "2023-02-26T19:18:14.484Z"}}, {"model": "weekly_test.answersheet", "pk": "8fc856e5bbf0436f9df4a85d34022358", "fields": {"test": "e7de602c9fbb4954addf369cf9b4483b", "user": 17, "issue_time": "2023-02-28T17:17:12.458Z", "submit_time": "2023-02-28T17:27:13.755Z"}}, {"model": "weekly_test.answersheet", "pk": "92ebe0d2cf044a4a9040f18354efa8c6", "fields": {"test": "e7de602c9fbb4954addf369cf9b4483b", "user": 13, "issue_time": "2023-02-28T16:27:58.681Z", "submit_time": "2023-02-28T16:28:59.203Z"}}, {"model": "weekly_test.answersheet", "pk": "9549fe516f474a55bac0023c95b56cc7", "fields": {"test": "c551e6d91f6a42dea46b6c8f46e725fd", "user": 29, "issue_time": "2023-02-28T16:40:37.239Z", "submit_time": null}}, {"model": "weekly_test.answersheet", "pk": "9d1d5114e71f41a78403d53cc53a4212", "fields": {"test": "c551e6d91f6a42dea46b6c8f46e725fd", "user": 14, "issue_time": "2023-02-28T17:03:10.332Z", "submit_time": null}}, {"model": "weekly_test.answersheet", "pk": "a1d8fe63a3624c0790e9cdfdda9d9a10", "fields": {"test": "c551e6d91f6a42dea46b6c8f46e725fd", "user": 20, "issue_time": "2023-02-28T14:56:39.936Z", "submit_time": "2023-02-28T14:58:59.187Z"}}, {"model": "weekly_test.answersheet", "pk": "a2686fa0eeac41a296225bcbf872752a", "fields": {"test": "c551e6d91f6a42dea46b6c8f46e725fd", "user": 9, "issue_time": "2023-02-26T18:23:51.257Z", "submit_time": "2023-02-26T18:24:05.924Z"}}, {"model": "weekly_test.answersheet", "pk": "a8b9aa1abd4b47d8946716b35e0b5c8d", "fields": {"test": "e7de602c9fbb4954addf369cf9b4483b", "user": 31, "issue_time": "2023-03-01T04:05:04.688Z", "submit_time": "2023-03-01T04:07:09.445Z"}}, {"model": "weekly_test.answersheet", "pk": "a8e39f28eec041fcaa59e38d9cee6729", "fields": {"test": "e7de602c9fbb4954addf369cf9b4483b", "user": 14, "issue_time": "2023-02-28T17:05:05.338Z", "submit_time": "2023-02-28T17:16:58.263Z"}}, {"model": "weekly_test.answersheet", "pk": "b5047e3b5d454dbab62e63d67aaf7b44", "fields": {"test": "e7de602c9fbb4954addf369cf9b4483b", "user": 23, "issue_time": "2023-02-28T16:30:56.836Z", "submit_time": "2023-03-01T03:32:29.112Z"}}, {"model": "weekly_test.answersheet", "pk": "b88b41ddf5fc4341827d4ad9d2755e70", "fields": {"test": "b6e9ac61bd014bdd9fa704b5b9e86c0c", "user": 1, "issue_time": "2023-03-02T13:22:14.629Z", "submit_time": "2023-03-02T13:23:15.486Z"}}, {"model": "weekly_test.answersheet", "pk": "bf34e41445584771b0d7f06dd7b6fac0", "fields": {"test": "c551e6d91f6a42dea46b6c8f46e725fd", "user": 18, "issue_time": "2023-02-28T15:04:47.410Z", "submit_time": "2023-02-28T15:06:52.553Z"}}, {"model": "weekly_test.answersheet", "pk": "c1431b98d31540948e2be72fc34b1bf4", "fields": {"test": "e7de602c9fbb4954addf369cf9b4483b", "user": 18, "issue_time": "2023-03-01T03:29:59.942Z", "submit_time": "2023-03-01T03:40:22.107Z"}}, {"model": "weekly_test.answersheet", "pk": "c4adf60089d04b5192de0471bd78b99b", "fields": {"test": "c551e6d91f6a42dea46b6c8f46e725fd", "user": 25, "issue_time": "2023-03-01T07:08:44.726Z", "submit_time": "2023-03-01T07:11:48.343Z"}}, {"model": "weekly_test.answersheet", "pk": "d2a36fc2b0f3495fad15e048fb904dc8", "fields": {"test": "c551e6d91f6a42dea46b6c8f46e725fd", "user": 23, "issue_time": "2023-03-01T03:30:50.538Z", "submit_time": "2023-03-01T03:31:38.783Z"}}, {"model": "weekly_test.answersheet", "pk": "d30df2ea20534e19a545e9b48cfcafc4", "fields": {"test": "c551e6d91f6a42dea46b6c8f46e725fd", "user": 27, "issue_time": "2023-02-28T16:16:46.588Z", "submit_time": "2023-02-28T16:20:31.037Z"}}, {"model": "weekly_test.answersheet", "pk": "d3204a168ef04d33b138ba1993a3f628", "fields": {"test": "e7de602c9fbb4954addf369cf9b4483b", "user": 15, "issue_time": "2023-02-28T16:28:34.030Z", "submit_time": "2023-02-28T16:29:34.189Z"}}, {"model": "weekly_test.answersheet", "pk": "efc4259e79114da986fa3cdf8e13bd21", "fields": {"test": "e7de602c9fbb4954addf369cf9b4483b", "user": 21, "issue_time": "2023-02-28T18:36:26.784Z", "submit_time": "2023-02-28T18:38:34.009Z"}}, {"model": "weekly_test.answersheet", "pk": "f9ef34e38f36475dbbe6bdfada81baa0", "fields": {"test": "c551e6d91f6a42dea46b6c8f46e725fd", "user": 17, "issue_time": "2023-02-28T14:33:59.964Z", "submit_time": null}}, {"model": "weekly_test.answersheet", "pk": "fe68f12ff98f4f1ba17f39a8a4a5cea8", "fields": {"test": "e7de602c9fbb4954addf369cf9b4483b", "user": 27, "issue_time": "2023-02-28T17:31:08.465Z", "submit_time": "2023-02-28T17:36:24.772Z"}}, {"model": "weekly_test.mcqanswer", "pk": 1, "fields": {"question": 2, "answer_sheet": "3dbc74eb23814036a82f5c9b09308bc8", "option_chosen": 2, "submission_time": "2023-02-18T17:02:58.284Z"}}, {"model": "weekly_test.mcqanswer", "pk": 2, "fields": {"question": 2, "answer_sheet": "64f311721e9548a1a8e4db4d2d038d69", "option_chosen": 2, "submission_time": "2023-02-20T06:52:34.118Z"}}, {"model": "weekly_test.mcqanswer", "pk": 4, "fields": {"question": 6, "answer_sheet": "65dd98194301438f935093dc9501daac", "option_chosen": 11, "submission_time": "2023-02-26T11:09:14.963Z"}}, {"model": "weekly_test.mcqanswer", "pk": 5, "fields": {"question": 8, "answer_sheet": "65dd98194301438f935093dc9501daac", "option_chosen": 13, "submission_time": "2023-02-26T11:09:15.046Z"}}, {"model": "weekly_test.mcqanswer", "pk": 6, "fields": {"question": 6, "answer_sheet": "a2686fa0eeac41a296225bcbf872752a", "option_chosen": 10, "submission_time": "2023-02-26T18:24:05.838Z"}}, {"model": "weekly_test.mcqanswer", "pk": 7, "fields": {"question": 8, "answer_sheet": "a2686fa0eeac41a296225bcbf872752a", "option_chosen": 14, "submission_time": "2023-02-26T18:24:05.894Z"}}, {"model": "weekly_test.mcqanswer", "pk": 8, "fields": {"question": 6, "answer_sheet": "44d3e567f41d48c5ae6c010eab10bbba", "option_chosen": 11, "submission_time": "2023-02-26T18:30:00.352Z"}}, {"model": "weekly_test.mcqanswer", "pk": 9, "fields": {"question": 8, "answer_sheet": "44d3e567f41d48c5ae6c010eab10bbba", "option_chosen": 14, "submission_time": "2023-02-26T18:30:00.466Z"}}, {"model": "weekly_test.mcqanswer", "pk": 10, "fields": {"question": 6, "answer_sheet": "87f3e8a0d83046b1a3e8b48007536ce2", "option_chosen": 12, "submission_time": "2023-02-26T19:18:14.343Z"}}, {"model": "weekly_test.mcqanswer", "pk": 11, "fields": {"question": 8, "answer_sheet": "87f3e8a0d83046b1a3e8b48007536ce2", "option_chosen": 13, "submission_time": "2023-02-26T19:18:14.449Z"}}, {"model": "weekly_test.mcqanswer", "pk": 12, "fields": {"question": 6, "answer_sheet": "4ffc9b4044b44782961f5ee03d261885", "option_chosen": 11, "submission_time": "2023-02-28T04:24:33.147Z"}}, {"model": "weekly_test.mcqanswer", "pk": 13, "fields": {"question": 8, "answer_sheet": "4ffc9b4044b44782961f5ee03d261885", "option_chosen": 14, "submission_time": "2023-02-28T04:24:33.186Z"}}, {"model": "weekly_test.mcqanswer", "pk": 14, "fields": {"question": 6, "answer_sheet": "a1d8fe63a3624c0790e9cdfdda9d9a10", "option_chosen": 11, "submission_time": "2023-02-28T14:58:59.146Z"}}, {"model": "weekly_test.mcqanswer", "pk": 15, "fields": {"question": 8, "answer_sheet": "a1d8fe63a3624c0790e9cdfdda9d9a10", "option_chosen": 13, "submission_time": "2023-02-28T14:58:59.180Z"}}, {"model": "weekly_test.mcqanswer", "pk": 16, "fields": {"question": 6, "answer_sheet": "bf34e41445584771b0d7f06dd7b6fac0", "option_chosen": 12, "submission_time": "2023-02-28T15:06:52.480Z"}}, {"model": "weekly_test.mcqanswer", "pk": 17, "fields": {"question": 8, "answer_sheet": "bf34e41445584771b0d7f06dd7b6fac0", "option_chosen": 14, "submission_time": "2023-02-28T15:06:52.548Z"}}, {"model": "weekly_test.mcqanswer", "pk": 18, "fields": {"question": 6, "answer_sheet": "8587c61a22ed49c5a41d83027a7970da", "option_chosen": 12, "submission_time": "2023-02-28T15:10:02.285Z"}}, {"model": "weekly_test.mcqanswer", "pk": 19, "fields": {"question": 8, "answer_sheet": "8587c61a22ed49c5a41d83027a7970da", "option_chosen": 14, "submission_time": "2023-02-28T15:10:02.395Z"}}, {"model": "weekly_test.mcqanswer", "pk": 20, "fields": {"question": 6, "answer_sheet": "d30df2ea20534e19a545e9b48cfcafc4", "option_chosen": 9, "submission_time": "2023-02-28T16:20:30.920Z"}}, {"model": "weekly_test.mcqanswer", "pk": 21, "fields": {"question": 8, "answer_sheet": "d30df2ea20534e19a545e9b48cfcafc4", "option_chosen": 16, "submission_time": "2023-02-28T16:20:31.029Z"}}, {"model": "weekly_test.mcqanswer", "pk": 22, "fields": {"question": 6, "answer_sheet": "59be1fc729774872b74f3f6e0a3b65db", "option_chosen": 11, "submission_time": "2023-02-28T18:28:58.865Z"}}, {"model": "weekly_test.mcqanswer", "pk": 23, "fields": {"question": 8, "answer_sheet": "59be1fc729774872b74f3f6e0a3b65db", "option_chosen": 16, "submission_time": "2023-02-28T18:28:58.902Z"}}, {"model": "weekly_test.mcqanswer", "pk": 24, "fields": {"question": 6, "answer_sheet": "d2a36fc2b0f3495fad15e048fb904dc8", "option_chosen": 12, "submission_time": "2023-03-01T03:31:38.741Z"}}, {"model": "weekly_test.mcqanswer", "pk": 25, "fields": {"question": 8, "answer_sheet": "d2a36fc2b0f3495fad15e048fb904dc8", "option_chosen": 14, "submission_time": "2023-03-01T03:31:38.775Z"}}, {"model": "weekly_test.mcqanswer", "pk": 26, "fields": {"question": 6, "answer_sheet": "c4adf60089d04b5192de0471bd78b99b", "option_chosen": 10, "submission_time": "2023-03-01T07:11:48.301Z"}}, {"model": "weekly_test.mcqanswer", "pk": 27, "fields": {"question": 8, "answer_sheet": "c4adf60089d04b5192de0471bd78b99b", "option_chosen": 14, "submission_time": "2023-03-01T07:11:48.325Z"}}, {"model": "weekly_test.descriptiveanswer", "pk": 1, "fields": {"question": 3, "answer_sheet": "3dbc74eb23814036a82f5c9b09308bc8", "answer_text": null, "answer_img": "answers/images/1_2.jpg", "score": 0.0, "submission_time": "2023-02-18T17:02:58.777Z"}}, {"model": "weekly_test.descriptiveanswer", "pk": 2, "fields": {"question": 3, "answer_sheet": "64f311721e9548a1a8e4db4d2d038d69", "answer_text": null, "answer_img": "answers/images/275127884_1451665685250099_911128966569355542_n.jpg", "score": 3.0, "submission_time": "2023-02-20T06:52:34.208Z"}}, {"model": "weekly_test.descriptiveanswer", "pk": 4, "fields": {"question": 7, "answer_sheet": "65dd98194301438f935093dc9501daac", "answer_text": "RYB", "answer_img": "", "score": null, "submission_time": "2023-02-26T11:09:15.011Z"}}, {"model": "weekly_test.descriptiveanswer", "pk": 5, "fields": {"question": 7, "answer_sheet": "44d3e567f41d48c5ae6c010eab10bbba", "answer_text": "RYB", "answer_img": "", "score": 5.0, "submission_time": "2023-02-26T18:30:00.421Z"}}, {"model": "weekly_test.descriptiveanswer", "pk": 6, "fields": {"question": 7, "answer_sheet": "87f3e8a0d83046b1a3e8b48007536ce2", "answer_text": "RBY", "answer_img": "", "score": 0.0, "submission_time": "2023-02-26T19:18:14.394Z"}}, {"model": "weekly_test.descriptiveanswer", "pk": 7, "fields": {"question": 7, "answer_sheet": "4ffc9b4044b44782961f5ee03d261885", "answer_text": "RYB", "answer_img": "", "score": 3.0, "submission_time": "2023-02-28T04:24:33.169Z"}}, {"model": "weekly_test.descriptiveanswer", "pk": 8, "fields": {"question": 7, "answer_sheet": "a1d8fe63a3624c0790e9cdfdda9d9a10", "answer_text": "ABC", "answer_img": "", "score": null, "submission_time": "2023-02-28T14:58:59.162Z"}}, {"model": "weekly_test.descriptiveanswer", "pk": 9, "fields": {"question": 7, "answer_sheet": "bf34e41445584771b0d7f06dd7b6fac0", "answer_text": "abc", "answer_img": "", "score": null, "submission_time": "2023-02-28T15:06:52.515Z"}}, {"model": "weekly_test.descriptiveanswer", "pk": 10, "fields": {"question": 7, "answer_sheet": "8587c61a22ed49c5a41d83027a7970da", "answer_text": "abc", "answer_img": "", "score": null, "submission_time": "2023-02-28T15:10:02.297Z"}}, {"model": "weekly_test.descriptiveanswer", "pk": 11, "fields": {"question": 7, "answer_sheet": "d30df2ea20534e19a545e9b48cfcafc4", "answer_text": "RYB", "answer_img": "", "score": null, "submission_time": "2023-02-28T16:20:30.975Z"}}, {"model": "weekly_test.descriptiveanswer", "pk": 12, "fields": {"question": 9, "answer_sheet": "92ebe0d2cf044a4a9040f18354efa8c6", "answer_text": "It's new to me sir", "answer_img": "", "score": null, "submission_time": "2023-02-28T16:28:59.045Z"}}, {"model": "weekly_test.descriptiveanswer", "pk": 13, "fields": {"question": 9, "answer_sheet": "d3204a168ef04d33b138ba1993a3f628", "answer_text": "When a chemical impurity is added to an intrinsic semiconductor, then the resulting semiconductor is known as extrinsic material", "answer_img": "", "score": null, "submission_time": "2023-02-28T16:29:34.185Z"}}, {"model": "weekly_test.descriptiveanswer", "pk": 14, "fields": {"question": 9, "answer_sheet": "a8e39f28eec041fcaa59e38d9cee6729", "answer_text": "cess is called doping p type when adding some impurty on the semiconductor materials is called extrinsic semisconductor.this prope semiconductor. in exrinsic semiconductor p type semi conductor carries holes and n types semi conductor lement is called dopan    carries electron  and the adding et .these atom are like arsenic ,antimony gallium etc.Arsenic and Antimony has 5 valance electron shell which is co valent bond with the si or gernium and make n type semi conductor on the other hand gallium has 3 valance shell electron and its adding silicon to mak", "answer_img": "", "score": null, "submission_time": "2023-02-28T17:16:58.241Z"}}, {"model": "weekly_test.descriptiveanswer", "pk": 15, "fields": {"question": 9, "answer_sheet": "8fc856e5bbf0436f9df4a85d34022358", "answer_text": "In periodic table, materials of 13 group that is B,Al,Ga,In,Ti and material of 15 group  that is p,As,Sb,Bi is called extrinsic materials.these material are use in semiconductor. Two types of semiconductor -p type and n type. B,Al,Ga,In are use in p type semiconductor  and P,As,Sb,Bi are use in n type semiconductor. ", "answer_img": "", "score": null, "submission_time": "2023-02-28T17:27:13.643Z"}}, {"model": "weekly_test.descriptiveanswer", "pk": 16, "fields": {"question": 9, "answer_sheet": "fe68f12ff98f4f1ba17f39a8a4a5cea8", "answer_text": " Extrinsic Materials Overview   esrailbblhs@gmail.com write down your understanding about extrinsic materials;  Extrinsic materials are materials that have been intentionally modified by adding impurities or dopants to their crystal structure to alter their electrical or optical properties. These impurities or dopants can be introduced through various techniques, such as diffusion, ion implantation, or chemical vapor deposition.  The introduction of impurities changes the electronic structure of the material, which can affect its conductivity, resistivity, and other properties. For example, adding impurities to a semiconductor material can create p-type or n-type semiconductors, which have different electrical properties and can be used for different applications.  Extrinsic materials are commonly used in the semiconductor industry to create electronic devices such as transistors, diodes, and solar cells. They can also be used in other applications such as optoelectronics, sensors, and catalysis.  Overall, extrinsic materials offer a way to tailor the properties of a material to suit a specific application, making them an essential component of modern technology.", "answer_img": "", "score": null, "submission_time": "2023-02-28T17:36:24.749Z"}}, {"model": "weekly_test.descriptiveanswer", "pk": 17, "fields": {"question": 7, "answer_sheet": "59be1fc729774872b74f3f6e0a3b65db", "answer_text": "For a three-phase system, there are only two possible phase sequences: 1-2-3 and 3-2-1, corresponding to the two possible directions of alternator rotation.", "answer_img": "", "score": null, "submission_time": "2023-02-28T18:28:58.879Z"}}, {"model": "weekly_test.descriptiveanswer", "pk": 18, "fields": {"question": 9, "answer_sheet": "efc4259e79114da986fa3cdf8e13bd21", "answer_text": "Extrinsic material that does not form part of an act but that may assist in the interpretation of that act.", "answer_img": "", "score": null, "submission_time": "2023-02-28T18:38:33.997Z"}}, {"model": "weekly_test.descriptiveanswer", "pk": 19, "fields": {"question": 9, "answer_sheet": "4f9851e8ed624718bf1ff915401995b5", "answer_text": "After some experiments, scientists observed an increase in the conductivity of a Semiconductor when a small amount of impurity was added to it. These materials are Extrinsic Semiconductors or impurity Semiconductors. Another term for these materials is Doped Semiconductor. The impurities are dopants and the process  Doping.  An important condition to doping is that the amount of impurity added should not change the lattice structure of the Semiconductor. To achieve this the size of the dopant and Semiconductor atoms should be the same.These dopants give rise to two types of semiconductors:  n-type & p-type", "answer_img": "", "score": null, "submission_time": "2023-02-28T18:38:48.503Z"}}, {"model": "weekly_test.descriptiveanswer", "pk": 20, "fields": {"question": 9, "answer_sheet": "7880abc853e04ae7bbdf6479f7756948", "answer_text": "An extrinsic semiconductor is a semiconductor doped by a specific impurity which is able to deeply modify its electrical properties, making it suitable for electronic applications or optoelectronic applications ", "answer_img": "", "score": null, "submission_time": "2023-03-01T02:03:46.777Z"}}, {"model": "weekly_test.descriptiveanswer", "pk": 21, "fields": {"question": 7, "answer_sheet": "d2a36fc2b0f3495fad15e048fb904dc8", "answer_text": "abc", "answer_img": "", "score": null, "submission_time": "2023-03-01T03:31:38.761Z"}}, {"model": "weekly_test.descriptiveanswer", "pk": 22, "fields": {"question": 9, "answer_sheet": "c1431b98d31540948e2be72fc34b1bf4", "answer_text": "If a semeconductor material is doped with an element with impurity then it is called extrinsic material.", "answer_img": "", "score": null, "submission_time": "2023-03-01T03:40:22.098Z"}}, {"model": "weekly_test.descriptiveanswer", "pk": 23, "fields": {"question": 9, "answer_sheet": "a8b9aa1abd4b47d8946716b35e0b5c8d", "answer_text": "A semiconductor materials that has been subjected to the doping process is Called an extrinsic material", "answer_img": "", "score": null, "submission_time": "2023-03-01T04:07:09.373Z"}}, {"model": "weekly_test.descriptiveanswer", "pk": 24, "fields": {"question": 9, "answer_sheet": "6c3daf9d570b4c00a333d00f500c3c7e", "answer_text": "Extrinsic materials are documents which do not form part of an Act but can be used in court to assist in the interpretation of that Act. The Interpretation Act in each jurisdiction specifically defines what can be considered as extrinsic material in that jurisdiction.", "answer_img": "", "score": null, "submission_time": "2023-03-01T04:27:44.697Z"}}, {"model": "weekly_test.descriptiveanswer", "pk": 25, "fields": {"question": 7, "answer_sheet": "c4adf60089d04b5192de0471bd78b99b", "answer_text": "1,2,3 and 3,2,1", "answer_img": "", "score": null, "submission_time": "2023-03-01T07:11:48.312Z"}}, {"model": "classroom.classroom", "pk": "05d24d97d8a24f3c80862a3239a56b50", "fields": {"name": "Test Classroom", "course": "cs101", "join_code": "EcTGP1", "banner": "", "quote": null, "active": true, "created": "2023-03-02T13:15:40.292Z", "teachers": [2], "students": [1]}}, {"model": "classroom.classroom", "pk": "2c9bbdc337cb40f3bc8e478b4452d6ce", "fields": {"name": "Django Learners", "course": "DB-101", "join_code": "PvBNsH", "banner": "classrooms/banner/django-documentation.png", "quote": "", "active": false, "created": "2023-02-19T05:46:20.775Z", "teachers": [1, 7], "students": [2]}}, {"model": "classroom.classroom", "pk": "68efbbb81a5546efa43143fbb520ed3b", "fields": {"name": "Introductory Matlab", "course": "EEE 304", "join_code": "Ro0muW", "banner": "classrooms/banner/wp9995013.png", "quote": "", "active": true, "created": "2023-02-26T19:03:39.298Z", "teachers": [1, 7], "students": [2]}}, {"model": "classroom.classroom", "pk": "a7e2fac3aaad4bdba8aa6953b765d5b9", "fields": {"name": "EEE 6th Batch", "course": "Basic Electronics-I", "join_code": "oWFjn0", "banner": "", "quote": "I have uploaded a class materials and an animated video; also created a class test. Everyone try to participate in time.", "active": true, "created": "2023-02-16T16:38:46.700Z", "teachers": [1, 7], "students": [13, 14, 15, 16, 17, 18, 19, 20, 21, 22, 23, 24, 25, 27, 28, 29, 30, 31, 32, 33, 34]}}, {"model": "classroom.classroom", "pk": "b547b044e28f4ed7b29a7c2f9a83c091", "fields": {"name": "EEE 4th Batch", "course": "Power Electronics", "join_code": "AVCZfX", "banner": "classrooms/banner/8966984_4017990_2.jpg", "quote": "", "active": true, "created": "2023-02-26T18:56:13.100Z", "teachers": [1, 7], "students": [2]}}, {"model": "classroom.posttopic", "pk": 1, "fields": {"name": "Basic", "str_id": "basic", "classroom": "a7e2fac3aaad4bdba8aa6953b765d5b9"}}, {"model": "classroom.posttopic", "pk": 2, "fields": {"name": "Electronics", "str_id": "electronics", "classroom": "a7e2fac3aaad4bdba8aa6953b765d5b9"}}, {"model": "classroom.posttopic", "pk": 3, "fields": {"name": "Diode", "str_id": "diode", "classroom": "a7e2fac3aaad4bdba8aa6953b765d5b9"}}, {"model": "classroom.classroompost", "pk": "3e618f99025640bab68f97fc91b5bd11", "fields": {"classroom": "b547b044e28f4ed7b29a7c2f9a83c091", "description": "test post", "author": 1, "posted": "2023-02-27T12:27:33.874Z", "topics": []}}, {"model": "classroom.classroompost", "pk": "49975177365c432aaef37917bdfd9112", "fields": {"classroom": "a7e2fac3aaad4bdba8aa6953b765d5b9", "description": "pn junction Basic", "author": 1, "posted": "2023-02-26T18:26:14.416Z", "topics": [1, 2]}}, {"model": "classroom.classroompost", "pk": "4b2f2fdb114e4e22bfc562da4fe90e57", "fields": {"classroom": "a7e2fac3aaad4bdba8aa6953b765d5b9", "description": "history of electronics", "author": 1, "posted": "2023-02-26T18:26:51.656Z", "topics": [2]}}, {"model": "classroom.classroompost", "pk": "6a7d8c12123b440da4313dceb36bc53d", "fields": {"classroom": "2c9bbdc337cb40f3bc8e478b4452d6ce", "description": "something as a description", "author": 1, "posted": "2023-02-19T05:55:57.444Z", "topics": []}}, {"model": "classroom.classroompost", "pk": "fdc5306cadc845fa82e1dc53c46a7a24", "fields": {"classroom": "a7e2fac3aaad4bdba8aa6953b765d5b9", "description": "clipper and clamper", "author": 1, "posted": "2023-02-26T18:29:31.347Z", "topics": []}}, {"model": "classroom.postattachment", "pk": 1, "fields": {"classroom_post": "6a7d8c12123b440da4313dceb36bc53d", "attached_file": "attachments/2c9bbdc337cb40f3bc8e478b4452d6ce/275127884_1451665685250099_911128966569355542_n.jpg"}}, {"model": "classroom.postattachment", "pk": 2, "fields": {"classroom_post": "49975177365c432aaef37917bdfd9112", "attached_file": "attachments/a7e2fac3aaad4bdba8aa6953b765d5b9/blank1.pdf"}}, {"model": "classroom.postattachment", "pk": 3, "fields": {"classroom_post": "49975177365c432aaef37917bdfd9112", "attached_file": "attachments/a7e2fac3aaad4bdba8aa6953b765d5b9/blank2.pdf"}}, {"model": "classroom.postattachment", "pk": 4, "fields": {"classroom_post": "4b2f2fdb114e4e22bfc562da4fe90e57", "attached_file": "attachments/a7e2fac3aaad4bdba8aa6953b765d5b9/blank3.pdf"}}, {"model": "classroom.postattachment", "pk": 6, "fields": {"classroom_post": "fdc5306cadc845fa82e1dc53c46a7a24", "attached_file": "attachments/a7e2fac3aaad4bdba8aa6953b765d5b9/blank6.pdf"}}, {"model": "classroom.postattachment", "pk": 7, "fields": {"classroom_post": "fdc5306cadc845fa82e1dc53c46a7a24", "attached_file": "attachments/a7e2fac3aaad4bdba8aa6953b765d5b9/blank7.pdf"}}, {"model": "classroom.postattachment", "pk": 8, "fields": {"classroom_post": "3e618f99025640bab68f97fc91b5bd11", "attached_file": "attachments/b547b044e28f4ed7b29a7c2f9a83c091/LMS.pdf"}}, {"model": "classroom.comment", "pk": "ec608d1281f24d3593476b61cf567fd4", "fields": {"post": "6a7d8c12123b440da4313dceb36bc53d", "author": 1, "parent": null, "comment_text": "something as post comment", "comment_time": "2023-02-25T19:45:57.069Z"}}, {"model": "classroom.assessmentmeta", "pk": 1, "fields": {"classroom": "05d24d97d8a24f3c80862a3239a56b50", "attendance_marks": 10.0, "classtest_marks": 15.0, "pre_class_marks": 5.0, "in_class_marks": 5.0, "post_class_marks": 5.0}}, {"model": "classroom.assessmentmeta", "pk": 3, "fields": {"classroom": "a7e2fac3aaad4bdba8aa6953b765d5b9", "attendance_marks": 10.0, "classtest_marks": 15.0, "pre_class_marks": 5.0, "in_class_marks": 5.0, "post_class_marks": 5.0}}, {"model": "classroom.assessment", "pk": 1, "fields": {"meta": 1, "student": 1, "attendance_score": null, "classtest_score": null}}, {"model": "classroom.assessment", "pk": 11, "fields": {"meta": 3, "student": 13, "attendance_score": null, "classtest_score": null}}, {"model": "classroom.assessment", "pk": 12, "fields": {"meta": 3, "student": 14, "attendance_score": null, "classtest_score": null}}, {"model": "classroom.assessment", "pk": 13, "fields": {"meta": 3, "student": 15, "attendance_score": null, "classtest_score": null}}, {"model": "classroom.assessment", "pk": 14, "fields": {"meta": 3, "student": 16, "attendance_score": null, "classtest_score": null}}, {"model": "classroom.assessment", "pk": 15, "fields": {"meta": 3, "student": 17, "attendance_score": null, "classtest_score": null}}, {"model": "classroom.assessment", "pk": 16, "fields": {"meta": 3, "student": 18, "attendance_score": null, "classtest_score": null}}, {"model": "classroom.assessment", "pk": 17, "fields": {"meta": 3, "student": 19, "attendance_score": null, "classtest_score": null}}, {"model": "classroom.assessment", "pk": 18, "fields": {"meta": 3, "student": 20, "attendance_score": null, "classtest_score": null}}, {"model": "classroom.assessment", "pk": 19, "fields": {"meta": 3, "student": 21, "attendance_score": null, "classtest_score": null}}, {"model": "classroom.assessment", "pk": 20, "fields": {"meta": 3, "student": 22, "attendance_score": null, "classtest_score": null}}, {"model": "classroom.assessment", "pk": 21, "fields": {"meta": 3, "student": 23, "attendance_score": null, "classtest_score": null}}, {"model": "classroom.assessment", "pk": 22, "fields": {"meta": 3, "student": 24, "attendance_score": null, "classtest_score": null}}, {"model": "classroom.assessment", "pk": 23, "fields": {"meta": 3, "student": 25, "attendance_score": null, "classtest_score": null}}, {"model": "classroom.assessment", "pk": 24, "fields": {"meta": 3, "student": 27, "attendance_score": null, "classtest_score": null}}, {"model": "classroom.assessment", "pk": 25, "fields": {"meta": 3, "student": 28, "attendance_score": null, "classtest_score": null}}, {"model": "classroom.assessment", "pk": 26, "fields": {"meta": 3, "student": 29, "attendance_score": null, "classtest_score": null}}, {"model": "classroom.assessment", "pk": 27, "fields": {"meta": 3, "student": 30, "attendance_score": null, "classtest_score": null}}, {"model": "accounts.account", "pk": 1, "fields": {"user": 1, "institution": "Sylhet Engineering College", "institutional_id": "2018338514", "is_student": false, "is_email_verified": true, "profile_picture": "profiles/dp/271127514_1553682834990485_4845700314503151632_n_1_Jt1SbKp.jpg"}}, {"model": "accounts.account", "pk": 2, "fields": {"user": 2, "institution": "Sylhet Engineering College", "institutional_id": "2018338514", "is_student": true, "is_email_verified": true, "profile_picture": "profiles/dp/avatar-119bfb025cccb73aabcb21cff46b2034.jpg"}}, {"model": "accounts.account", "pk": 3, "fields": {"user": 3, "institution": "Sec", "institutional_id": "3018338514", "is_student": true, "is_email_verified": true, "profile_picture": "profiles/dp/59cfe9deb6e58e4c23ce0bdb592447ee.png"}}, {"model": "accounts.account", "pk": 4, "fields": {"user": 4, "institution": "SEC", "institutional_id": "3018338514", "is_student": true, "is_email_verified": false, "profile_picture": ""}}, {"model": "accounts.account", "pk": 5, "fields": {"user": 6, "institution": null, "institutional_id": null, "is_student": false, "is_email_verified": false, "profile_picture": ""}}, {"model": "accounts.account", "pk": 6, "fields": {"user": 7, "institution": null, "institutional_id": null, "is_student": false, "is_email_verified": true, "profile_picture": "profiles/dp/IMG_1374_copy-7.jpg"}}, {"model": "accounts.account", "pk": 7, "fields": {"user": 8, "institution": "Sylhet Engineering College", "institutional_id": "2018338502", "is_student": true, "is_email_verified": false, "profile_picture": "profiles/dp/avatar-11ba06b1292c8fc913e0893b3626dfa7.jpg"}}, {"model": "accounts.account", "pk": 8, "fields": {"user": 9, "institution": "Sylhet Engineering College", "institutional_id": "2018338503", "is_student": true, "is_email_verified": false, "profile_picture": "profiles/dp/avatar-1169e10816dabf82362e173f8d551fc1.jpg"}}, {"model": "accounts.account", "pk": 9, "fields": {"user": 10, "institution": "Sylhet Engineering College", "institutional_id": "2018338504", "is_student": true, "is_email_verified": false, "profile_picture": "profiles/dp/avatar-110be66f2189e8146a1af1b6817a3bec.jpg"}}, {"model": "accounts.account", "pk": 10, "fields": {"user": 11, "institution": "Sylhet Engineering College", "institutional_id": "2018338505", "is_student": true, "is_email_verified": false, "profile_picture": "profiles/dp/avatar-11b7ef0efb70d031fb600a566926a588.jpg"}}, {"model": "accounts.account", "pk": 11, "fields": {"user": 12, "institution": "Sylhet Engineering College", "institutional_id": "2018338506", "is_student": true, "is_email_verified": false, "profile_picture": "profiles/dp/avatar-116bad91cc380d07d9a7563b72e90753.jpg"}}, {"model": "accounts.account", "pk": 12, "fields": {"user": 13, "institution": "Sylhet engineering College", "institutional_id": "2020338519", "is_student": true, "is_email_verified": true, "profile_picture": "profiles/dp/IMG_20221219_104140_291.jpg"}}, {"model": "accounts.account", "pk": 13, "fields": {"user": 14, "institution": "Sylhet Engineering College ", "institutional_id": "2020338527", "is_student": true, "is_email_verified": true, "profile_picture": "profiles/dp/FB_IMG_1677596950249.jpg"}}, {"model": "accounts.account", "pk": 14, "fields": {"user": 15, "institution": "Sylhet enginnering college ", "institutional_id": "2020338533", "is_student": true, "is_email_verified": true, "profile_picture": "profiles/dp/IMG-20221231-WA0015.jpg"}}, {"model": "accounts.account", "pk": 15, "fields": {"user": 16, "institution": "Sylhet Engineering College ", "institutional_id": "2020338503", "is_student": true, "is_email_verified": true, "profile_picture": "profiles/dp/27CA18CB-D044-4E55-A976-CF34BDC9924F.jpeg"}}, {"model": "accounts.account", "pk": 16, "fields": {"user": 17, "institution": "Sylhet Engineering college ", "institutional_id": "2020338529", "is_student": true, "is_email_verified": false, "profile_picture": "profiles/dp/IMG_20230228_205838_U5DQkap.jpg"}}, {"model": "accounts.account", "pk": 17, "fields": {"user": 18, "institution": "Sylhet Engineering College", "institutional_id": "2020338501", "is_student": true, "is_email_verified": true, "profile_picture": "profiles/dp/20230228_204110.jpg"}}, {"model": "accounts.account", "pk": 18, "fields": {"user": 19, "institution": "Sylhet engineering college ", "institutional_id": "2020338543", "is_student": true, "is_email_verified": true, "profile_picture": "profiles/dp/1615704491591_DSC03146.JPG"}}, {"model": "accounts.account", "pk": 19, "fields": {"user": 20, "institution": "Sylhet Engineering College ", "institutional_id": "2020338553", "is_student": true, "is_email_verified": true, "profile_picture": "profiles/dp/FB_IMG_1677594767598.jpg"}}, {"model": "accounts.account", "pk": 20, "fields": {"user": 21, "institution": "Sylhet Engineering College ", "institutional_id": "2020338541", "is_student": true, "is_email_verified": true, "profile_picture": "profiles/dp/1667709240214.jpg"}}, {"model": "accounts.account", "pk": 21, "fields": {"user": 22, "institution": "Sylhet Engineering College ", "institutional_id": "2020338556", "is_student": true, "is_email_verified": false, "profile_picture": "profiles/dp/SAVE_20230128_204923.jpg"}}, {"model": "accounts.account", "pk": 22, "fields": {"user": 23, "institution": "Sylhet engineering college,", "institutional_id": "2020338517", "is_student": true, "is_email_verified": false, "profile_picture": ""}}, {"model": "accounts.account", "pk": 23, "fields": {"user": 24, "institution": "Sylhet Engineering College ", "institutional_id": "2020338535", "is_student": true, "is_email_verified": false, "profile_picture": ""}}, {"model": "accounts.account", "pk": 24, "fields": {"user": 25, "institution": "Sylhet Engineering College ", "institutional_id": "2020338549", "is_student": true, "is_email_verified": true, "profile_picture": ""}}, {"model": "accounts.account", "pk": 25, "fields": {"user": 26, "institution": "Sylhet Engineering College", "institutional_id": "oWFjn0", "is_student": true, "is_email_verified": false, "profile_picture": "profiles/dp/Picsart_22-07-22_14-48-1_7-229.jpg"}}, {"model": "accounts.account", "pk": 26, "fields": {"user": 27, "institution": "Sylhet Engineering College ", "institutional_id": "2020338545", "is_student": true, "is_email_verified": true, "profile_picture": "profiles/dp/20230222_131100.jpg"}}, {"model": "accounts.account", "pk": 27, "fields": {"user": 28, "institution": "Sylhet Engineering College ", "institutional_id": "2020338547", "is_student": true, "is_email_verified": false, "profile_picture": ""}}, {"model": "accounts.account", "pk": 28, "fields": {"user": 29, "institution": "Sylhet Engineering College ", "institutional_id": "2020338559", "is_student": true, "is_email_verified": false, "profile_picture": ""}}, {"model": "accounts.account", "pk": 29, "fields": {"user": 30, "institution": "Sylhet Engineering College", "institutional_id": "2020338525", "is_student": true, "is_email_verified": true, "profile_picture": "profiles/dp/meeee.jpg"}}, {"model": "accounts.account", "pk": 30, "fields": {"user": 31, "institution": "Sylhet Engineering College ", "institutional_id": "2020338539", "is_student": true, "is_email_verified": true, "profile_picture": "profiles/dp/IMG_20230212_100812.jpg"}}, {"model": "accounts.account", "pk": 31, "fields": {"user": 32, "institution": "Sylhet Engineering College ", "institutional_id": "2020338509", "is_student": true, "is_email_verified": true, "profile_picture": "profiles/dp/IMG20221101113122.jpg"}}, {"model": "accounts.account", "pk": 32, "fields": {"user": 33, "institution": "Sylhet Engineering College ", "institutional_id": "2020338548", "is_student": true, "is_email_verified": false, "profile_picture": ""}}, {"model": "accounts.account", "pk": 33, "fields": {"user": 34, "institution": "Sylhet Engineering college ", "institutional_id": "2020338565", "is_student": true, "is_email_verified": false, "profile_picture": "profiles/dp/RAJ_0317-02.jpeg"}}, {"model": "weeklies.weekly", "pk": "7efdda8765c84506aae64e66cd4c3c6a", "fields": {"weeknum": 1, "topic": "basics", "classroom": "a7e2fac3aaad4bdba8aa6953b765d5b9", "created": "2023-02-16T16:39:08.861Z", "pre_class_instruction": null, "in_class_instruction": null, "post_class_instruction": null}}, {"model": "weeklies.weekly", "pk": "7f0ce959917f442c931855a89639dd93", "fields": {"weeknum": 1, "topic": "basics", "classroom": "05d24d97d8a24f3c80862a3239a56b50", "created": "2023-03-02T13:18:15.192Z", "pre_class_instruction": null, "in_class_instruction": null, "post_class_instruction": null}}, {"model": "weeklies.weekly", "pk": "9eaa73ea534241df8a49cf7c9cfddd71", "fields": {"weeknum": 2, "topic": "intermediate", "classroom": "a7e2fac3aaad4bdba8aa6953b765d5b9", "created": "2023-02-16T16:39:31.779Z", "pre_class_instruction": null, "in_class_instruction": null, "post_class_instruction": null}}, {"model": "weeklies.preclassfile", "pk": 5, "fields": {"weekly": "9eaa73ea534241df8a49cf7c9cfddd71", "must_study": true, "attached_file": "attachments/a7e2fac3aaad4bdba8aa6953b765d5b9/weekly/9eaa73ea534241df8a49cf7c9cfddd71/preclass/class_week_2.pdf"}}, {"model": "weeklies.preclassfile", "pk": 6, "fields": {"weekly": "9eaa73ea534241df8a49cf7c9cfddd71", "must_study": false, "attached_file": "attachments/a7e2fac3aaad4bdba8aa6953b765d5b9/weekly/9eaa73ea534241df8a49cf7c9cfddd71/preclass/P-N_JUNCTION.mp4"}}, {"model": "weeklies.preclassfile", "pk": 7, "fields": {"weekly": "9eaa73ea534241df8a49cf7c9cfddd71", "must_study": true, "attached_file": "attachments/a7e2fac3aaad4bdba8aa6953b765d5b9/weekly/9eaa73ea534241df8a49cf7c9cfddd71/preclass/class_week-2.pdf"}}, {"model": "weeklies.preclassfile", "pk": 8, "fields": {"weekly": "9eaa73ea534241df8a49cf7c9cfddd71", "must_study": false, "attached_file": "attachments/a7e2fac3aaad4bdba8aa6953b765d5b9/weekly/9eaa73ea534241df8a49cf7c9cfddd71/preclass/Lesson_plan.pdf"}}, {"model": "weeklies.forumpost", "pk": 1, "fields": {"weekly": "9eaa73ea534241df8a49cf7c9cfddd71", "author": 1, "postcontent": "I have uploaded a class materials and an animated video; also created a class test. Everyone try to participate in time.", "added": "2023-02-28T16:08:43.013Z", "updated": "2023-02-28T16:08:43.013Z"}}]