[{"model": "admin.logentry", "pk": 1, "fields": {"action_time": "2022-10-23T09:18:14.849Z", "user": 1, "content_type": 14, "object_id": "b5648ea3363b4102adbdab605ee2622b", "object_repr": "Django Learners - b5648ea3363b4102adbdab605ee2622b", "action_flag": 1, "change_message": "[{\"added\": {}}]"}}, {"model": "admin.logentry", "pk": 2, "fields": {"action_time": "2022-10-23T14:09:43.584Z", "user": 1, "content_type": 19, "object_id": "1", "object_repr": "rony", "action_flag": 1, "change_message": "[{\"added\": {}}]"}}, {"model": "admin.logentry", "pk": 3, "fields": {"action_time": "2022-10-23T14:27:39.522Z", "user": 1, "content_type": 8, "object_id": "0c131f3a56374229a94516aa40522109", "object_repr": "Test Id: 0c131f3a56374229a94516aa40522109", "action_flag": 1, "change_message": "[{\"added\": {}}]"}}, {"model": "admin.logentry", "pk": 4, "fields": {"action_time": "2022-10-23T14:29:34.029Z", "user": 1, "content_type": 8, "object_id": "02cd27ff530548e78af2c93d4e5e8e5a", "object_repr": "Test Id: 02cd27ff530548e78af2c93d4e5e8e5a", "action_flag": 2, "change_message": "[{\"changed\": {\"fields\": [\"Schedule\"]}}]"}}, {"model": "admin.logentry", "pk": 5, "fields": {"action_time": "2022-10-23T16:28:45.694Z", "user": 1, "content_type": 13, "object_id": "694821ea9608409389db07b62b1f90fc", "object_repr": "Assignment object (694821ea9608409389db07b62b1f90fc)", "action_flag": 1, "change_message": "[{\"added\": {}}]"}}, {"model": "admin.logentry", "pk": 6, "fields": {"action_time": "2022-10-23T17:02:08.688Z", "user": 1, "content_type": 14, "object_id": "4b5841da6df5402ea929c0751594e81a", "object_repr": "New classroom - 4b5841da6df5402ea929c0751594e81a", "action_flag": 1, "change_message": "[{\"added\": {}}]"}}, {"model": "admin.logentry", "pk": 7, "fields": {"action_time": "2022-10-23T17:44:38.900Z", "user": 1, "content_type": 15, "object_id": "b0529c66c73a473d80320e0674782add", "object_repr": "Post id-b0529c66c73a473d80320e0674782add of: New classroom - 4b5841da6df5402ea929c0751594e81a", "action_flag": 3, "change_message": ""}}, {"model": "admin.logentry", "pk": 8, "fields": {"action_time": "2022-10-23T19:17:19.388Z", "user": 1, "content_type": 8, "object_id": "02cd27ff530548e78af2c93d4e5e8e5a", "object_repr": "Test Id: 02cd27ff530548e78af2c93d4e5e8e5a", "action_flag": 2, "change_message": "[{\"changed\": {\"fields\": [\"Expired\"]}}]"}}, {"model": "admin.logentry", "pk": 9, "fields": {"action_time": "2022-10-23T19:18:37.651Z", "user": 1, "content_type": 8, "object_id": "9ba33ca8da4a4daba27ad718e28dd4b8", "object_repr": "Test Id: 9ba33ca8da4a4daba27ad718e28dd4b8", "action_flag": 1, "change_message": "[{\"added\": {}}]"}}, {"model": "admin.logentry", "pk": 10, "fields": {"action_time": "2022-10-23T19:21:35.168Z", "user": 1, "content_type": 7, "object_id": "119e7dc421d84dd8a0af3b886240b132", "object_repr": "AnswerSheet object (119e7dc421d84dd8a0af3b886240b132)", "action_flag": 1, "change_message": "[{\"added\": {}}]"}}, {"model": "admin.logentry", "pk": 11, "fields": {"action_time": "2022-10-23T19:23:56.848Z", "user": 1, "content_type": 7, "object_id": "dd7297ee45214f9581adeca3d5ece6b9", "object_repr": "AnswerSheet object (dd7297ee45214f9581adeca3d5ece6b9)", "action_flag": 1, "change_message": "[{\"added\": {}}]"}}, {"model": "admin.logentry", "pk": 12, "fields": {"action_time": "2022-10-23T19:25:35.912Z", "user": 1, "content_type": 8, "object_id": "eab8412e9baa43539beb024d94ab07ac", "object_repr": "Test Id: eab8412e9baa43539beb024d94ab07ac", "action_flag": 1, "change_message": "[{\"added\": {}}]"}}, {"model": "admin.logentry", "pk": 13, "fields": {"action_time": "2022-10-23T19:26:52.606Z", "user": 1, "content_type": 8, "object_id": "eab8412e9baa43539beb024d94ab07ac", "object_repr": "Test Id: eab8412e9baa43539beb024d94ab07ac", "action_flag": 2, "change_message": "[{\"changed\": {\"fields\": [\"Expired\"]}}]"}}, {"model": "admin.logentry", "pk": 14, "fields": {"action_time": "2022-10-23T19:27:02.523Z", "user": 1, "content_type": 8, "object_id": "eab8412e9baa43539beb024d94ab07ac", "object_repr": "Test Id: eab8412e9baa43539beb024d94ab07ac", "action_flag": 2, "change_message": "[{\"changed\": {\"fields\": [\"Expired\"]}}]"}}, {"model": "admin.logentry", "pk": 15, "fields": {"action_time": "2022-10-23T19:43:21.931Z", "user": 1, "content_type": 8, "object_id": "9ba33ca8da4a4daba27ad718e28dd4b8", "object_repr": "Test Id: 9ba33ca8da4a4daba27ad718e28dd4b8", "action_flag": 3, "change_message": ""}}, {"model": "admin.logentry", "pk": 16, "fields": {"action_time": "2022-10-23T20:08:23.819Z", "user": 1, "content_type": 8, "object_id": "eab8412e9baa43539beb024d94ab07ac", "object_repr": "Test Id: eab8412e9baa43539beb024d94ab07ac", "action_flag": 3, "change_message": ""}}, {"model": "admin.logentry", "pk": 17, "fields": {"action_time": "2022-10-24T04:55:33.761Z", "user": 1, "content_type": 7, "object_id": "dd7297ee45214f9581adeca3d5ece6b9", "object_repr": "AnswerSheet object (dd7297ee45214f9581adeca3d5ece6b9)", "action_flag": 3, "change_message": ""}}, {"model": "admin.logentry", "pk": 18, "fields": {"action_time": "2022-10-24T04:55:58.241Z", "user": 1, "content_type": 7, "object_id": "119e7dc421d84dd8a0af3b886240b132", "object_repr": "AnswerSheet object (119e7dc421d84dd8a0af3b886240b132)", "action_flag": 3, "change_message": ""}}, {"model": "auth.permission", "pk": 1, "fields": {"name": "Can add log entry", "content_type": 1, "codename": "add_logentry"}}, {"model": "auth.permission", "pk": 2, "fields": {"name": "Can change log entry", "content_type": 1, "codename": "change_logentry"}}, {"model": "auth.permission", "pk": 3, "fields": {"name": "Can delete log entry", "content_type": 1, "codename": "delete_logentry"}}, {"model": "auth.permission", "pk": 4, "fields": {"name": "Can view log entry", "content_type": 1, "codename": "view_logentry"}}, {"model": "auth.permission", "pk": 5, "fields": {"name": "Can add permission", "content_type": 2, "codename": "add_permission"}}, {"model": "auth.permission", "pk": 6, "fields": {"name": "Can change permission", "content_type": 2, "codename": "change_permission"}}, {"model": "auth.permission", "pk": 7, "fields": {"name": "Can delete permission", "content_type": 2, "codename": "delete_permission"}}, {"model": "auth.permission", "pk": 8, "fields": {"name": "Can view permission", "content_type": 2, "codename": "view_permission"}}, {"model": "auth.permission", "pk": 9, "fields": {"name": "Can add group", "content_type": 3, "codename": "add_group"}}, {"model": "auth.permission", "pk": 10, "fields": {"name": "Can change group", "content_type": 3, "codename": "change_group"}}, {"model": "auth.permission", "pk": 11, "fields": {"name": "Can delete group", "content_type": 3, "codename": "delete_group"}}, {"model": "auth.permission", "pk": 12, "fields": {"name": "Can view group", "content_type": 3, "codename": "view_group"}}, {"model": "auth.permission", "pk": 13, "fields": {"name": "Can add user", "content_type": 4, "codename": "add_user"}}, {"model": "auth.permission", "pk": 14, "fields": {"name": "Can change user", "content_type": 4, "codename": "change_user"}}, {"model": "auth.permission", "pk": 15, "fields": {"name": "Can delete user", "content_type": 4, "codename": "delete_user"}}, {"model": "auth.permission", "pk": 16, "fields": {"name": "Can view user", "content_type": 4, "codename": "view_user"}}, {"model": "auth.permission", "pk": 17, "fields": {"name": "Can add content type", "content_type": 5, "codename": "add_contenttype"}}, {"model": "auth.permission", "pk": 18, "fields": {"name": "Can change content type", "content_type": 5, "codename": "change_contenttype"}}, {"model": "auth.permission", "pk": 19, "fields": {"name": "Can delete content type", "content_type": 5, "codename": "delete_contenttype"}}, {"model": "auth.permission", "pk": 20, "fields": {"name": "Can view content type", "content_type": 5, "codename": "view_contenttype"}}, {"model": "auth.permission", "pk": 21, "fields": {"name": "Can add session", "content_type": 6, "codename": "add_session"}}, {"model": "auth.permission", "pk": 22, "fields": {"name": "Can change session", "content_type": 6, "codename": "change_session"}}, {"model": "auth.permission", "pk": 23, "fields": {"name": "Can delete session", "content_type": 6, "codename": "delete_session"}}, {"model": "auth.permission", "pk": 24, "fields": {"name": "Can view session", "content_type": 6, "codename": "view_session"}}, {"model": "auth.permission", "pk": 25, "fields": {"name": "Can add answer sheet", "content_type": 7, "codename": "add_answersheet"}}, {"model": "auth.permission", "pk": 26, "fields": {"name": "Can change answer sheet", "content_type": 7, "codename": "change_answersheet"}}, {"model": "auth.permission", "pk": 27, "fields": {"name": "Can delete answer sheet", "content_type": 7, "codename": "delete_answersheet"}}, {"model": "auth.permission", "pk": 28, "fields": {"name": "Can view answer sheet", "content_type": 7, "codename": "view_answersheet"}}, {"model": "auth.permission", "pk": 29, "fields": {"name": "Can add test", "content_type": 8, "codename": "add_test"}}, {"model": "auth.permission", "pk": 30, "fields": {"name": "Can change test", "content_type": 8, "codename": "change_test"}}, {"model": "auth.permission", "pk": 31, "fields": {"name": "Can delete test", "content_type": 8, "codename": "delete_test"}}, {"model": "auth.permission", "pk": 32, "fields": {"name": "Can view test", "content_type": 8, "codename": "view_test"}}, {"model": "auth.permission", "pk": 33, "fields": {"name": "Can add question", "content_type": 9, "codename": "add_question"}}, {"model": "auth.permission", "pk": 34, "fields": {"name": "Can change question", "content_type": 9, "codename": "change_question"}}, {"model": "auth.permission", "pk": 35, "fields": {"name": "Can delete question", "content_type": 9, "codename": "delete_question"}}, {"model": "auth.permission", "pk": 36, "fields": {"name": "Can view question", "content_type": 9, "codename": "view_question"}}, {"model": "auth.permission", "pk": 37, "fields": {"name": "Can add mcq option", "content_type": 10, "codename": "add_mcqoption"}}, {"model": "auth.permission", "pk": 38, "fields": {"name": "Can change mcq option", "content_type": 10, "codename": "change_mcqoption"}}, {"model": "auth.permission", "pk": 39, "fields": {"name": "Can delete mcq option", "content_type": 10, "codename": "delete_mcqoption"}}, {"model": "auth.permission", "pk": 40, "fields": {"name": "Can view mcq option", "content_type": 10, "codename": "view_mcqoption"}}, {"model": "auth.permission", "pk": 41, "fields": {"name": "Can add mcq answer", "content_type": 11, "codename": "add_mcqanswer"}}, {"model": "auth.permission", "pk": 42, "fields": {"name": "Can change mcq answer", "content_type": 11, "codename": "change_mcqanswer"}}, {"model": "auth.permission", "pk": 43, "fields": {"name": "Can delete mcq answer", "content_type": 11, "codename": "delete_mcqanswer"}}, {"model": "auth.permission", "pk": 44, "fields": {"name": "Can view mcq answer", "content_type": 11, "codename": "view_mcqanswer"}}, {"model": "auth.permission", "pk": 45, "fields": {"name": "Can add descriptive answer", "content_type": 12, "codename": "add_descriptiveanswer"}}, {"model": "auth.permission", "pk": 46, "fields": {"name": "Can change descriptive answer", "content_type": 12, "codename": "change_descriptiveanswer"}}, {"model": "auth.permission", "pk": 47, "fields": {"name": "Can delete descriptive answer", "content_type": 12, "codename": "delete_descriptiveanswer"}}, {"model": "auth.permission", "pk": 48, "fields": {"name": "Can view descriptive answer", "content_type": 12, "codename": "view_descriptiveanswer"}}, {"model": "auth.permission", "pk": 49, "fields": {"name": "Can add assignment", "content_type": 13, "codename": "add_assignment"}}, {"model": "auth.permission", "pk": 50, "fields": {"name": "Can change assignment", "content_type": 13, "codename": "change_assignment"}}, {"model": "auth.permission", "pk": 51, "fields": {"name": "Can delete assignment", "content_type": 13, "codename": "delete_assignment"}}, {"model": "auth.permission", "pk": 52, "fields": {"name": "Can view assignment", "content_type": 13, "codename": "view_assignment"}}, {"model": "auth.permission", "pk": 53, "fields": {"name": "Can add classroom", "content_type": 14, "codename": "add_classroom"}}, {"model": "auth.permission", "pk": 54, "fields": {"name": "Can change classroom", "content_type": 14, "codename": "change_classroom"}}, {"model": "auth.permission", "pk": 55, "fields": {"name": "Can delete classroom", "content_type": 14, "codename": "delete_classroom"}}, {"model": "auth.permission", "pk": 56, "fields": {"name": "Can view classroom", "content_type": 14, "codename": "view_classroom"}}, {"model": "auth.permission", "pk": 57, "fields": {"name": "Can add classroom post", "content_type": 15, "codename": "add_classroompost"}}, {"model": "auth.permission", "pk": 58, "fields": {"name": "Can change classroom post", "content_type": 15, "codename": "change_classroompost"}}, {"model": "auth.permission", "pk": 59, "fields": {"name": "Can delete classroom post", "content_type": 15, "codename": "delete_classroompost"}}, {"model": "auth.permission", "pk": 60, "fields": {"name": "Can view classroom post", "content_type": 15, "codename": "view_classroompost"}}, {"model": "auth.permission", "pk": 61, "fields": {"name": "Can add post attachment", "content_type": 16, "codename": "add_postattachment"}}, {"model": "auth.permission", "pk": 62, "fields": {"name": "Can change post attachment", "content_type": 16, "codename": "change_postattachment"}}, {"model": "auth.permission", "pk": 63, "fields": {"name": "Can delete post attachment", "content_type": 16, "codename": "delete_postattachment"}}, {"model": "auth.permission", "pk": 64, "fields": {"name": "Can view post attachment", "content_type": 16, "codename": "view_postattachment"}}, {"model": "auth.permission", "pk": 65, "fields": {"name": "Can add comment", "content_type": 17, "codename": "add_comment"}}, {"model": "auth.permission", "pk": 66, "fields": {"name": "Can change comment", "content_type": 17, "codename": "change_comment"}}, {"model": "auth.permission", "pk": 67, "fields": {"name": "Can delete comment", "content_type": 17, "codename": "delete_comment"}}, {"model": "auth.permission", "pk": 68, "fields": {"name": "Can view comment", "content_type": 17, "codename": "view_comment"}}, {"model": "auth.permission", "pk": 69, "fields": {"name": "Can add assignment attachment", "content_type": 18, "codename": "add_assignmentattachment"}}, {"model": "auth.permission", "pk": 70, "fields": {"name": "Can change assignment attachment", "content_type": 18, "codename": "change_assignmentattachment"}}, {"model": "auth.permission", "pk": 71, "fields": {"name": "Can delete assignment attachment", "content_type": 18, "codename": "delete_assignmentattachment"}}, {"model": "auth.permission", "pk": 72, "fields": {"name": "Can view assignment attachment", "content_type": 18, "codename": "view_assignmentattachment"}}, {"model": "auth.permission", "pk": 73, "fields": {"name": "Can add account", "content_type": 19, "codename": "add_account"}}, {"model": "auth.permission", "pk": 74, "fields": {"name": "Can change account", "content_type": 19, "codename": "change_account"}}, {"model": "auth.permission", "pk": 75, "fields": {"name": "Can delete account", "content_type": 19, "codename": "delete_account"}}, {"model": "auth.permission", "pk": 76, "fields": {"name": "Can view account", "content_type": 19, "codename": "view_account"}}, {"model": "auth.user", "pk": 1, "fields": {"password": "pbkdf2_sha256$260000$pqcPTYhJ22Cxa8BKCVyg0Z$sIRsIy9V8Vh+DAVVVAUaP/p23PDeIIAH00SmGTCZjzQ=", "last_login": "2022-10-23T13:21:29.422Z", "is_superuser": true, "username": "rony", "first_name": "", "last_name": "", "email": "", "is_staff": true, "is_active": true, "date_joined": "2022-10-23T09:16:04.985Z", "groups": [], "user_permissions": []}}, {"model": "auth.user", "pk": 2, "fields": {"password": "pbkdf2_sha256$260000$KWsOZl5gMPtvgyf5EtFeBS$Ltg//8c/Zf5SyyXDen5zOzIPH7hY6Y9qAZ21JcdTHXc=", "last_login": "2022-10-23T19:28:12.593Z", "is_superuser": false, "username": "mason", "first_name": "Mason", "last_name": "Barnard", "email": "mason", "is_staff": false, "is_active": true, "date_joined": "2022-10-23T19:28:12.364Z", "groups": [], "user_permissions": []}}, {"model": "contenttypes.contenttype", "pk": 1, "fields": {"app_label": "admin", "model": "logentry"}}, {"model": "contenttypes.contenttype", "pk": 2, "fields": {"app_label": "auth", "model": "permission"}}, {"model": "contenttypes.contenttype", "pk": 3, "fields": {"app_label": "auth", "model": "group"}}, {"model": "contenttypes.contenttype", "pk": 4, "fields": {"app_label": "auth", "model": "user"}}, {"model": "contenttypes.contenttype", "pk": 5, "fields": {"app_label": "contenttypes", "model": "contenttype"}}, {"model": "contenttypes.contenttype", "pk": 6, "fields": {"app_label": "sessions", "model": "session"}}, {"model": "contenttypes.contenttype", "pk": 7, "fields": {"app_label": "exam", "model": "answersheet"}}, {"model": "contenttypes.contenttype", "pk": 8, "fields": {"app_label": "exam", "model": "test"}}, {"model": "contenttypes.contenttype", "pk": 9, "fields": {"app_label": "exam", "model": "question"}}, {"model": "contenttypes.contenttype", "pk": 10, "fields": {"app_label": "exam", "model": "mcqoption"}}, {"model": "contenttypes.contenttype", "pk": 11, "fields": {"app_label": "exam", "model": "mcqanswer"}}, {"model": "contenttypes.contenttype", "pk": 12, "fields": {"app_label": "exam", "model": "descriptiveanswer"}}, {"model": "contenttypes.contenttype", "pk": 13, "fields": {"app_label": "classroom", "model": "assignment"}}, {"model": "contenttypes.contenttype", "pk": 14, "fields": {"app_label": "classroom", "model": "classroom"}}, {"model": "contenttypes.contenttype", "pk": 15, "fields": {"app_label": "classroom", "model": "classroompost"}}, {"model": "contenttypes.contenttype", "pk": 16, "fields": {"app_label": "classroom", "model": "postattachment"}}, {"model": "contenttypes.contenttype", "pk": 17, "fields": {"app_label": "classroom", "model": "comment"}}, {"model": "contenttypes.contenttype", "pk": 18, "fields": {"app_label": "classroom", "model": "assignmentattachment"}}, {"model": "contenttypes.contenttype", "pk": 19, "fields": {"app_label": "accounts", "model": "account"}}, {"model": "sessions.session", "pk": "bkelqkst86uqptf55ktt2zrifjnmxf7f", "fields": {"session_data": ".eJxVjDsOwjAQBe_iGlnxOv5R0nMGa3dt4wBypDipEHeHSCmgfTPzXiLitta49bzEKYmzUOL0uxHyI7cdpDu22yx5busykdwVedAur3PKz8vh_h1U7PVbO6WhcLKjV5qLUcTgiQoiWg8GXEBlCf3AToPRLhBZIDKECQZlwyjeH-S0N7s:1omX5q:Nv9DS_IPbUT6-KNzjkbyv19Qna6eAB7sAgtiNL_tIRU", "expire_date": "2022-11-06T09:16:30.806Z"}}, {"model": "sessions.session", "pk": "bv68vxy9qsvc2i63i8uoldga1monfxtx", "fields": {"session_data": ".eJxVjDEOgzAMAP-SuYocEgPu2J03IAc7hbZKJAJT1b9XSAztene6txl53-Zxr7qOi5iraczll0WenpoPIQ_O92Knkrd1ifZI7GmrHYro63a2f4OZ63xsg2fnURORtF6RMCSK0LnE5FvsgMQ3IQj0DA663hEoORVMHLEPYD5fuqQ2vQ:1omgdo:XAqsE-sZCiU-EUR9zMrS9K_3Xhns5E-4qcrYseCeWcM", "expire_date": "2022-11-06T19:28:12.599Z"}}, {"model": "exam.test", "pk": "02cd27ff530548e78af2c93d4e5e8e5a", "fields": {"classroom": "b5648ea3363b4102adbdab605ee2622b", "title": "sdsdsad", "info": "sdsdsdsad", "duration_seconds": 300, "user": 1, "schedule": "2022-10-13T06:00:00Z", "created": "2022-10-23T09:20:12.942Z", "expired": true}}, {"model": "exam.test", "pk": "0c131f3a56374229a94516aa40522109", "fields": {"classroom": "b5648ea3363b4102adbdab605ee2622b", "title": "ffgf", "info": "dssds", "duration_seconds": 100, "user": 1, "schedule": "2022-10-31T18:00:00Z", "created": "2022-10-23T14:27:39.520Z", "expired": false}}, {"model": "exam.test", "pk": "21549653b2dc4cffac05e9469c4f2c1a", "fields": {"classroom": "b5648ea3363b4102adbdab605ee2622b", "title": "sdsdsad", "info": "sdsdsdsad", "duration_seconds": 300, "user": 1, "schedule": "2022-10-29T05:00:00Z", "created": "2022-10-23T09:22:38.906Z", "expired": false}}, {"model": "exam.test", "pk": "426a7001ac514d6583e68a3064bfcc65", "fields": {"classroom": "b5648ea3363b4102adbdab605ee2622b", "title": "django basics test 2", "info": "do not search on the internet for answers", "duration_seconds": 60, "user": 1, "schedule": "2022-10-24T05:40:00Z", "created": "2022-10-24T05:37:25.106Z", "expired": false}}, {"model": "exam.test", "pk": "e419faeed8d34c0f9e5d357c30cf4d5f", "fields": {"classroom": "b5648ea3363b4102adbdab605ee2622b", "title": "django basics test 1", "info": "do search on the internet for answers", "duration_seconds": 60, "user": 1, "schedule": "2022-10-23T20:10:00Z", "created": "2022-10-23T20:06:31.115Z", "expired": false}}, {"model": "exam.question", "pk": 1, "fields": {"test": "02cd27ff530548e78af2c93d4e5e8e5a", "statement": "ssds", "marks": 3.0, "is_descriptive": true, "ans_as_img": false}}, {"model": "exam.question", "pk": 2, "fields": {"test": "21549653b2dc4cffac05e9469c4f2c1a", "statement": "ghg", "marks": 5.0, "is_descriptive": true, "ans_as_img": false}}, {"model": "exam.question", "pk": 3, "fields": {"test": "e419faeed8d34c0f9e5d357c30cf4d5f", "statement": "which is not a shortcut fucntion?", "marks": 5.0, "is_descriptive": false, "ans_as_img": false}}, {"model": "exam.question", "pk": 4, "fields": {"test": "426a7001ac514d6583e68a3064bfcc65", "statement": "which one is wrong?", "marks": 10.0, "is_descriptive": false, "ans_as_img": false}}, {"model": "exam.mcqoption", "pk": 1, "fields": {"question": 3, "option_text": "render", "is_correct": false}}, {"model": "exam.mcqoption", "pk": 2, "fields": {"question": 3, "option_text": "reverse", "is_correct": true}}, {"model": "exam.mcqoption", "pk": 3, "fields": {"question": 3, "option_text": "get_object_or_404", "is_correct": false}}, {"model": "exam.mcqoption", "pk": 4, "fields": {"question": 3, "option_text": "redirect", "is_correct": false}}, {"model": "exam.mcqoption", "pk": 5, "fields": {"question": 4, "option_text": "from django.auth.models import User", "is_correct": false}}, {"model": "exam.mcqoption", "pk": 6, "fields": {"question": 4, "option_text": "from django.utils import timezone", "is_correct": false}}, {"model": "exam.mcqoption", "pk": 7, "fields": {"question": 4, "option_text": "from django.shortcuts import JSONResponse", "is_correct": true}}, {"model": "exam.mcqoption", "pk": 8, "fields": {"question": 4, "option_text": "from django.urls import reverse", "is_correct": false}}, {"model": "exam.answersheet", "pk": "7a590d43115b4b258d658644f3a8ecf5", "fields": {"test": "426a7001ac514d6583e68a3064bfcc65", "user": 2, "issue_time": "2022-10-24T05:40:24.472Z", "submit_time": "2022-10-24T05:40:46.664Z"}}, {"model": "exam.answersheet", "pk": "dcb10a94cf034f85b36d6b79af670a4e", "fields": {"test": "e419faeed8d34c0f9e5d357c30cf4d5f", "user": 2, "issue_time": "2022-10-23T20:11:17.229Z", "submit_time": "2022-10-23T20:17:25.020Z"}}, {"model": "exam.mcqanswer", "pk": 1, "fields": {"question": 3, "answer_sheet": "dcb10a94cf034f85b36d6b79af670a4e", "option_chosen": 2, "submission_time": "2022-10-23T20:12:17.296Z"}}, {"model": "exam.mcqanswer", "pk": 2, "fields": {"question": 3, "answer_sheet": "dcb10a94cf034f85b36d6b79af670a4e", "option_chosen": 2, "submission_time": "2022-10-23T20:12:27.148Z"}}, {"model": "exam.mcqanswer", "pk": 3, "fields": {"question": 3, "answer_sheet": "dcb10a94cf034f85b36d6b79af670a4e", "option_chosen": 2, "submission_time": "2022-10-23T20:17:25.004Z"}}, {"model": "exam.mcqanswer", "pk": 4, "fields": {"question": 4, "answer_sheet": "7a590d43115b4b258d658644f3a8ecf5", "option_chosen": 7, "submission_time": "2022-10-24T05:40:46.657Z"}}, {"model": "classroom.classroom", "pk": "4b5841da6df5402ea929c0751594e81a", "fields": {"name": "New classroom", "course": "EEE 607", "created": "2022-10-23T17:02:08.684Z", "teachers": [1], "students": []}}, {"model": "classroom.classroom", "pk": "b5648ea3363b4102adbdab605ee2622b", "fields": {"name": "Django Learners", "course": "Dj-101", "created": "2022-10-23T09:18:14.841Z", "teachers": [1], "students": [2]}}, {"model": "classroom.classroompost", "pk": "1e17b99b4da44694b719f7d7cc609a63", "fields": {"classroom": "b5648ea3363b4102adbdab605ee2622b", "description": "something as a post description", "author": 1, "posted": "2022-10-23T19:23:07.739Z"}}, {"model": "classroom.classroompost", "pk": "7aa5121f0ffb496895e5673701df5026", "fields": {"classroom": "b5648ea3363b4102adbdab605ee2622b", "description": "post 1", "author": 1, "posted": "2022-10-23T13:22:03.963Z"}}, {"model": "classroom.classroompost", "pk": "9a9a9632ff5844068771ad9638ae40eb", "fields": {"classroom": "b5648ea3363b4102adbdab605ee2622b", "description": "fgggggggggggggggdgdgdggdg", "author": 1, "posted": "2022-10-23T19:26:09.815Z"}}, {"model": "classroom.postattachment", "pk": 1, "fields": {"classroom_post": "7aa5121f0ffb496895e5673701df5026", "attached_file": "attachments/b5648ea3363b4102adbdab605ee2622b/Alternating_current_theory.pdf"}}, {"model": "classroom.postattachment", "pk": 2, "fields": {"classroom_post": "9a9a9632ff5844068771ad9638ae40eb", "attached_file": "attachments/b5648ea3363b4102adbdab605ee2622b/296775432_727606348429190_4997310415184021533_n.jpg"}}, {"model": "classroom.comment", "pk": "0f2df116165c4a72826d38b14c6823f7", "fields": {"post": "9a9a9632ff5844068771ad9638ae40eb", "author": 2, "parent": "1027edc845934cf393720f3c950c6351", "comment_text": "my reply", "comment_time": "2022-10-23T19:42:28.549Z"}}, {"model": "classroom.comment", "pk": "1027edc845934cf393720f3c950c6351", "fields": {"post": "9a9a9632ff5844068771ad9638ae40eb", "author": 2, "parent": null, "comment_text": "a comment", "comment_time": "2022-10-23T19:29:27.622Z"}}, {"model": "classroom.comment", "pk": "19ef6abdc58c41e5a6ae00965eb3edde", "fields": {"post": "7aa5121f0ffb496895e5673701df5026", "author": 1, "parent": null, "comment_text": "new comment", "comment_time": "2022-10-23T13:22:19.649Z"}}, {"model": "classroom.comment", "pk": "315e0d59bee247cca08406eebe052ce2", "fields": {"post": "9a9a9632ff5844068771ad9638ae40eb", "author": 1, "parent": "1027edc845934cf393720f3c950c6351", "comment_text": "a reply", "comment_time": "2022-10-23T19:29:53.583Z"}}, {"model": "classroom.comment", "pk": "614294c89fea46a7b21354566020632c", "fields": {"post": "7aa5121f0ffb496895e5673701df5026", "author": 1, "parent": "19ef6abdc58c41e5a6ae00965eb3edde", "comment_text": "dfdfd", "comment_time": "2022-10-23T14:08:43.162Z"}}, {"model": "classroom.comment", "pk": "b438db866b644958a2f9b4292afd04a9", "fields": {"post": "7aa5121f0ffb496895e5673701df5026", "author": 1, "parent": null, "comment_text": "new comment", "comment_time": "2022-10-23T13:22:16.680Z"}}, {"model": "classroom.comment", "pk": "dc417a8a8a5d4f22a8c2e9cd7f7d53b2", "fields": {"post": "7aa5121f0ffb496895e5673701df5026", "author": 1, "parent": null, "comment_text": "pwe", "comment_time": "2022-10-23T14:09:57.458Z"}}, {"model": "classroom.assignment", "pk": "694821ea9608409389db07b62b1f90fc", "fields": {"classroom": "b5648ea3363b4102adbdab605ee2622b", "title": "some title text", "instructions": "", "submission_deadline": "2022-10-28T16:28:43Z", "created": "2022-10-23T16:28:45.693Z"}}, {"model": "accounts.account", "pk": 1, "fields": {"user": 1, "institution": "sec", "profile_picture": ""}}, {"model": "accounts.account", "pk": 2, "fields": {"user": 2, "institution": "SEC", "profile_picture": "profiles/dp/dp3_vPVbfQj.jpg"}}]