[{"model": "admin.logentry", "pk": 1, "fields": {"action_time": "2022-10-25T08:25:01.323Z", "user": 2, "content_type": 4, "object_id": "1", "object_repr": "rony", "action_flag": 2, "change_message": "[{\"changed\": {\"fields\": [\"Email address\", \"Staff status\", \"Superuser status\"]}}]"}}, {"model": "admin.logentry", "pk": 2, "fields": {"action_time": "2022-10-25T08:53:53.289Z", "user": 1, "content_type": 11, "object_id": "2", "object_repr": "Answer Id: 2 to the question Question Id: 2 > [Test Id: 719e730aa41a44d4af2e14a52d4c3b5c]", "action_flag": 2, "change_message": "[{\"changed\": {\"fields\": [\"Option chosen\"]}}]"}}, {"model": "admin.logentry", "pk": 3, "fields": {"action_time": "2022-10-25T08:54:51.750Z", "user": 1, "content_type": 9, "object_id": "3", "object_repr": "Question Id: 3 > [Test Id: 719e730aa41a44d4af2e14a52d4c3b5c]", "action_flag": 1, "change_message": "[{\"added\": {}}]"}}, {"model": "admin.logentry", "pk": 4, "fields": {"action_time": "2022-10-25T08:59:17.239Z", "user": 1, "content_type": 19, "object_id": "2", "object_repr": "rony1", "action_flag": 1, "change_message": "[{\"added\": {}}]"}}, {"model": "admin.logentry", "pk": 5, "fields": {"action_time": "2022-10-25T09:01:05.137Z", "user": 1, "content_type": 12, "object_id": "1", "object_repr": "Answer Id: 1 to the question Question Id: 4 > [Test Id: 1019d4fa21024f828d1719d184742f62]", "action_flag": 2, "change_message": "[{\"changed\": {\"fields\": [\"Answer img\", \"Score\"]}}]"}}, {"model": "admin.logentry", "pk": 6, "fields": {"action_time": "2022-10-25T09:31:34.086Z", "user": 1, "content_type": 8, "object_id": "719e730aa41a44d4af2e14a52d4c3b5c", "object_repr": "Test Id: 719e730aa41a44d4af2e14a52d4c3b5c", "action_flag": 3, "change_message": ""}}, {"model": "admin.logentry", "pk": 7, "fields": {"action_time": "2022-10-25T09:31:34.098Z", "user": 1, "content_type": 8, "object_id": "1019d4fa21024f828d1719d184742f62", "object_repr": "Test Id: 1019d4fa21024f828d1719d184742f62", "action_flag": 3, "change_message": ""}}, {"model": "admin.logentry", "pk": 8, "fields": {"action_time": "2022-10-25T09:48:03.074Z", "user": 1, "content_type": 12, "object_id": "2", "object_repr": "Answer Id: 2 to the question Question Id: 7 > [Test Id: 9361a05070a44e1c954c9e8583f6aead]", "action_flag": 2, "change_message": "[{\"changed\": {\"fields\": [\"Score\"]}}]"}}, {"model": "admin.logentry", "pk": 9, "fields": {"action_time": "2022-10-25T09:48:51.304Z", "user": 1, "content_type": 12, "object_id": "2", "object_repr": "Answer Id: 2 to the question Question Id: 7 > [Test Id: 9361a05070a44e1c954c9e8583f6aead]", "action_flag": 2, "change_message": "[{\"changed\": {\"fields\": [\"Score\"]}}]"}}, {"model": "admin.logentry", "pk": 10, "fields": {"action_time": "2022-10-25T09:56:04.556Z", "user": 1, "content_type": 12, "object_id": "2", "object_repr": "Answer Id: 2 to the question Question Id: 7 > [Test Id: 9361a05070a44e1c954c9e8583f6aead]", "action_flag": 2, "change_message": "[{\"changed\": {\"fields\": [\"Score\"]}}]"}}, {"model": "admin.logentry", "pk": 11, "fields": {"action_time": "2022-10-25T09:56:17.639Z", "user": 1, "content_type": 12, "object_id": "2", "object_repr": "Answer Id: 2 to the question Question Id: 7 > [Test Id: 9361a05070a44e1c954c9e8583f6aead]", "action_flag": 2, "change_message": "[{\"changed\": {\"fields\": [\"Score\"]}}]"}}, {"model": "admin.logentry", "pk": 12, "fields": {"action_time": "2022-10-25T09:56:29.188Z", "user": 1, "content_type": 12, "object_id": "2", "object_repr": "Answer Id: 2 to the question Question Id: 7 > [Test Id: 9361a05070a44e1c954c9e8583f6aead]", "action_flag": 2, "change_message": "[{\"changed\": {\"fields\": [\"Score\"]}}]"}}, {"model": "admin.logentry", "pk": 13, "fields": {"action_time": "2022-10-25T09:56:48.180Z", "user": 1, "content_type": 12, "object_id": "2", "object_repr": "Answer Id: 2 to the question Question Id: 7 > [Test Id: 9361a05070a44e1c954c9e8583f6aead]", "action_flag": 2, "change_message": "[{\"changed\": {\"fields\": [\"Score\"]}}]"}}, {"model": "admin.logentry", "pk": 14, "fields": {"action_time": "2022-10-25T20:41:40.169Z", "user": 1, "content_type": 7, "object_id": "af20470425c64c168c2ccec44925dd82", "object_repr": "AnswerSheet object (af20470425c64c168c2ccec44925dd82)", "action_flag": 3, "change_message": ""}}, {"model": "admin.logentry", "pk": 15, "fields": {"action_time": "2022-10-25T20:51:53.717Z", "user": 1, "content_type": 7, "object_id": "e3c6be2ec0e34a6da71d6ab0de06cff7", "object_repr": "AnswerSheet object (e3c6be2ec0e34a6da71d6ab0de06cff7)", "action_flag": 3, "change_message": ""}}, {"model": "admin.logentry", "pk": 16, "fields": {"action_time": "2022-10-25T20:52:46.731Z", "user": 1, "content_type": 7, "object_id": "7742925363eb4f12be3abd10d7b62c57", "object_repr": "AnswerSheet object (7742925363eb4f12be3abd10d7b62c57)", "action_flag": 3, "change_message": ""}}, {"model": "admin.logentry", "pk": 17, "fields": {"action_time": "2022-10-25T20:54:55.561Z", "user": 1, "content_type": 7, "object_id": "5fc2cd0a92834b16aad2afc29c5fb358", "object_repr": "AnswerSheet object (5fc2cd0a92834b16aad2afc29c5fb358)", "action_flag": 3, "change_message": ""}}, {"model": "admin.logentry", "pk": 18, "fields": {"action_time": "2022-10-25T20:55:47.365Z", "user": 1, "content_type": 8, "object_id": "9361a05070a44e1c954c9e8583f6aead", "object_repr": "Test Id: 9361a05070a44e1c954c9e8583f6aead", "action_flag": 3, "change_message": ""}}, {"model": "admin.logentry", "pk": 19, "fields": {"action_time": "2022-10-25T20:56:06.314Z", "user": 1, "content_type": 7, "object_id": "8e502faf4421464080267c131bff094f", "object_repr": "AnswerSheet object (8e502faf4421464080267c131bff094f)", "action_flag": 3, "change_message": ""}}, {"model": "admin.logentry", "pk": 20, "fields": {"action_time": "2022-10-25T20:57:19.740Z", "user": 1, "content_type": 9, "object_id": "10", "object_repr": "Question Id: 10 > [Test Id: 226f9d97577541be917e91ea1b5a2a6c]", "action_flag": 1, "change_message": "[{\"added\": {}}]"}}, {"model": "admin.logentry", "pk": 21, "fields": {"action_time": "2022-10-25T20:57:43.779Z", "user": 1, "content_type": 10, "object_id": "20", "object_repr": "Option Id: 20 > [Question Id: 10]", "action_flag": 1, "change_message": "[{\"added\": {}}]"}}, {"model": "admin.logentry", "pk": 22, "fields": {"action_time": "2022-10-25T20:58:11.186Z", "user": 1, "content_type": 10, "object_id": "21", "object_repr": "Option Id: 21 > [Question Id: 10]", "action_flag": 1, "change_message": "[{\"added\": {}}]"}}, {"model": "admin.logentry", "pk": 23, "fields": {"action_time": "2022-10-25T20:58:32.339Z", "user": 1, "content_type": 10, "object_id": "22", "object_repr": "Option Id: 22 > [Question Id: 10]", "action_flag": 1, "change_message": "[{\"added\": {}}]"}}, {"model": "admin.logentry", "pk": 24, "fields": {"action_time": "2022-10-25T20:58:48.139Z", "user": 1, "content_type": 10, "object_id": "23", "object_repr": "Option Id: 23 > [Question Id: 10]", "action_flag": 1, "change_message": "[{\"added\": {}}]"}}, {"model": "admin.logentry", "pk": 25, "fields": {"action_time": "2022-10-25T20:59:04.355Z", "user": 1, "content_type": 10, "object_id": "24", "object_repr": "Option Id: 24 > [Question Id: 10]", "action_flag": 1, "change_message": "[{\"added\": {}}]"}}, {"model": "admin.logentry", "pk": 26, "fields": {"action_time": "2022-10-25T20:59:48.475Z", "user": 1, "content_type": 9, "object_id": "9", "object_repr": "Question Id: 9 > [Test Id: 226f9d97577541be917e91ea1b5a2a6c]", "action_flag": 2, "change_message": "[{\"changed\": {\"fields\": [\"Marks\"]}}]"}}, {"model": "admin.logentry", "pk": 27, "fields": {"action_time": "2022-10-25T20:59:57.164Z", "user": 1, "content_type": 7, "object_id": "97dd1b2d283f4e13aba5fe65af47d732", "object_repr": "AnswerSheet object (97dd1b2d283f4e13aba5fe65af47d732)", "action_flag": 3, "change_message": ""}}, {"model": "admin.logentry", "pk": 28, "fields": {"action_time": "2022-10-26T08:40:36.787Z", "user": 1, "content_type": 7, "object_id": "9134f598054d4e6a84c7175f93958f58", "object_repr": "AnswerSheet object (9134f598054d4e6a84c7175f93958f58)", "action_flag": 3, "change_message": ""}}, {"model": "admin.logentry", "pk": 29, "fields": {"action_time": "2022-10-26T08:42:41.421Z", "user": 1, "content_type": 7, "object_id": "a3c339fef5fb463ba170afbec1f4177e", "object_repr": "AnswerSheet object (a3c339fef5fb463ba170afbec1f4177e)", "action_flag": 3, "change_message": ""}}, {"model": "admin.logentry", "pk": 30, "fields": {"action_time": "2022-10-26T08:48:34.767Z", "user": 1, "content_type": 7, "object_id": "45afd4c4c344412fa925e87023570472", "object_repr": "AnswerSheet object (45afd4c4c344412fa925e87023570472)", "action_flag": 3, "change_message": ""}}, {"model": "admin.logentry", "pk": 31, "fields": {"action_time": "2022-10-26T08:52:49.395Z", "user": 1, "content_type": 7, "object_id": "66539a982df2443dabdd43900e82298f", "object_repr": "AnswerSheet object (66539a982df2443dabdd43900e82298f)", "action_flag": 3, "change_message": ""}}, {"model": "admin.logentry", "pk": 32, "fields": {"action_time": "2022-10-26T09:04:28.554Z", "user": 1, "content_type": 7, "object_id": "de6ec5eeb93b44849cd3f11a362cba19", "object_repr": "AnswerSheet object (de6ec5eeb93b44849cd3f11a362cba19)", "action_flag": 3, "change_message": ""}}, {"model": "admin.logentry", "pk": 33, "fields": {"action_time": "2022-10-26T09:05:34.954Z", "user": 1, "content_type": 7, "object_id": "f31ce073cf3641d6895073d47b5251a2", "object_repr": "AnswerSheet object (f31ce073cf3641d6895073d47b5251a2)", "action_flag": 3, "change_message": ""}}, {"model": "admin.logentry", "pk": 34, "fields": {"action_time": "2022-10-26T17:28:45.323Z", "user": 1, "content_type": 8, "object_id": "226f9d97577541be917e91ea1b5a2a6c", "object_repr": "Test Id: 226f9d97577541be917e91ea1b5a2a6c", "action_flag": 2, "change_message": "[{\"changed\": {\"fields\": [\"Expired\"]}}]"}}, {"model": "admin.logentry", "pk": 35, "fields": {"action_time": "2022-10-26T17:28:53.483Z", "user": 1, "content_type": 8, "object_id": "226f9d97577541be917e91ea1b5a2a6c", "object_repr": "Test Id: 226f9d97577541be917e91ea1b5a2a6c", "action_flag": 2, "change_message": "[{\"changed\": {\"fields\": [\"Expired\"]}}]"}}, {"model": "admin.logentry", "pk": 36, "fields": {"action_time": "2022-10-26T17:33:39.990Z", "user": 1, "content_type": 8, "object_id": "226f9d97577541be917e91ea1b5a2a6c", "object_repr": "Test Id: 226f9d97577541be917e91ea1b5a2a6c", "action_flag": 2, "change_message": "[{\"changed\": {\"fields\": [\"Expired\"]}}]"}}, {"model": "admin.logentry", "pk": 37, "fields": {"action_time": "2022-10-26T17:40:21.040Z", "user": 1, "content_type": 8, "object_id": "226f9d97577541be917e91ea1b5a2a6c", "object_repr": "Test Id: 226f9d97577541be917e91ea1b5a2a6c", "action_flag": 2, "change_message": "[{\"changed\": {\"fields\": [\"Expired\"]}}]"}}, {"model": "admin.logentry", "pk": 38, "fields": {"action_time": "2022-10-26T17:40:45.718Z", "user": 1, "content_type": 8, "object_id": "226f9d97577541be917e91ea1b5a2a6c", "object_repr": "Test Id: 226f9d97577541be917e91ea1b5a2a6c", "action_flag": 2, "change_message": "[{\"changed\": {\"fields\": [\"Expired\"]}}]"}}, {"model": "admin.logentry", "pk": 39, "fields": {"action_time": "2022-10-26T17:40:53.339Z", "user": 1, "content_type": 8, "object_id": "226f9d97577541be917e91ea1b5a2a6c", "object_repr": "Test Id: 226f9d97577541be917e91ea1b5a2a6c", "action_flag": 2, "change_message": "[{\"changed\": {\"fields\": [\"Expired\"]}}]"}}, {"model": "admin.logentry", "pk": 40, "fields": {"action_time": "2022-10-27T04:38:50.457Z", "user": 1, "content_type": 4, "object_id": "1", "object_repr": "rony", "action_flag": 2, "change_message": "[{\"changed\": {\"fields\": [\"First name\", \"Last name\"]}}]"}}, {"model": "admin.logentry", "pk": 41, "fields": {"action_time": "2022-10-27T13:35:47.087Z", "user": 1, "content_type": 8, "object_id": "226f9d97577541be917e91ea1b5a2a6c", "object_repr": "Test Id: 226f9d97577541be917e91ea1b5a2a6c", "action_flag": 2, "change_message": "[{\"changed\": {\"fields\": [\"Expired\"]}}]"}}, {"model": "admin.logentry", "pk": 42, "fields": {"action_time": "2022-10-29T12:03:44.946Z", "user": 1, "content_type": 8, "object_id": "926f8ec0ca9d46158f4d33498abf2e5a", "object_repr": "Test Id: 926f8ec0ca9d46158f4d33498abf2e5a", "action_flag": 2, "change_message": "[{\"changed\": {\"fields\": [\"Schedule\"]}}]"}}, {"model": "admin.logentry", "pk": 43, "fields": {"action_time": "2022-10-29T12:04:07.066Z", "user": 1, "content_type": 13, "object_id": "36a6da48eed34174b1729fc15547fa63", "object_repr": "Assignment object (36a6da48eed34174b1729fc15547fa63)", "action_flag": 2, "change_message": "[{\"changed\": {\"fields\": [\"Submission deadline\"]}}]"}}, {"model": "admin.logentry", "pk": 44, "fields": {"action_time": "2022-10-29T12:07:14.251Z", "user": 1, "content_type": 15, "object_id": "75b1b5935f7142baa5d6f390fc462e7e", "object_repr": "Post id-75b1b5935f7142baa5d6f390fc462e7e of: Django Learners - 016fae9133774cc1ae7d8e5519bae767", "action_flag": 3, "change_message": ""}}, {"model": "admin.logentry", "pk": 45, "fields": {"action_time": "2022-10-29T12:07:47.437Z", "user": 1, "content_type": 4, "object_id": "8", "object_repr": "majed", "action_flag": 3, "change_message": ""}}, {"model": "auth.permission", "pk": 1, "fields": {"name": "Can add log entry", "content_type": 1, "codename": "add_logentry"}}, {"model": "auth.permission", "pk": 2, "fields": {"name": "Can change log entry", "content_type": 1, "codename": "change_logentry"}}, {"model": "auth.permission", "pk": 3, "fields": {"name": "Can delete log entry", "content_type": 1, "codename": "delete_logentry"}}, {"model": "auth.permission", "pk": 4, "fields": {"name": "Can view log entry", "content_type": 1, "codename": "view_logentry"}}, {"model": "auth.permission", "pk": 5, "fields": {"name": "Can add permission", "content_type": 2, "codename": "add_permission"}}, {"model": "auth.permission", "pk": 6, "fields": {"name": "Can change permission", "content_type": 2, "codename": "change_permission"}}, {"model": "auth.permission", "pk": 7, "fields": {"name": "Can delete permission", "content_type": 2, "codename": "delete_permission"}}, {"model": "auth.permission", "pk": 8, "fields": {"name": "Can view permission", "content_type": 2, "codename": "view_permission"}}, {"model": "auth.permission", "pk": 9, "fields": {"name": "Can add group", "content_type": 3, "codename": "add_group"}}, {"model": "auth.permission", "pk": 10, "fields": {"name": "Can change group", "content_type": 3, "codename": "change_group"}}, {"model": "auth.permission", "pk": 11, "fields": {"name": "Can delete group", "content_type": 3, "codename": "delete_group"}}, {"model": "auth.permission", "pk": 12, "fields": {"name": "Can view group", "content_type": 3, "codename": "view_group"}}, {"model": "auth.permission", "pk": 13, "fields": {"name": "Can add user", "content_type": 4, "codename": "add_user"}}, {"model": "auth.permission", "pk": 14, "fields": {"name": "Can change user", "content_type": 4, "codename": "change_user"}}, {"model": "auth.permission", "pk": 15, "fields": {"name": "Can delete user", "content_type": 4, "codename": "delete_user"}}, {"model": "auth.permission", "pk": 16, "fields": {"name": "Can view user", "content_type": 4, "codename": "view_user"}}, {"model": "auth.permission", "pk": 17, "fields": {"name": "Can add content type", "content_type": 5, "codename": "add_contenttype"}}, {"model": "auth.permission", "pk": 18, "fields": {"name": "Can change content type", "content_type": 5, "codename": "change_contenttype"}}, {"model": "auth.permission", "pk": 19, "fields": {"name": "Can delete content type", "content_type": 5, "codename": "delete_contenttype"}}, {"model": "auth.permission", "pk": 20, "fields": {"name": "Can view content type", "content_type": 5, "codename": "view_contenttype"}}, {"model": "auth.permission", "pk": 21, "fields": {"name": "Can add session", "content_type": 6, "codename": "add_session"}}, {"model": "auth.permission", "pk": 22, "fields": {"name": "Can change session", "content_type": 6, "codename": "change_session"}}, {"model": "auth.permission", "pk": 23, "fields": {"name": "Can delete session", "content_type": 6, "codename": "delete_session"}}, {"model": "auth.permission", "pk": 24, "fields": {"name": "Can view session", "content_type": 6, "codename": "view_session"}}, {"model": "auth.permission", "pk": 25, "fields": {"name": "Can add answer sheet", "content_type": 7, "codename": "add_answersheet"}}, {"model": "auth.permission", "pk": 26, "fields": {"name": "Can change answer sheet", "content_type": 7, "codename": "change_answersheet"}}, {"model": "auth.permission", "pk": 27, "fields": {"name": "Can delete answer sheet", "content_type": 7, "codename": "delete_answersheet"}}, {"model": "auth.permission", "pk": 28, "fields": {"name": "Can view answer sheet", "content_type": 7, "codename": "view_answersheet"}}, {"model": "auth.permission", "pk": 29, "fields": {"name": "Can add test", "content_type": 8, "codename": "add_test"}}, {"model": "auth.permission", "pk": 30, "fields": {"name": "Can change test", "content_type": 8, "codename": "change_test"}}, {"model": "auth.permission", "pk": 31, "fields": {"name": "Can delete test", "content_type": 8, "codename": "delete_test"}}, {"model": "auth.permission", "pk": 32, "fields": {"name": "Can view test", "content_type": 8, "codename": "view_test"}}, {"model": "auth.permission", "pk": 33, "fields": {"name": "Can add question", "content_type": 9, "codename": "add_question"}}, {"model": "auth.permission", "pk": 34, "fields": {"name": "Can change question", "content_type": 9, "codename": "change_question"}}, {"model": "auth.permission", "pk": 35, "fields": {"name": "Can delete question", "content_type": 9, "codename": "delete_question"}}, {"model": "auth.permission", "pk": 36, "fields": {"name": "Can view question", "content_type": 9, "codename": "view_question"}}, {"model": "auth.permission", "pk": 37, "fields": {"name": "Can add mcq option", "content_type": 10, "codename": "add_mcqoption"}}, {"model": "auth.permission", "pk": 38, "fields": {"name": "Can change mcq option", "content_type": 10, "codename": "change_mcqoption"}}, {"model": "auth.permission", "pk": 39, "fields": {"name": "Can delete mcq option", "content_type": 10, "codename": "delete_mcqoption"}}, {"model": "auth.permission", "pk": 40, "fields": {"name": "Can view mcq option", "content_type": 10, "codename": "view_mcqoption"}}, {"model": "auth.permission", "pk": 41, "fields": {"name": "Can add mcq answer", "content_type": 11, "codename": "add_mcqanswer"}}, {"model": "auth.permission", "pk": 42, "fields": {"name": "Can change mcq answer", "content_type": 11, "codename": "change_mcqanswer"}}, {"model": "auth.permission", "pk": 43, "fields": {"name": "Can delete mcq answer", "content_type": 11, "codename": "delete_mcqanswer"}}, {"model": "auth.permission", "pk": 44, "fields": {"name": "Can view mcq answer", "content_type": 11, "codename": "view_mcqanswer"}}, {"model": "auth.permission", "pk": 45, "fields": {"name": "Can add descriptive answer", "content_type": 12, "codename": "add_descriptiveanswer"}}, {"model": "auth.permission", "pk": 46, "fields": {"name": "Can change descriptive answer", "content_type": 12, "codename": "change_descriptiveanswer"}}, {"model": "auth.permission", "pk": 47, "fields": {"name": "Can delete descriptive answer", "content_type": 12, "codename": "delete_descriptiveanswer"}}, {"model": "auth.permission", "pk": 48, "fields": {"name": "Can view descriptive answer", "content_type": 12, "codename": "view_descriptiveanswer"}}, {"model": "auth.permission", "pk": 49, "fields": {"name": "Can add assignment", "content_type": 13, "codename": "add_assignment"}}, {"model": "auth.permission", "pk": 50, "fields": {"name": "Can change assignment", "content_type": 13, "codename": "change_assignment"}}, {"model": "auth.permission", "pk": 51, "fields": {"name": "Can delete assignment", "content_type": 13, "codename": "delete_assignment"}}, {"model": "auth.permission", "pk": 52, "fields": {"name": "Can view assignment", "content_type": 13, "codename": "view_assignment"}}, {"model": "auth.permission", "pk": 53, "fields": {"name": "Can add classroom", "content_type": 14, "codename": "add_classroom"}}, {"model": "auth.permission", "pk": 54, "fields": {"name": "Can change classroom", "content_type": 14, "codename": "change_classroom"}}, {"model": "auth.permission", "pk": 55, "fields": {"name": "Can delete classroom", "content_type": 14, "codename": "delete_classroom"}}, {"model": "auth.permission", "pk": 56, "fields": {"name": "Can view classroom", "content_type": 14, "codename": "view_classroom"}}, {"model": "auth.permission", "pk": 57, "fields": {"name": "Can add classroom post", "content_type": 15, "codename": "add_classroompost"}}, {"model": "auth.permission", "pk": 58, "fields": {"name": "Can change classroom post", "content_type": 15, "codename": "change_classroompost"}}, {"model": "auth.permission", "pk": 59, "fields": {"name": "Can delete classroom post", "content_type": 15, "codename": "delete_classroompost"}}, {"model": "auth.permission", "pk": 60, "fields": {"name": "Can view classroom post", "content_type": 15, "codename": "view_classroompost"}}, {"model": "auth.permission", "pk": 61, "fields": {"name": "Can add post attachment", "content_type": 16, "codename": "add_postattachment"}}, {"model": "auth.permission", "pk": 62, "fields": {"name": "Can change post attachment", "content_type": 16, "codename": "change_postattachment"}}, {"model": "auth.permission", "pk": 63, "fields": {"name": "Can delete post attachment", "content_type": 16, "codename": "delete_postattachment"}}, {"model": "auth.permission", "pk": 64, "fields": {"name": "Can view post attachment", "content_type": 16, "codename": "view_postattachment"}}, {"model": "auth.permission", "pk": 65, "fields": {"name": "Can add comment", "content_type": 17, "codename": "add_comment"}}, {"model": "auth.permission", "pk": 66, "fields": {"name": "Can change comment", "content_type": 17, "codename": "change_comment"}}, {"model": "auth.permission", "pk": 67, "fields": {"name": "Can delete comment", "content_type": 17, "codename": "delete_comment"}}, {"model": "auth.permission", "pk": 68, "fields": {"name": "Can view comment", "content_type": 17, "codename": "view_comment"}}, {"model": "auth.permission", "pk": 69, "fields": {"name": "Can add assignment attachment", "content_type": 18, "codename": "add_assignmentattachment"}}, {"model": "auth.permission", "pk": 70, "fields": {"name": "Can change assignment attachment", "content_type": 18, "codename": "change_assignmentattachment"}}, {"model": "auth.permission", "pk": 71, "fields": {"name": "Can delete assignment attachment", "content_type": 18, "codename": "delete_assignmentattachment"}}, {"model": "auth.permission", "pk": 72, "fields": {"name": "Can view assignment attachment", "content_type": 18, "codename": "view_assignmentattachment"}}, {"model": "auth.permission", "pk": 73, "fields": {"name": "Can add account", "content_type": 19, "codename": "add_account"}}, {"model": "auth.permission", "pk": 74, "fields": {"name": "Can change account", "content_type": 19, "codename": "change_account"}}, {"model": "auth.permission", "pk": 75, "fields": {"name": "Can delete account", "content_type": 19, "codename": "delete_account"}}, {"model": "auth.permission", "pk": 76, "fields": {"name": "Can view account", "content_type": 19, "codename": "view_account"}}, {"model": "auth.user", "pk": 1, "fields": {"password": "pbkdf2_sha256$260000$m97IBBjeM6IJoqchzt8lQq$zHJCREQdYJxJcHMVGyfs3Iv8yCugqLjRGAhZBEAdIQQ=", "last_login": "2022-10-29T12:08:24.607Z", "is_superuser": true, "username": "rony", "first_name": "Rony", "last_name": "", "email": "rony@gmail.com", "is_staff": true, "is_active": true, "date_joined": "2022-10-25T08:23:06Z", "groups": [], "user_permissions": []}}, {"model": "auth.user", "pk": 2, "fields": {"password": "pbkdf2_sha256$260000$DEq9GLjN9csMjGIVeU993Y$OWyLXRFa4wClxFLfZZHtKgYukfdl/z5RZ10w+uTcCm4=", "last_login": "2022-10-25T21:03:58.495Z", "is_superuser": true, "username": "rony1", "first_name": "", "last_name": "", "email": "", "is_staff": true, "is_active": true, "date_joined": "2022-10-25T08:24:06.476Z", "groups": [], "user_permissions": []}}, {"model": "auth.user", "pk": 3, "fields": {"password": "pbkdf2_sha256$260000$fwEGdafnInNFMEQoaDFZA7$WFMGWPESCnuEIx57A7QjTZwlwIFl0lKwe4KZdDM/ivk=", "last_login": "2022-10-27T04:39:22.616Z", "is_superuser": false, "username": "pete", "first_name": "Pete", "last_name": "Mitchel", "email": "pete", "is_staff": false, "is_active": true, "date_joined": "2022-10-26T15:31:35.818Z", "groups": [], "user_permissions": []}}, {"model": "auth.user", "pk": 4, "fields": {"password": "pbkdf2_sha256$260000$DTL1yFQCQcJNjpmKzvzanr$1/n6UF7hM8j9d8oix2hPLFQSZ5aQSeM8EjscsRdvoC0=", "last_login": "2022-10-26T15:34:17.471Z", "is_superuser": false, "username": "sarwar", "first_name": "Sarwar", "last_name": "Ahmed", "email": "sarwar", "is_staff": false, "is_active": true, "date_joined": "2022-10-26T15:34:17.265Z", "groups": [], "user_permissions": []}}, {"model": "auth.user", "pk": 5, "fields": {"password": "pbkdf2_sha256$260000$ElGZmRMVwKXNPJm6hi7TTK$YHXz1zR5WAf+kZLfcOq7gR+KM0kbx/873BMsA0jjpew=", "last_login": "2022-10-26T15:37:43.418Z", "is_superuser": false, "username": "safiqul", "first_name": "Safiqul", "last_name": "Islam", "email": "safiqul", "is_staff": false, "is_active": true, "date_joined": "2022-10-26T15:37:43.210Z", "groups": [], "user_permissions": []}}, {"model": "auth.user", "pk": 6, "fields": {"password": "pbkdf2_sha256$260000$lItHskTQiGc6z2CoNW6Bsa$b4Y1C/geGcv9me/B3z4klniUVR/K9ij8pghXm7CCWa8=", "last_login": "2022-10-26T19:51:01.396Z", "is_superuser": false, "username": "sifat", "first_name": "Atikur Rahman", "last_name": "Sifat", "email": "sifat", "is_staff": false, "is_active": true, "date_joined": "2022-10-26T19:51:01.198Z", "groups": [], "user_permissions": []}}, {"model": "auth.user", "pk": 7, "fields": {"password": "pbkdf2_sha256$260000$sjlpGHWxh2HXPu4NZttJ9J$+fnzDaTZ8YyzvfsgPVWnGB9x13efCRKWb5f1GbMGNh0=", "last_login": "2022-10-26T20:11:22.820Z", "is_superuser": false, "username": "rifat", "first_name": "Rifat", "last_name": "Hussain", "email": "rifat", "is_staff": false, "is_active": true, "date_joined": "2022-10-26T20:11:22.626Z", "groups": [], "user_permissions": []}}, {"model": "contenttypes.contenttype", "pk": 1, "fields": {"app_label": "admin", "model": "logentry"}}, {"model": "contenttypes.contenttype", "pk": 2, "fields": {"app_label": "auth", "model": "permission"}}, {"model": "contenttypes.contenttype", "pk": 3, "fields": {"app_label": "auth", "model": "group"}}, {"model": "contenttypes.contenttype", "pk": 4, "fields": {"app_label": "auth", "model": "user"}}, {"model": "contenttypes.contenttype", "pk": 5, "fields": {"app_label": "contenttypes", "model": "contenttype"}}, {"model": "contenttypes.contenttype", "pk": 6, "fields": {"app_label": "sessions", "model": "session"}}, {"model": "contenttypes.contenttype", "pk": 7, "fields": {"app_label": "exam", "model": "answersheet"}}, {"model": "contenttypes.contenttype", "pk": 8, "fields": {"app_label": "exam", "model": "test"}}, {"model": "contenttypes.contenttype", "pk": 9, "fields": {"app_label": "exam", "model": "question"}}, {"model": "contenttypes.contenttype", "pk": 10, "fields": {"app_label": "exam", "model": "mcqoption"}}, {"model": "contenttypes.contenttype", "pk": 11, "fields": {"app_label": "exam", "model": "mcqanswer"}}, {"model": "contenttypes.contenttype", "pk": 12, "fields": {"app_label": "exam", "model": "descriptiveanswer"}}, {"model": "contenttypes.contenttype", "pk": 13, "fields": {"app_label": "classroom", "model": "assignment"}}, {"model": "contenttypes.contenttype", "pk": 14, "fields": {"app_label": "classroom", "model": "classroom"}}, {"model": "contenttypes.contenttype", "pk": 15, "fields": {"app_label": "classroom", "model": "classroompost"}}, {"model": "contenttypes.contenttype", "pk": 16, "fields": {"app_label": "classroom", "model": "postattachment"}}, {"model": "contenttypes.contenttype", "pk": 17, "fields": {"app_label": "classroom", "model": "comment"}}, {"model": "contenttypes.contenttype", "pk": 18, "fields": {"app_label": "classroom", "model": "assignmentattachment"}}, {"model": "contenttypes.contenttype", "pk": 19, "fields": {"app_label": "accounts", "model": "account"}}, {"model": "sessions.session", "pk": "04q83iiy6es7bl1u1v9yitgkqx3ida0f", "fields": {"session_data": ".eJxVzEsOwiAUheG9MDYEobwcOu8amvtAqRpISjsy7t2SdKDT8385bzHBtuZpa2mZZhYXEcTpd0OgZyo98APKvUqqZV1mlJ3IozY5Vk6v62H_DjK03G-ddagJ3aA9RDKQ6GyYSNnkB402MFL0wYSbCbvTkVNk9jtyAZRX4vMF8Lw4Ew:1ooIr5:CkboHfA1VAD17TlmhttcUKbrTKyzCrXloWKMWjRGe2o", "expire_date": "2022-11-11T06:28:35.240Z"}}, {"model": "sessions.session", "pk": "k186kokgbczadr5wxrrbmi51a1i3r5ey", "fields": {"session_data": ".eJxVjEEOwiAQRe_C2pCpDAgu3XsGMsyAVA1NSrsy3l2bdKHb_977LxVpXWpce57jKOqsBnX43RLxI7cNyJ3abdI8tWUek94UvdOur5Pk52V3_w4q9fqts8uQkVwQOqJHLAlBSvGB5WQtMRswQ0gBGTgA2OCIiinGFwEAB-r9AfZGN_s:1ookdU:Dl5p744XigleWMmLkOfYC7E0Kqv6ck59Czh-rxGp1TA", "expire_date": "2022-11-12T12:08:24.621Z"}}, {"model": "exam.test", "pk": "226f9d97577541be917e91ea1b5a2a6c", "fields": {"classroom": "016fae9133774cc1ae7d8e5519bae767", "title": "Django basics test 1", "info": "do not wipe your tears with question paper.. oh you can't anyway", "duration_seconds": 60, "user": 1, "schedule": "2022-10-25T20:46:00Z", "created": "2022-10-25T20:44:53.396Z", "expired": false}}, {"model": "exam.test", "pk": "926f8ec0ca9d46158f4d33498abf2e5a", "fields": {"classroom": "016fae9133774cc1ae7d8e5519bae767", "title": "test headline 1", "info": "some description", "duration_seconds": 300, "user": 1, "schedule": "2022-11-18T06:00:00Z", "created": "2022-10-27T05:04:25.353Z", "expired": false}}, {"model": "exam.question", "pk": 8, "fields": {"test": "226f9d97577541be917e91ea1b5a2a6c", "statement": "which one is wrong?", "marks": 4.0, "is_descriptive": false, "ans_as_img": false}}, {"model": "exam.question", "pk": 9, "fields": {"test": "226f9d97577541be917e91ea1b5a2a6c", "statement": "first argument of render", "marks": 3.0, "is_descriptive": false, "ans_as_img": false}}, {"model": "exam.question", "pk": 10, "fields": {"test": "226f9d97577541be917e91ea1b5a2a6c", "statement": "Which one is not Generic view", "marks": 5.0, "is_descriptive": false, "ans_as_img": false}}, {"model": "exam.question", "pk": 11, "fields": {"test": "926f8ec0ca9d46158f4d33498abf2e5a", "statement": "some statement", "marks": 5.0, "is_descriptive": false, "ans_as_img": false}}, {"model": "exam.question", "pk": 12, "fields": {"test": "926f8ec0ca9d46158f4d33498abf2e5a", "statement": "sdsd", "marks": 5.0, "is_descriptive": true, "ans_as_img": false}}, {"model": "exam.mcqoption", "pk": 13, "fields": {"question": 8, "option_text": "render", "is_correct": false}}, {"model": "exam.mcqoption", "pk": 14, "fields": {"question": 8, "option_text": "reverse", "is_correct": false}}, {"model": "exam.mcqoption", "pk": 15, "fields": {"question": 8, "option_text": "request", "is_correct": false}}, {"model": "exam.mcqoption", "pk": 16, "fields": {"question": 8, "option_text": "response", "is_correct": true}}, {"model": "exam.mcqoption", "pk": 17, "fields": {"question": 9, "option_text": "template", "is_correct": false}}, {"model": "exam.mcqoption", "pk": 18, "fields": {"question": 9, "option_text": "request", "is_correct": true}}, {"model": "exam.mcqoption", "pk": 19, "fields": {"question": 9, "option_text": "serializer", "is_correct": false}}, {"model": "exam.mcqoption", "pk": 20, "fields": {"question": 10, "option_text": "TemplateView", "is_correct": false}}, {"model": "exam.mcqoption", "pk": 21, "fields": {"question": 10, "option_text": "DetailsView", "is_correct": true}}, {"model": "exam.mcqoption", "pk": 22, "fields": {"question": 10, "option_text": "CreateView", "is_correct": false}}, {"model": "exam.mcqoption", "pk": 23, "fields": {"question": 10, "option_text": "DeleteView", "is_correct": false}}, {"model": "exam.mcqoption", "pk": 24, "fields": {"question": 10, "option_text": "ListView", "is_correct": false}}, {"model": "exam.mcqoption", "pk": 25, "fields": {"question": 11, "option_text": "dfdf", "is_correct": false}}, {"model": "exam.mcqoption", "pk": 26, "fields": {"question": 11, "option_text": "hgh", "is_correct": false}}, {"model": "exam.mcqoption", "pk": 27, "fields": {"question": 11, "option_text": "bnbn", "is_correct": false}}, {"model": "exam.mcqoption", "pk": 28, "fields": {"question": 11, "option_text": "cvcvcv", "is_correct": true}}, {"model": "exam.answersheet", "pk": "0eecf5c5317a42de972dc3d96e846084", "fields": {"test": "226f9d97577541be917e91ea1b5a2a6c", "user": 5, "issue_time": "2022-10-26T15:37:51.522Z", "submit_time": "2022-10-26T15:38:51.623Z"}}, {"model": "exam.answersheet", "pk": "0f88b6cf32e84fb89763a7e5dc1ecae6", "fields": {"test": "226f9d97577541be917e91ea1b5a2a6c", "user": 4, "issue_time": "2022-10-26T15:34:32.104Z", "submit_time": "2022-10-26T15:34:39.479Z"}}, {"model": "exam.answersheet", "pk": "2cebf30e679440a1bfb73f05faa6abc8", "fields": {"test": "226f9d97577541be917e91ea1b5a2a6c", "user": 3, "issue_time": "2022-10-26T15:31:57.342Z", "submit_time": "2022-10-26T15:32:14.342Z"}}, {"model": "exam.answersheet", "pk": "736d93f56f594881a03aee9a39ced4f0", "fields": {"test": "226f9d97577541be917e91ea1b5a2a6c", "user": 2, "issue_time": "2022-10-26T09:05:45.337Z", "submit_time": "2022-10-26T09:05:52.840Z"}}, {"model": "exam.answersheet", "pk": "7aef3ae89354457fac8853489b493460", "fields": {"test": "226f9d97577541be917e91ea1b5a2a6c", "user": 7, "issue_time": "2022-10-26T20:12:30.831Z", "submit_time": "2022-10-26T20:12:32.769Z"}}, {"model": "exam.answersheet", "pk": "e913a511b8b44715bf28cc9d4ff7cc83", "fields": {"test": "226f9d97577541be917e91ea1b5a2a6c", "user": 6, "issue_time": "2022-10-26T19:52:48.832Z", "submit_time": "2022-10-26T19:53:05.407Z"}}, {"model": "exam.mcqanswer", "pk": 20, "fields": {"question": 10, "answer_sheet": "736d93f56f594881a03aee9a39ced4f0", "option_chosen": 21, "submission_time": "2022-10-26T09:05:52.824Z"}}, {"model": "exam.mcqanswer", "pk": 21, "fields": {"question": 8, "answer_sheet": "2cebf30e679440a1bfb73f05faa6abc8", "option_chosen": 16, "submission_time": "2022-10-26T15:32:14.297Z"}}, {"model": "exam.mcqanswer", "pk": 22, "fields": {"question": 9, "answer_sheet": "2cebf30e679440a1bfb73f05faa6abc8", "option_chosen": 19, "submission_time": "2022-10-26T15:32:14.314Z"}}, {"model": "exam.mcqanswer", "pk": 23, "fields": {"question": 10, "answer_sheet": "2cebf30e679440a1bfb73f05faa6abc8", "option_chosen": 21, "submission_time": "2022-10-26T15:32:14.330Z"}}, {"model": "exam.mcqanswer", "pk": 24, "fields": {"question": 8, "answer_sheet": "0f88b6cf32e84fb89763a7e5dc1ecae6", "option_chosen": 13, "submission_time": "2022-10-26T15:34:39.435Z"}}, {"model": "exam.mcqanswer", "pk": 25, "fields": {"question": 9, "answer_sheet": "0f88b6cf32e84fb89763a7e5dc1ecae6", "option_chosen": 17, "submission_time": "2022-10-26T15:34:39.451Z"}}, {"model": "exam.mcqanswer", "pk": 26, "fields": {"question": 10, "answer_sheet": "0f88b6cf32e84fb89763a7e5dc1ecae6", "option_chosen": 22, "submission_time": "2022-10-26T15:34:39.465Z"}}, {"model": "exam.mcqanswer", "pk": 27, "fields": {"question": 8, "answer_sheet": "0eecf5c5317a42de972dc3d96e846084", "option_chosen": 16, "submission_time": "2022-10-26T15:38:51.573Z"}}, {"model": "exam.mcqanswer", "pk": 28, "fields": {"question": 9, "answer_sheet": "0eecf5c5317a42de972dc3d96e846084", "option_chosen": 18, "submission_time": "2022-10-26T15:38:51.592Z"}}, {"model": "exam.mcqanswer", "pk": 29, "fields": {"question": 10, "answer_sheet": "0eecf5c5317a42de972dc3d96e846084", "option_chosen": 20, "submission_time": "2022-10-26T15:38:51.609Z"}}, {"model": "exam.mcqanswer", "pk": 30, "fields": {"question": 8, "answer_sheet": "e913a511b8b44715bf28cc9d4ff7cc83", "option_chosen": 16, "submission_time": "2022-10-26T19:53:05.382Z"}}, {"model": "exam.mcqanswer", "pk": 31, "fields": {"question": 9, "answer_sheet": "e913a511b8b44715bf28cc9d4ff7cc83", "option_chosen": 19, "submission_time": "2022-10-26T19:53:05.392Z"}}, {"model": "exam.mcqanswer", "pk": 32, "fields": {"question": 10, "answer_sheet": "e913a511b8b44715bf28cc9d4ff7cc83", "option_chosen": 21, "submission_time": "2022-10-26T19:53:05.401Z"}}, {"model": "classroom.classroom", "pk": "016fae9133774cc1ae7d8e5519bae767", "fields": {"name": "Django Learners", "course": "Dj-101", "created": "2022-10-25T08:23:23.432Z", "teachers": [1], "students": [2, 3, 4, 5, 6, 7]}}, {"model": "classroom.classroom", "pk": "bf5363a78a40430d98f909ac7b395432", "fields": {"name": "React Learners", "course": "Batch-1", "created": "2022-10-26T20:16:01.106Z", "teachers": [1], "students": []}}, {"model": "classroom.classroompost", "pk": "145ba0a8d52048978f87402a6e9f481d", "fields": {"classroom": "016fae9133774cc1ae7d8e5519bae767", "description": "Test post #2", "author": 1, "posted": "2022-10-25T21:00:48.466Z"}}, {"model": "classroom.classroompost", "pk": "4230538031d3485b8ba508b92164a090", "fields": {"classroom": "016fae9133774cc1ae7d8e5519bae767", "description": "pythonanywhere deployment", "author": 1, "posted": "2022-10-27T04:32:52.462Z"}}, {"model": "classroom.classroompost", "pk": "6b156d44001f444aa28000aefde6908d", "fields": {"classroom": "016fae9133774cc1ae7d8e5519bae767", "description": "class materials 2", "author": 1, "posted": "2022-10-27T04:29:37.321Z"}}, {"model": "classroom.classroompost", "pk": "6d6f1d5d0ca341899d57a1ccc10e6d8c", "fields": {"classroom": "016fae9133774cc1ae7d8e5519bae767", "description": "Test post 1", "author": 1, "posted": "2022-10-25T21:00:30.507Z"}}, {"model": "classroom.classroompost", "pk": "7a29fc7e55a04f2cb657458127cd63ef", "fields": {"classroom": "016fae9133774cc1ae7d8e5519bae767", "description": "statistics materials", "author": 1, "posted": "2022-10-27T04:32:04.415Z"}}, {"model": "classroom.classroompost", "pk": "9f834e73b6734ceaa7cf0f944023dae5", "fields": {"classroom": "016fae9133774cc1ae7d8e5519bae767", "description": "new post 3", "author": 1, "posted": "2022-10-25T21:00:58.405Z"}}, {"model": "classroom.classroompost", "pk": "a439fc090d1b4c17b04d6011ddb87a44", "fields": {"classroom": "016fae9133774cc1ae7d8e5519bae767", "description": "python cheatsheet", "author": 1, "posted": "2022-10-27T04:31:07.651Z"}}, {"model": "classroom.classroompost", "pk": "c493b53a8dca4b30bb81a82645255657", "fields": {"classroom": "016fae9133774cc1ae7d8e5519bae767", "description": "class materials - 1", "author": 1, "posted": "2022-10-27T04:29:06.514Z"}}, {"model": "classroom.classroompost", "pk": "c5d34ed3cb5d4d82aee8ee986b13f27b", "fields": {"classroom": "016fae9133774cc1ae7d8e5519bae767", "description": "blank post as a test ", "author": 1, "posted": "2022-10-25T21:01:10.078Z"}}, {"model": "classroom.classroompost", "pk": "fed7c9446b5848068f575b8d6e44a4cf", "fields": {"classroom": "016fae9133774cc1ae7d8e5519bae767", "description": "Data science roadmap", "author": 1, "posted": "2022-10-27T04:30:01.347Z"}}, {"model": "classroom.postattachment", "pk": 1, "fields": {"classroom_post": "6d6f1d5d0ca341899d57a1ccc10e6d8c", "attached_file": "attachments/016fae9133774cc1ae7d8e5519bae767/280626699_10159221697448731_38462457404725680_n.jpg"}}, {"model": "classroom.postattachment", "pk": 2, "fields": {"classroom_post": "6d6f1d5d0ca341899d57a1ccc10e6d8c", "attached_file": "attachments/016fae9133774cc1ae7d8e5519bae767/298733304_814603929543918_5763687036061247045_n.jpg"}}, {"model": "classroom.postattachment", "pk": 3, "fields": {"classroom_post": "145ba0a8d52048978f87402a6e9f481d", "attached_file": "attachments/016fae9133774cc1ae7d8e5519bae767/Color-Palettes-for-Websites-Images-Environment5.webp"}}, {"model": "classroom.postattachment", "pk": 4, "fields": {"classroom_post": "c493b53a8dca4b30bb81a82645255657", "attached_file": "attachments/016fae9133774cc1ae7d8e5519bae767/pythonanywheredeploy.pdf"}}, {"model": "classroom.postattachment", "pk": 5, "fields": {"classroom_post": "6b156d44001f444aa28000aefde6908d", "attached_file": "attachments/016fae9133774cc1ae7d8e5519bae767/Data_Science_and_Machine_Learning_with_Python.pdf"}}, {"model": "classroom.postattachment", "pk": 6, "fields": {"classroom_post": "fed7c9446b5848068f575b8d6e44a4cf", "attached_file": "attachments/016fae9133774cc1ae7d8e5519bae767/Data_Science_and_Machine_Learning_with_Pyth_skKHNFE.pdf"}}, {"model": "classroom.postattachment", "pk": 7, "fields": {"classroom_post": "a439fc090d1b4c17b04d6011ddb87a44", "attached_file": "attachments/016fae9133774cc1ae7d8e5519bae767/e1a8f39d-71ad-4d13-9a6b-618fe1b8c9e9.pdf"}}, {"model": "classroom.postattachment", "pk": 8, "fields": {"classroom_post": "7a29fc7e55a04f2cb657458127cd63ef", "attached_file": "attachments/016fae9133774cc1ae7d8e5519bae767/stat.pdf"}}, {"model": "classroom.postattachment", "pk": 9, "fields": {"classroom_post": "4230538031d3485b8ba508b92164a090", "attached_file": "attachments/016fae9133774cc1ae7d8e5519bae767/deploy_to_pythonanywhere.txt"}}, {"model": "classroom.postattachment", "pk": 10, "fields": {"classroom_post": "4230538031d3485b8ba508b92164a090", "attached_file": "attachments/016fae9133774cc1ae7d8e5519bae767/pythonanywheredeploy_7EYP9My.pdf"}}, {"model": "classroom.comment", "pk": "3797ed51a8944c52affc54b19391f28e", "fields": {"post": "4230538031d3485b8ba508b92164a090", "author": 1, "parent": "ed612cd1c1594bf8a916de926aee1905", "comment_text": "Make sure you study these properly", "comment_time": "2022-10-27T04:36:46.835Z"}}, {"model": "classroom.comment", "pk": "7454029a4b484b2bb1ce128748f36197", "fields": {"post": "4230538031d3485b8ba508b92164a090", "author": 3, "parent": null, "comment_text": "Same procedure for Heroku deployment?", "comment_time": "2022-10-27T04:40:16.690Z"}}, {"model": "classroom.comment", "pk": "91cd5e52fbe542e3bc896ec718955737", "fields": {"post": "4230538031d3485b8ba508b92164a090", "author": 3, "parent": "7454029a4b484b2bb1ce128748f36197", "comment_text": "thank you.. looking forward to it", "comment_time": "2022-10-27T04:41:32.000Z"}}, {"model": "classroom.comment", "pk": "defc4c84c5524ed789673a4a2bebd5db", "fields": {"post": "4230538031d3485b8ba508b92164a090", "author": 1, "parent": "7454029a4b484b2bb1ce128748f36197", "comment_text": "similar, but not same.. it will be uploaded soon", "comment_time": "2022-10-27T04:41:10.698Z"}}, {"model": "classroom.comment", "pk": "ed612cd1c1594bf8a916de926aee1905", "fields": {"post": "4230538031d3485b8ba508b92164a090", "author": 7, "parent": null, "comment_text": "Thank you", "comment_time": "2022-10-27T04:34:49.827Z"}}, {"model": "classroom.assignment", "pk": "36a6da48eed34174b1729fc15547fa63", "fields": {"classroom": "016fae9133774cc1ae7d8e5519bae767", "title": "submit a project with 2 models", "instructions": "", "submission_deadline": "2022-11-25T06:00:00Z", "created": "2022-10-25T21:02:18.001Z"}}, {"model": "classroom.assignment", "pk": "c69bf30b6fe74e73889aa49a2b6aa980", "fields": {"classroom": "016fae9133774cc1ae7d8e5519bae767", "title": "Describe your understanding of Django Class based views", "instructions": null, "submission_deadline": "2022-10-31T06:00:00Z", "created": "2022-10-27T05:05:31.506Z"}}, {"model": "accounts.account", "pk": 1, "fields": {"user": 1, "institution": "SEC", "profile_picture": ""}}, {"model": "accounts.account", "pk": 2, "fields": {"user": 2, "institution": "sec", "profile_picture": "profiles/dp/279542479_548121320005138_8484292347281528561_n_ppdbPOw.jpg"}}, {"model": "accounts.account", "pk": 3, "fields": {"user": 3, "institution": "SEC", "profile_picture": "profiles/dp/dp4.jpg"}}, {"model": "accounts.account", "pk": 4, "fields": {"user": 4, "institution": "SEC", "profile_picture": "profiles/dp/dp1.jpg"}}, {"model": "accounts.account", "pk": 5, "fields": {"user": 5, "institution": "KU", "profile_picture": ""}}, {"model": "accounts.account", "pk": 6, "fields": {"user": 6, "institution": "KABHS", "profile_picture": ""}}, {"model": "accounts.account", "pk": 7, "fields": {"user": 7, "institution": "BSMMC", "profile_picture": "profiles/dp/avengers_age_of_ultron_members_by_zgul_osr1113_d8qrd76_4.jpg"}}]