[
{
  "model": "auth.user",
  "fields": {
    "password": "pbkdf2_sha256$260000$JEcXMDQj0FkCXbqSjk9tp0$1apmrQAsb7tlDeoFEhHZ8ahuXu8GIs2DRsU5T7YrEaI=",
    "last_login": "2023-03-25T13:53:05.287Z",
    "is_superuser": false,
    "username": "rnium@aol.com",
    "first_name": "Md. Toushif Islam",
    "last_name": "Shoueb",
    "email": "rnium@aol.com",
    "is_staff": false,
    "is_active": true,
    "date_joined": "2023-02-16T16:37:22.096Z",
    "groups": [],
    "user_permissions": []
  }
},
{
  "model": "auth.user",
  "fields": {
    "password": "pbkdf2_sha256$260000$M2sNRWaIexfv4mZBCvoKN8$caN+1L1HRwEr7pe0T2rQm5HnvdbGS3DeUOfj3+x/JQg=",
    "last_login": "2023-02-27T04:12:52.392Z",
    "is_superuser": false,
    "username": "skelewit@gmail.com",
    "first_name": "Md Saiful Islam",
    "last_name": "Rony",
    "email": "skelewit@gmail.com",
    "is_staff": false,
    "is_active": true,
    "date_joined": "2023-02-16T16:45:03.545Z",
    "groups": [],
    "user_permissions": []
  }
},
{
  "model": "auth.user",
  "fields": {
    "password": "pbkdf2_sha256$260000$c3ota9AhqfvT0SEGDnRRkq$M97uV0/l33BKvZJ0JoIp+hx+Ui6D+XMYIj/hAuoRGkg=",
    "last_login": "2023-02-26T17:42:19.279Z",
    "is_superuser": false,
    "username": "rniumo@gmail.com",
    "first_name": "Sifat",
    "last_name": "Ahmed",
    "email": "rniumo@gmail.com",
    "is_staff": false,
    "is_active": true,
    "date_joined": "2023-02-17T15:34:09.295Z",
    "groups": [],
    "user_permissions": []
  }
},
{
  "model": "auth.user",
  "fields": {
    "password": "pbkdf2_sha256$260000$jk5cI8uegLUXx5Ebi74tED$x7Ez2Y+0BwPez2r2CPMD9JKhHwDXnmvFax1Ewfk2MhM=",
    "last_login": "2023-02-20T06:49:48.953Z",
    "is_superuser": false,
    "username": "avishek68d@gmail.com",
    "first_name": "Hasan",
    "last_name": "Shiblee",
    "email": "avishek68d@gmail.com",
    "is_staff": false,
    "is_active": true,
    "date_joined": "2023-02-20T06:49:48.140Z",
    "groups": [],
    "user_permissions": []
  }
},
{
  "model": "auth.user",
  "fields": {
    "password": "pbkdf2_sha256$260000$P79PrEpS5hZCVC5jRgfrYw$Zdsy7EGj/MFqPTix8zkzdDekaDkB8xzSXqtJPehQ9V0=",
    "last_login": "2023-03-25T08:18:04.948Z",
    "is_superuser": true,
    "username": "rony",
    "first_name": "",
    "last_name": "",
    "email": "",
    "is_staff": true,
    "is_active": true,
    "date_joined": "2023-02-24T21:10:50.996Z",
    "groups": [],
    "user_permissions": []
  }
},
{
  "model": "auth.user",
  "fields": {
    "password": "pbkdf2_sha256$260000$xNjy48A6pQ8VU12CZOShty$09xeJAWBlOH7DrrAyAdgOu6lKbqWWDdVg8gyfyt1gnI=",
    "last_login": "2023-02-24T21:13:43.745Z",
    "is_superuser": false,
    "username": "skelewit1@gmail.com",
    "first_name": "MSI",
    "last_name": "Rony",
    "email": "skelewit1@gmail.com",
    "is_staff": false,
    "is_active": true,
    "date_joined": "2023-02-24T21:13:43.433Z",
    "groups": [],
    "user_permissions": []
  }
},
{
  "model": "auth.user",
  "fields": {
    "password": "pbkdf2_sha256$260000$Am3hT0QVwH5Pz6h4ip3OyJ$HqneAT+jcHagxKYSwWj+7HAZxUyzh0qvD+iacDIZmzQ=",
    "last_login": "2023-03-27T07:10:28.576Z",
    "is_superuser": false,
    "username": "iqbal@sec.ac.bd",
    "first_name": "MD. Shahid",
    "last_name": "Iqbal",
    "email": "iqbal@sec.ac.bd",
    "is_staff": false,
    "is_active": true,
    "date_joined": "2023-02-26T12:39:23.311Z",
    "groups": [],
    "user_permissions": []
  }
},
{
  "model": "auth.user",
  "fields": {
    "password": "pbkdf2_sha256$260000$1IF9bI1M0j4kFFWAUABsXl$Pmehbwgth/rFR/1PgvN8viddE+GsloC3neHwK+mEmKs=",
    "last_login": "2023-02-26T18:12:41.385Z",
    "is_superuser": false,
    "username": "sagor@gmail.com",
    "first_name": "Omar Faruk",
    "last_name": "Sagor",
    "email": "sagor@gmail.com",
    "is_staff": false,
    "is_active": true,
    "date_joined": "2023-02-26T18:12:41.058Z",
    "groups": [],
    "user_permissions": []
  }
},
{
  "model": "auth.user",
  "fields": {
    "password": "pbkdf2_sha256$260000$zttPqWdtodNR0f4zZCwl3L$mPBTkW9RfzR1O+UPhDMvcKimWfSjX7L0UONZI/RSbdg=",
    "last_login": "2023-02-26T18:25:12.568Z",
    "is_superuser": false,
    "username": "jakaria@gmail.com",
    "first_name": "Jakaria",
    "last_name": "Hossain",
    "email": "jakaria@gmail.com",
    "is_staff": false,
    "is_active": true,
    "date_joined": "2023-02-26T18:25:12.289Z",
    "groups": [],
    "user_permissions": []
  }
},
{
  "model": "auth.user",
  "fields": {
    "password": "pbkdf2_sha256$260000$HCMY7yER7rg3bTJk9EIrqq$fuXoU9PdwqTVEVvZBzFEEMTmU0tS6exvH7If17F9jjw=",
    "last_login": "2023-02-26T19:17:24.180Z",
    "is_superuser": false,
    "username": "robiul@gmail.com",
    "first_name": "Robiul Islam",
    "last_name": "Rasel",
    "email": "robiul@gmail.com",
    "is_staff": false,
    "is_active": true,
    "date_joined": "2023-02-26T19:17:23.878Z",
    "groups": [],
    "user_permissions": []
  }
},
{
  "model": "auth.user",
  "fields": {
    "password": "pbkdf2_sha256$260000$cw9EjiBZmkQvFtU4lux1ng$QoRogXeimMwO4fmffheNiLxgW8AbUSsRcxbeL/X+c1Q=",
    "last_login": "2023-02-26T19:20:46.278Z",
    "is_superuser": false,
    "username": "sumon@gmail.com",
    "first_name": "Sb",
    "last_name": "Sumon",
    "email": "sumon@gmail.com",
    "is_staff": false,
    "is_active": true,
    "date_joined": "2023-02-26T19:20:46.025Z",
    "groups": [],
    "user_permissions": []
  }
},
{
  "model": "auth.user",
  "fields": {
    "password": "pbkdf2_sha256$260000$lbQKWFQI8c2SJu5ZBAnXXr$4p5s7u/aBWRXSCXyXdElsTSwk4DnbI1PImVYWmy9JmE=",
    "last_login": "2023-03-26T16:55:15.467Z",
    "is_superuser": false,
    "username": "justabdulazim@gmail.com",
    "first_name": "Abdul",
    "last_name": "Azim",
    "email": "justabdulazim@gmail.com",
    "is_staff": false,
    "is_active": true,
    "date_joined": "2023-02-28T04:21:21Z",
    "groups": [],
    "user_permissions": []
  }
},
{
  "model": "auth.user",
  "fields": {
    "password": "pbkdf2_sha256$260000$ogIEs3XIAJGLOLD2JAz4cI$B3L6O7Vu2uBXD3kOleXK2taVy8SjmdH9DEl+IpqOKaw=",
    "last_login": "2023-03-23T16:39:08.581Z",
    "is_superuser": false,
    "username": "parvezkamaly17@gmail.com",
    "first_name": "Md. Parvez",
    "last_name": "Kamaly",
    "email": "parvezkamaly17@gmail.com",
    "is_staff": false,
    "is_active": true,
    "date_joined": "2023-02-28T13:53:54.352Z",
    "groups": [],
    "user_permissions": []
  }
},
{
  "model": "auth.user",
  "fields": {
    "password": "pbkdf2_sha256$260000$hyUIMXjn9zItiH0ptxFef9$EfqrK9VuMWb/aq1jcvW3vmJsgLJ35H+zTOBO0VypQic=",
    "last_login": "2023-03-24T18:07:21.435Z",
    "is_superuser": false,
    "username": "dasanimesh550@gmail.com",
    "first_name": "Animesh",
    "last_name": "Das",
    "email": "dasanimesh550@gmail.com",
    "is_staff": false,
    "is_active": true,
    "date_joined": "2023-02-28T14:20:30.936Z",
    "groups": [],
    "user_permissions": []
  }
},
{
  "model": "auth.user",
  "fields": {
    "password": "pbkdf2_sha256$260000$sUy0y3JxUHwGaUq2X4NQOX$AxXfr2a6mmtNJ4u2O/bYyv05eweC/2x/022NwdeyS/0=",
    "last_login": "2023-03-24T17:59:46.941Z",
    "is_superuser": false,
    "username": "marufchy969@gmail.com",
    "first_name": "Maruf",
    "last_name": "Chowdhury",
    "email": "marufchy969@gmail.com",
    "is_staff": false,
    "is_active": true,
    "date_joined": "2023-02-28T14:29:35.592Z",
    "groups": [],
    "user_permissions": []
  }
},
{
  "model": "auth.user",
  "fields": {
    "password": "pbkdf2_sha256$260000$3aCYWgQXq2kjvPhnXswMvd$IisruoT0vSNmu5w6XprJk4Y1c4CpWUPlD/lktWCfOpU=",
    "last_login": "2023-03-23T07:15:32.354Z",
    "is_superuser": false,
    "username": "ah5175584@gmail.com",
    "first_name": "Altaf",
    "last_name": "Hussain",
    "email": "ah5175584@gmail.com",
    "is_staff": false,
    "is_active": true,
    "date_joined": "2023-02-28T14:32:28.178Z",
    "groups": [],
    "user_permissions": []
  }
},
{
  "model": "auth.user",
  "fields": {
    "password": "pbkdf2_sha256$260000$EoO5w0lXA5OihofK7Xr6uS$7yLXloyZf8FET6uS8nCptjG4SiNVIJpHw1X6L93VcDQ=",
    "last_login": "2023-03-24T17:48:58.684Z",
    "is_superuser": false,
    "username": "farukseceee@gmail.com",
    "first_name": "Omor",
    "last_name": "Faruk",
    "email": "farukseceee@gmail.com",
    "is_staff": false,
    "is_active": true,
    "date_joined": "2023-02-28T14:41:30.974Z",
    "groups": [],
    "user_permissions": []
  }
},
{
  "model": "auth.user",
  "fields": {
    "password": "pbkdf2_sha256$260000$jKNtjeWPmro9aZjwbTIFVH$VvAMxsH5BuUh/XeBB58d8buGs8k27y7X3bhK/thjYoU=",
    "last_login": "2023-03-23T10:10:32.449Z",
    "is_superuser": false,
    "username": "pronaynandi73895@gmail.com",
    "first_name": "Durbar ",
    "last_name": "Nandi",
    "email": "pronaynandi73895@gmail.com",
    "is_staff": false,
    "is_active": true,
    "date_joined": "2023-02-28T14:50:05.645Z",
    "groups": [],
    "user_permissions": []
  }
},
{
  "model": "auth.user",
  "fields": {
    "password": "pbkdf2_sha256$260000$zaYIdAqO99WrHByCqJLPY8$3Sh1yIiu6+RZfVlvHDVFiulBR3+CdkS6mQ+m4jiTV9k=",
    "last_login": "2023-03-24T08:14:04.085Z",
    "is_superuser": false,
    "username": "swad2408@gmail.com",
    "first_name": "Tahmidur",
    "last_name": "Rahman",
    "email": "swad2408@gmail.com",
    "is_staff": false,
    "is_active": true,
    "date_joined": "2023-02-28T14:50:56.094Z",
    "groups": [],
    "user_permissions": []
  }
},
{
  "model": "auth.user",
  "fields": {
    "password": "pbkdf2_sha256$260000$jsmli54mDxNeQghMdLucau$8hM8HxOoetzMS8MfKh3ErHMyGCjTEG/fb9NYGF8RL5A=",
    "last_login": "2023-03-25T03:31:26.721Z",
    "is_superuser": false,
    "username": "hamidurrahman2686@gmail.com",
    "first_name": "Hamidur",
    "last_name": "Rahman",
    "email": "hamidurrahman2686@gmail.com",
    "is_staff": false,
    "is_active": true,
    "date_joined": "2023-02-28T14:53:10.579Z",
    "groups": [],
    "user_permissions": []
  }
},
{
  "model": "auth.user",
  "fields": {
    "password": "pbkdf2_sha256$260000$eXhNJf2N21NtLK9nEhn6bn$3YNoXi0EHPeXM9yOl0Fwhslng7S+bs0DOoN4v7aCOys=",
    "last_login": "2023-03-23T18:14:35.882Z",
    "is_superuser": false,
    "username": "nusaibanbh1113@gmail.com",
    "first_name": "Nusaiba ",
    "last_name": "Binte Habib ",
    "email": "nusaibanbh1113@gmail.com",
    "is_staff": false,
    "is_active": true,
    "date_joined": "2023-02-28T14:55:54.839Z",
    "groups": [],
    "user_permissions": []
  }
},
{
  "model": "auth.user",
  "fields": {
    "password": "pbkdf2_sha256$260000$ghv3jMrjB0WYkY5wQNfFDL$CvAOA4/qwbL587WmOku7c8WN9ddZdFPdiMLpiZef8NY=",
    "last_login": "2023-03-26T20:59:05.061Z",
    "is_superuser": false,
    "username": "masukbillah885@gmail.com",
    "first_name": "Masuk",
    "last_name": "Billah",
    "email": "masukbillah885@gmail.com",
    "is_staff": false,
    "is_active": true,
    "date_joined": "2023-02-28T15:01:53.901Z",
    "groups": [],
    "user_permissions": []
  }
},
{
  "model": "auth.user",
  "fields": {
    "password": "pbkdf2_sha256$260000$qzaX0B6k5dQxB3fFrilvDA$brFKXC08eU+8Z6Ct0sGI1pLmo5UmaM1Y7YYMqivuIyk=",
    "last_login": "2023-03-24T17:59:39.009Z",
    "is_superuser": false,
    "username": "abirsenrudra2@gmail.com",
    "first_name": "Abir",
    "last_name": "Sen",
    "email": "abirsenrudra2@gmail.com",
    "is_staff": false,
    "is_active": true,
    "date_joined": "2023-02-28T15:03:51.708Z",
    "groups": [],
    "user_permissions": []
  }
},
{
  "model": "auth.user",
  "fields": {
    "password": "pbkdf2_sha256$260000$ve9eLUfHOhrzwwaPVHTaFT$hVxxxYY3hA+M0xrVeX91Ndsrp2Pqm/IRNUI9bmwwFN0=",
    "last_login": "2023-03-26T23:18:02.767Z",
    "is_superuser": false,
    "username": "tarequemahmud313@gmail.com",
    "first_name": "Tareque ",
    "last_name": "Mahmud ",
    "email": "tarequemahmud313@gmail.com",
    "is_staff": false,
    "is_active": true,
    "date_joined": "2023-02-28T15:11:54.759Z",
    "groups": [],
    "user_permissions": []
  }
},
{
  "model": "auth.user",
  "fields": {
    "password": "pbkdf2_sha256$260000$EqSqNUBijRIqAEmSgz3SO8$PDkV2BtbY6cAqHyLGPEeDcYB750DMBXBzvNnqQ1ybWo=",
    "last_login": "2023-02-28T15:29:17.599Z",
    "is_superuser": false,
    "username": "shafimafithetwins@gmail.com",
    "first_name": "Shafi & Mafi",
    "last_name": "522 & 504",
    "email": "shafimafithetwins@gmail.com",
    "is_staff": false,
    "is_active": true,
    "date_joined": "2023-02-28T15:29:16.678Z",
    "groups": [],
    "user_permissions": []
  }
},
{
  "model": "auth.user",
  "fields": {
    "password": "pbkdf2_sha256$260000$Ymtn4V2F7jBuJr332q6k89$8wf4oew8xRiBYj9H5+5bT0jSzR/xAvi3sazjzRM7JcM=",
    "last_login": "2023-03-26T14:21:44.259Z",
    "is_superuser": false,
    "username": "esrailbblhs@gmail.com",
    "first_name": "Esrail",
    "last_name": "Haque",
    "email": "esrailbblhs@gmail.com",
    "is_staff": false,
    "is_active": true,
    "date_joined": "2023-02-28T16:12:14.625Z",
    "groups": [],
    "user_permissions": []
  }
},
{
  "model": "auth.user",
  "fields": {
    "password": "pbkdf2_sha256$260000$oKfKg7d4cfbnk94wzqiv8b$SgdzLAPV9PkJfiiHqoE0A6NCDoxI3N6BfGLf2QSlyv4=",
    "last_login": "2023-03-24T16:52:51.305Z",
    "is_superuser": false,
    "username": "samiaakterpriya2000@gmail.com",
    "first_name": "Samia ",
    "last_name": "Priya ",
    "email": "samiaakterpriya2000@gmail.com",
    "is_staff": false,
    "is_active": true,
    "date_joined": "2023-02-28T16:32:10.062Z",
    "groups": [],
    "user_permissions": []
  }
},
{
  "model": "auth.user",
  "fields": {
    "password": "pbkdf2_sha256$260000$GZnlbBxkqwNHSqRpUDprw8$6re9+Lr1Z0FcY3f6NeTawtgcfgUXlpI1NrjT1AghMz8=",
    "last_login": "2023-03-24T13:10:12.451Z",
    "is_superuser": false,
    "username": "abdullahabuhabib@gmail.com",
    "first_name": "Abdullah Abu",
    "last_name": "Habib",
    "email": "abdullahabuhabib@gmail.com",
    "is_staff": false,
    "is_active": true,
    "date_joined": "2023-02-28T16:36:35.921Z",
    "groups": [],
    "user_permissions": []
  }
},
{
  "model": "auth.user",
  "fields": {
    "password": "pbkdf2_sha256$260000$XpRGzhbGxrWN3R4Ppda8k7$XtA019+twg+uzNcziV/3vvATjXBAN1lrrMM3XW6BdGg=",
    "last_login": "2023-03-22T20:03:00.664Z",
    "is_superuser": false,
    "username": "scmihad.ac@gmail.com",
    "first_name": "Sadman Chowdhury",
    "last_name": "Mihad",
    "email": "scmihad.ac@gmail.com",
    "is_staff": false,
    "is_active": true,
    "date_joined": "2023-02-28T17:58:59.386Z",
    "groups": [],
    "user_permissions": []
  }
},
{
  "model": "auth.user",
  "fields": {
    "password": "pbkdf2_sha256$260000$isgbXVYP1ci14399DxO4Cd$RZbOCJ7oe1l/MAIolXY4lyDmxgy9rsufiPvgCKy7QMU=",
    "last_login": "2023-03-23T12:23:35.032Z",
    "is_superuser": false,
    "username": "afa.mahi02@gmail.com",
    "first_name": "Ali Farhan",
    "last_name": "Ahmad",
    "email": "afa.mahi02@gmail.com",
    "is_staff": false,
    "is_active": true,
    "date_joined": "2023-03-01T04:03:50.877Z",
    "groups": [],
    "user_permissions": []
  }
},
{
  "model": "auth.user",
  "fields": {
    "password": "pbkdf2_sha256$260000$2gzPiRTPYwKfF0FfjWoCYN$mPBcXEDcsEIfsIKhuHJlVb1lrbxomuWmzx1ruHNOkn0=",
    "last_login": "2023-03-23T10:07:17.653Z",
    "is_superuser": false,
    "username": "keysenov818@gmail.com",
    "first_name": "Saad_Muhammad",
    "last_name": "Saadman",
    "email": "keysenov818@gmail.com",
    "is_staff": false,
    "is_active": true,
    "date_joined": "2023-03-01T05:09:18.659Z",
    "groups": [],
    "user_permissions": []
  }
},
{
  "model": "auth.user",
  "fields": {
    "password": "pbkdf2_sha256$260000$1kc3IIxsy7l3RpG0FAevMk$XA5PAAS0wWrgySsxKYiEY/Ss5edtAbhwpr+gfhIHTI4=",
    "last_login": "2023-03-23T10:00:48.900Z",
    "is_superuser": false,
    "username": "rihasiddika@gmail.com",
    "first_name": "Ayesha Siddika ",
    "last_name": "Riha",
    "email": "rihasiddika@gmail.com",
    "is_staff": false,
    "is_active": true,
    "date_joined": "2023-03-01T07:01:16.082Z",
    "groups": [],
    "user_permissions": []
  }
},
{
  "model": "auth.user",
  "fields": {
    "password": "pbkdf2_sha256$260000$jSSPqih6Twzir7Ogb7KBaS$sBcLY0sVVfQL40KIPm5zNvwejzzVb2uUnwsQwQrb/5Q=",
    "last_login": "2023-03-23T17:32:03.250Z",
    "is_superuser": false,
    "username": "adnanjahid420@gmail.com",
    "first_name": "Jahid",
    "last_name": "Hasan",
    "email": "adnanjahid420@gmail.com",
    "is_staff": false,
    "is_active": true,
    "date_joined": "2023-03-01T07:05:00.281Z",
    "groups": [],
    "user_permissions": []
  }
},
{
  "model": "auth.user",
  "fields": {
    "password": "pbkdf2_sha256$260000$87tlj9B8ktXCUMG8TnkgGd$GhbGU2yy/PMuyBEUbLYGID5BYAID8SnMsRhquStidU4=",
    "last_login": "2023-03-25T17:36:45.070Z",
    "is_superuser": false,
    "username": "sysadmin@etvetbd.com",
    "first_name": "SysAdmin",
    "last_name": "",
    "email": "sysadmin@etvetbd.com",
    "is_staff": false,
    "is_active": true,
    "date_joined": "2023-03-06T18:48:28Z",
    "groups": [],
    "user_permissions": []
  }
},
{
  "model": "auth.user",
  "fields": {
    "password": "pbkdf2_sha256$260000$ennMHUisuyMNCJh8Uu8QGc$mIXNVwqNDzdYbYxCXjL0mZPG49GYF4qusVyL4iPtZLU=",
    "last_login": "2023-03-22T14:20:41.257Z",
    "is_superuser": false,
    "username": "nusaibanusi27030@gmail.com",
    "first_name": "Nusaiba ",
    "last_name": "Binte Habib ",
    "email": "nusaibanusi27030@gmail.com",
    "is_staff": false,
    "is_active": true,
    "date_joined": "2023-03-07T15:41:49.279Z",
    "groups": [],
    "user_permissions": []
  }
},
{
  "model": "auth.user",
  "fields": {
    "password": "pbkdf2_sha256$260000$KFSDAvVboP7iOAwe2VNMne$l3NUYsWoxz1+rjfj5cIwTwX7rwCYlAerFN+eju2KzbM=",
    "last_login": "2023-03-08T12:56:16.914Z",
    "is_superuser": false,
    "username": "toushifislamshuyeb@gmail.com",
    "first_name": "234r",
    "last_name": "wre",
    "email": "toushifislamshuyeb@gmail.com",
    "is_staff": false,
    "is_active": true,
    "date_joined": "2023-03-08T12:53:45.935Z",
    "groups": [],
    "user_permissions": []
  }
},
{
  "model": "auth.user",
  "fields": {
    "password": "pbkdf2_sha256$260000$Tv5bI7SrVERfZWMuzXidEk$g4jCAv7X0dkaG1EFQuPvKoaxn77m9dLpK67yI4oM7WY=",
    "last_login": "2023-03-22T15:34:33.348Z",
    "is_superuser": false,
    "username": "mariana.isabel@ipcbcampus.pt",
    "first_name": "Mariana ",
    "last_name": "Isabel",
    "email": "mariana.isabel@ipcbcampus.pt",
    "is_staff": false,
    "is_active": true,
    "date_joined": "2023-03-22T15:34:32.957Z",
    "groups": [],
    "user_permissions": []
  }
},
{
  "model": "auth.user",
  "fields": {
    "password": "pbkdf2_sha256$260000$WDLwu7BbAf5hCUekIyinxd$YEn9jJqLUMA8/IF7TV/Uktl8fBsEeBkwm11gNxWHMmE=",
    "last_login": "2023-03-22T15:34:37.782Z",
    "is_superuser": false,
    "username": "jessy.azevedo06@gmail.com",
    "first_name": "Jessica",
    "last_name": "Pereira",
    "email": "jessy.azevedo06@gmail.com",
    "is_staff": false,
    "is_active": true,
    "date_joined": "2023-03-22T15:34:37.547Z",
    "groups": [],
    "user_permissions": []
  }
},
{
  "model": "auth.user",
  "fields": {
    "password": "pbkdf2_sha256$260000$eUTA4jsouZyk2fkFbH2dPn$y2OcmnQFV0OEniWBVj/t9vMpmAROIsa2qNSPcxFXdS8=",
    "last_login": "2023-03-25T17:38:06.702Z",
    "is_superuser": false,
    "username": "sirony514@gmail.com",
    "first_name": "Md Rifat",
    "last_name": "Hossain",
    "email": "sirony514@gmail.com",
    "is_staff": false,
    "is_active": true,
    "date_joined": "2023-03-23T09:20:56.080Z",
    "groups": [],
    "user_permissions": []
  }
},
{
  "model": "sessions.session",
  "pk": "06gfd4wx3yo6bg5hu4i50tmcze2nlrf0",
  "fields": {
    "session_data": ".eJxVjMsOwiAQRf-FtSEDUx66dN9vIAMMUjU0Ke3K-O_apAvd3nPOfYlA21rD1nkJUxYXgSBOv2Ok9OC2k3yndptlmtu6TFHuijxol-Oc-Xk93L-DSr1-a07elZK8YiLF0SVVzqokZ5QGwOyIGa332lqdCYtDZRAABgC26M0g3h8ikzeW:1pX4Ff:2sRlckPvEK-woBlMz9eCjDcOvfWXCJO6Bku2i7jIf60",
    "expire_date": "2023-03-14T17:58:59.750Z"
  }
},
{
  "model": "sessions.session",
  "pk": "0h83e43tynxhibq4ev8nqlelhvp2onbj",
  "fields": {
    "session_data": ".eJxVjDsOwjAQBe_iGlnxJ96Ekj5nsNbrNQ4gW4qTCnF3EikFtG9m3lt43Nbst8aLn6O4Cq3E5XcMSE8uB4kPLPcqqZZ1mYM8FHnSJqca-XU73b-DjC3vdVKuC8MAMKZg0Cgb2ERw1mlLugPQhKB16npy0cHIprfEjClFCrubxOcL94Q4mw:1pesdE:vzQmifdyf4IugVPshrF6dLDo_rvHvdiEeY7NyN-Doug",
    "expire_date": "2023-04-05T07:11:36.036Z"
  }
},
{
  "model": "sessions.session",
  "pk": "0mokhsegujqtni7s5ga5u5vafvf1t5sj",
  "fields": {
    "session_data": ".eJxVjDsOwjAQBe_iGlnxJ96Ekj5nsNbrNQ4gW4qTCnF3EikFtG9m3lt43Nbst8aLn6O4Cq3E5XcMSE8uB4kPLPcqqZZ1mYM8FHnSJqca-XU73b-DjC3vdVKuC8MAMKZg0Cgb2ERw1mlLugPQhKB16npy0cHIprfEjClFCrubxOcL94Q4mw:1pZkjg:eRQIN_ziih_tOrua5t6F3-rHDzU-1qZZcXVn1hNQdPM",
    "expire_date": "2023-03-22T03:45:04.962Z"
  }
},
{
  "model": "sessions.session",
  "pk": "0u6vfdla26rl7seyvhc2bn08buz2wlmr",
  "fields": {
    "session_data": ".eJxVjMsOwiAQRf-FtSEDUx66dN9vIAMMUjU0Ke3K-O_apAvd3nPOfYlA21rD1nkJUxYXgSBOv2Ok9OC2k3yndptlmtu6TFHuijxol-Oc-Xk93L-DSr1-a07elZK8YiLF0SVVzqokZ5QGwOyIGa332lqdCYtDZRAABgC26M0g3h8ikzeW:1pdlVy:aKJw8DPm1qqms88rHCowUAm22W3fIbmuqiidPc-t6Dc",
    "expire_date": "2023-04-02T05:23:30.955Z"
  }
},
{
  "model": "sessions.session",
  "pk": "100omkogkvvu4zo91a5qzk63280qrs2g",
  "fields": {
    "session_data": ".eJxVjMsOwiAQRf-FtSHIYwCX7v0GMjAgVQNJaVfGf7dNutDtPefcNwu4LjWsI89hInZh0rLT7xgxPXPbCT2w3TtPvS3zFPmu8IMOfuuUX9fD_TuoOOpW6xRdJCiA6CwBOiykJNgzaKG9KVGDM1ZZaTeshSJ0oCSClzlmIzz7fAENZjeT:1pfhOn:RqbcxWecqcRsf3I7_pUw0aG2Ku_9xL-g44eZREArvOs",
    "expire_date": "2023-04-07T13:24:05.858Z"
  }
},
{
  "model": "sessions.session",
  "pk": "11mmmqbcv1k5jrvr40qrqz6ne90zi9ob",
  "fields": {
    "session_data": ".eJxVjEEOwiAQRe_C2hAKlGlduu8ZyDAMUjWQlHZlvLtt0oVu_3vvv4XHbc1-a7z4OYqr0EpcfseA9ORykPjAcq-SalmXOchDkSdtcqqRX7fT_TvI2PJep86pMAwAYwoGTWcDmwjOOm1JKwBNCFon1ZOLDkY2vSVmTClS2N0kPl_26zia:1pfHWh:YMOab_4vs1FZ174ucDhSZlCDh8gURKeGBRZ0ckm-NJA",
    "expire_date": "2023-04-06T09:46:31.988Z"
  }
},
{
  "model": "sessions.session",
  "pk": "170pf6dxwaw1ylwfnjd6big480u7k9zm",
  "fields": {
    "session_data": ".eJxVjEEOgjAQRe_StWmkLTDj0j1nIDOdqaCmTSisjHdXEha6_e-9_zIjbes0blWXcRZzMc6cfjem-NC8A7lTvhUbS16Xme2u2INWOxTR5_Vw_w4mqtO39tJyox0BRe4ZtAGQxJhadV0IEhS9QiPQYoqEoYekZ_VCLIBOGM37Aw14ORo:1peHxZ:J0zfQ_fSCLeDa-twHRThNVxy04BFdqP1H8UA-oVAdiI",
    "expire_date": "2023-04-03T16:02:09.668Z"
  }
},
{
  "model": "sessions.session",
  "pk": "1em2pn0c87lqxjqpiapesqjw0ur50qke",
  "fields": {
    "session_data": ".eJxVjEEOwiAQRe_C2hCgQBmX7j0DmYFBqoYmpV0Z765NutDtf-_9l4i4rTVunZc4ZXEWgxan35EwPbjtJN-x3WaZ5rYuE8ldkQft8jpnfl4O9--gYq_fGh2GwSjAoNEkxmI0ccreBc3BAyhtCQFozIwWlCFlR6-0KeSJrCvi_QEObTgm:1pXQ7P:FumC6CLBpHELPUTYDrK25ckOfyJ8ru-afL48Lvm7Wyo",
    "expire_date": "2023-03-15T17:19:55.206Z"
  }
},
{
  "model": "sessions.session",
  "pk": "1h7j9hthcyx8kd5jtbs7ujiqm2x4c4f8",
  "fields": {
    "session_data": ".eJxVjMsOwiAQRf-FtSFTYAZw6b7fQIaHUjU0Ke3K-O_apAvd3nPOfYnA21rD1ssSpizOQilx-h0jp0dpO8l3brdZprmtyxTlrsiDdjnOuTwvh_t3ULnXb82UDBGo4jJZT6h0tIDIOns_GLCOoPCVVEGLzlmj0fqYBgBA74zR4v0B0AI2Dg:1pgXSD:PRdxzd3Kj7tRPAkY8dD_vxBAaC7PcPjXZVHxWq4deac",
    "expire_date": "2023-04-09T20:59:05.068Z"
  }
},
{
  "model": "sessions.session",
  "pk": "1yha8ohj3fnx5v18xucuxj79grbshqjv",
  "fields": {
    "session_data": ".eJxVjEsOwiAUAO_C2pBC-bp03zOQB-8hVQNJaVfGuxuSLnQ7M5k3C3DsJRydtrAiuzJh2eUXRkhPqsPgA-q98dTqvq2Rj4SftvOlIb1uZ_s3KNDL-GrISoPzWSYlM4qsBJGiPJNJKG2MUqBXxuFkZg_ktAJASvPkrHVg2OcLJHQ4ow:1pX11o:eGXzWl2nsLOgVjWFHElnkUnbW8g4LbR7-KiZva1mOcs",
    "expire_date": "2023-03-14T14:32:28.576Z"
  }
},
{
  "model": "sessions.session",
  "pk": "1yxxsh4pz4x7hhwnkmg04rf8875jm7ab",
  "fields": {
    "session_data": ".eJxVjDkOwjAUBe_iGlnebSjpcwbrLzYOoESKkwpxd4iUAto3M-8lMmxry1svSx5ZXIQJ4vQ7ItCjTDvhO0y3WdI8rcuIclfkQbscZi7P6-H-HTTo7Vt7KjUGrW1AxJpYU2JgtEqjO_vkjMHA3jgTmYoC0N4m8FVZF6loS-L9ARwmOE4:1pgRFg:CezGlD6OvZq7x4dQu0qbpbwW36R70I1tKd9gFCwo5u4",
    "expire_date": "2023-04-09T14:21:44.265Z"
  }
},
{
  "model": "sessions.session",
  "pk": "2occ319zawxvzni5jfzw1zrdyy8k9bpc",
  "fields": {
    "session_data": ".eJxVjEEOgjAQRe_StWnamRaLS_ecgUw7M4IaSCisjHdXEha6_e-9_zI9bevQb1WWfmRzMRDM6XfMVB4y7YTvNN1mW-ZpXcZsd8UetNpuZnleD_fvYKA6fGvvkFWdEpYgZ188MyGqADbggYijYnIlSkiNRM3UIgAW51vQoCmb9wcg-Dh8:1pgZcg:9tMEfVUTfdgqV4YcSh43dQAy7zAuVk288nrl6I6MTLk",
    "expire_date": "2023-04-09T23:18:02.771Z"
  }
},
{
  "model": "sessions.session",
  "pk": "2txq2lwnx46icr8zwn2i20qtm4081880",
  "fields": {
    "session_data": ".eJxVjDsOwjAQBe_iGlnxJ96Ekj5nsNbrNQ4gW4qTCnF3EikFtG9m3lt43Nbst8aLn6O4Cq3E5XcMSE8uB4kPLPcqqZZ1mYM8FHnSJqca-XU73b-DjC3vdVKuC8MAMKZg0Cgb2ERw1mlLugPQhKB16npy0cHIprfEjClFCrubxOcL94Q4mw:1pZGCG:6KNmuCJNCMXbOdufbEAS1CY_eowNdglIxi5uBMhFWLk",
    "expire_date": "2023-03-20T19:08:32.840Z"
  }
},
{
  "model": "sessions.session",
  "pk": "3k2h8s7iccg3sm3aaj2o7g1k5w1k6q2k",
  "fields": {
    "session_data": ".eJxVjDkOwjAUBe_iGlnebSjpcwbrLzYOoESKkwpxd4iUAto3M-8lMmxry1svSx5ZXISJ4vQ7ItCjTDvhO0y3WdI8rcuIclfkQbscZi7P6-H-HTTo7Vt7KjUGrW1AxJpYU2JgtEqjO_vkjMHA3jgTmYoC0N4m8FVZF6loS-L9ARy_OE8:1pX2aN:gp-GTt3EpMOeH_jhMpl8JMPh0YxHI-uKesEmISPNkOA",
    "expire_date": "2023-03-14T16:12:15.078Z"
  }
},
{
  "model": "sessions.session",
  "pk": "3oeyanna0nwdkphlbb6ifczkmfmtfk49",
  "fields": {
    "session_data": ".eJxVjDsOwjAQRO_iGllZf9Y2JX3OYPmzxgHkSHFSIe5OIqWAKee9mTfzYVur3zotfsrsygSwy28ZQ3pSO0h-hHafeZrbukyRHwo_aefjnOl1O92_gxp63deayGUYZFLSJAREazVJNWBUGhOVPUooKyBjNOSiKzJQIklgAU3R7PMF_kI4IA:1pfPSN:5L8NcT1aVaBeLtyULuF3uriuQ6vSciZboQsOH8k4ymg",
    "expire_date": "2023-04-06T18:14:35.886Z"
  }
},
{
  "model": "sessions.session",
  "pk": "3xoc0qku1bqtes8x9owsf2inh2vhtgkg",
  "fields": {
    "session_data": ".eJxVjMsOwiAQRf-FtSEw5enSvd9AGAakaiAp7cr479qkC93ec859sRC3tYZt5CXMxM5s8uz0O2JMj9x2QvfYbp2n3tZlRr4r_KCDXzvl5-Vw_w5qHPVbK5q09xYAMZFRWhokl0AVcmAlSRBCkJJgAKEUDWiszs4gTsp6Xxx7fwDylDdT:1pf0U1:0WR4dJje8Al3-tgnrsJshsuG1L-xWs5C18yDqjImWlg",
    "expire_date": "2023-04-05T15:34:37.788Z"
  }
},
{
  "model": "sessions.session",
  "pk": "4eb45wxp2qiw4gamxvwydixujvhdwd0t",
  "fields": {
    "session_data": ".eJxVjMsOwiAQRf-FtSHIYwCX7v0GMjAgVQNJaVfGf7dNutDtPefcNwu4LjWsI89hInZh0rLT7xgxPXPbCT2w3TtPvS3zFPmu8IMOfuuUX9fD_TuoOOpW6xRdJCiA6CwBOiykJNgzaKG9KVGDM1ZZaTeshSJ0oCSClzlmIzz7fAENZjeT:1pfhPi:EWogam-U9wEOZqoKpNSj4m-a7M7eUggtaZ3F0as44sc",
    "expire_date": "2023-04-07T13:25:02.983Z"
  }
},
{
  "model": "sessions.session",
  "pk": "4fp2hjn4n4qn10gfg17qvwgomo2hdwcp",
  "fields": {
    "session_data": ".eJxVjMEOwiAQRP-FsyGAUMCjd7-B7LKLVA1NSnsy_rtt0oMe5jLvzbxFgnWpae08p5HERZyjOP2WCPnJbSf0gHafZJ7aMo8od0UetMvbRPy6Hu7fQYVet7WznhUqcFuMMloRUwnWcvA6Djm4AWOM7KJGNB61LgTsMqoCmH0h8fkCBdA4ww:1pfjr0:dTRpA9V_MwAx_TcAWnilshmMFbSi9W7whn7_QZwOjJE",
    "expire_date": "2023-04-07T16:01:22.427Z"
  }
},
{
  "model": "sessions.session",
  "pk": "4kqcx7d23q03vlw1uy4fluwr62y9difr",
  "fields": {
    "session_data": ".eJxVjEEOwiAQRe_C2hCgQBmX7j0DmYFBqoYmpV0Z765NutDtf-_9l4i4rTVunZc4ZXEWgxan35EwPbjtJN-x3WaZ5rYuE8ldkQft8jpnfl4O9--gYq_fGh2GwSjAoNEkxmI0ccreBc3BAyhtCQFozIwWlCFlR6-0KeSJrCvi_QEObTgm:1pXDh1:o8z9dnkwaufNxOqWNFYdLnHQqDJZCzWnSMN1uI3wuJs",
    "expire_date": "2023-03-15T04:03:51.162Z"
  }
},
{
  "model": "sessions.session",
  "pk": "4tfp1j8hxurc22usndmmca3xtj0w7pno",
  "fields": {
    "session_data": ".eJxVjMEOwiAQRP-FsyGwS6B69O43kIVdpGpoUtqT8d9tkx50jvPezFtFWpca1y5zHFldlEV1-i0T5ae0nfCD2n3SeWrLPCa9K_qgXd8mltf1cP8OKvW6rYGMJLDFnBF4i_dgB0wegvUuiLjgGV1JGQQLI5RsPQfhknkgQ6w-XwqXOOc:1pWrVP:5hHfE9Urg_CPpglM7r-oBa1Gwqp__Kr1cegfWcslQ5o",
    "expire_date": "2023-03-14T04:22:23.585Z"
  }
},
{
  "model": "sessions.session",
  "pk": "4tq7bslggf8usqhq82mdm3tnjs4kuwae",
  "fields": {
    "session_data": ".eJxVjEEOwiAQRe_C2hAYS0GX7nsGMsMMUjU0Ke3KeHfbpAvdvvf-f6uI61Li2mSOI6urOoM6_ULC9JS6G35gvU86TXWZR9J7og_b9DCxvG5H-3dQsJVtTcSEhiFLdpSYPYIPtnMmGWMlULahZ5uFhT07T9BbSHDxZChsrFOfL0mcOXM:1pXEiM:jXBYnI6-w-H9noyN3G6KHQv_GldwSjUTOLN7h8MP1l0",
    "expire_date": "2023-03-15T05:09:18.924Z"
  }
},
{
  "model": "sessions.session",
  "pk": "5qxedk0t7p1bf57wt6wctow320511oij",
  "fields": {
    "session_data": ".eJxVjDsOwjAQBe_iGlmOfxtT0nMGa73r4ACypTipEHeHSCmgfTPzXiLitpa49bzEmcVZaCVOv2NCeuS6E75jvTVJra7LnOSuyIN2eW2cn5fD_Tso2Mu3DjwaoKCszpqtDdaoSRnvPJIDPzIMAMiAYIIaElHKmhAYvEJnKUzi_QHkHTeu:1pZgpM:BDxoP6geNOvqc9chxh6bbQ-9LH1zjf8gyRLr-PIU54M",
    "expire_date": "2023-03-21T23:34:40.172Z"
  }
},
{
  "model": "sessions.session",
  "pk": "5s7sjmw2lo46tkcn1l49fip451n52mob",
  "fields": {
    "session_data": ".eJxVjEsOwiAUAO_C2pBC-bp03zOQB-8hVQNJaVfGuxuSLnQ7M5k3C3DsJRydtrAiuzJh2eUXRkhPqsPgA-q98dTqvq2Rj4SftvOlIb1uZ_s3KNDL-GrISoPzWSYlM4qsBJGiPJNJKG2MUqBXxuFkZg_ktAJASvPkrHVg2OcLJHQ4ow:1pXcWs:vtB-yGwzP214NzoHdtJQERoata8D5I9VBZYAr1l1q2s",
    "expire_date": "2023-03-16T06:35:02.808Z"
  }
},
{
  "model": "sessions.session",
  "pk": "6p4cilxmpgy7btkuh3yjivg9k8ue8ot8",
  "fields": {
    "session_data": ".eJxVjDsOwjAQBe_iGlnxJ96Ekj5nsNbrNQ4gW4qTCnF3EikFtG9m3lt43Nbst8aLn6O4Cq3E5XcMSE8uB4kPLPcqqZZ1mYM8FHnSJqca-XU73b-DjC3vdVKuC8MAMKZg0Cgb2ERw1mlLugPQhKB16npy0cHIprfEjClFCrubxOcL94Q4mw:1pc8C1:bFRFZHT__e0jzUaFSQnnV9PHs5oyaHkZ4qiA8aOPJMY",
    "expire_date": "2023-03-28T17:12:09.337Z"
  }
},
{
  "model": "sessions.session",
  "pk": "72g51shr7ug590ikfgnrcob2l5lt0c9b",
  "fields": {
    "session_data": ".eJxVjDsOwjAQBe_iGln-xD9Kes5g2etdHEC2FCcV4u4QKQW0b2bei8W0rTVuA5c4F3ZmamKn3zEneGDbSbmndusceluXOfNd4Qcd_NoLPi-H-3dQ06jfOlMQ4HxBEg4DgHSIypImCJKEKUQmeFA2WaUoB62VnEQxUhrMWnjJ3h8uBDg9:1pcKXo:l5C3hQV5avzgnxc4ppCZBgTcYmaVmLEy8VwbEcuRvTE",
    "expire_date": "2023-03-29T06:23:28.233Z"
  }
},
{
  "model": "sessions.session",
  "pk": "78ijzs9j6t8h6gxzj4wulaiypztskkq9",
  "fields": {
    "session_data": ".eJxVjEEOwiAQRe_C2hCgQBmX7j0DmYFBqoYmpV0Z765NutDtf-_9l4i4rTVunZc4ZXEWgxan35EwPbjtJN-x3WaZ5rYuE8ldkQft8jpnfl4O9--gYq_fGh2GwSjAoNEkxmI0ccreBc3BAyhtCQFozIwWlCFlR6-0KeSJrCvi_QEObTgm:1pZGCK:yxdJoc7E6BLNQRuZTTOLiCvsF1K5JwemE2SlaCwftQM",
    "expire_date": "2023-03-20T19:08:36.200Z"
  }
},
{
  "model": "sessions.session",
  "pk": "7cxax1mrqdg0umrib1r0zkk6l5ggp6uu",
  "fields": {
    "session_data": ".eJxVjEEOgjAQRe_StWmmnYKtS_ecgcx0BosaSCisjHdXEha6_e-9_zI9bWvpt6pLP4q5GERz-h2Z8kOnncidptts8zyty8h2V-xBq-1m0ef1cP8OCtXyrdshAWbvMnD02GYfhxB40KgOKTesLiEBOlVUluj4HCQBeYgC4Jpg3h8KDDfn:1pZnju:nHNeSbXZcqiSeJDb8vDzDPdP2LI9vE4gfIRGdAWmJck",
    "expire_date": "2023-03-22T06:57:30.894Z"
  }
},
{
  "model": "sessions.session",
  "pk": "7isf8ik65trvgoj5uj9jwqc9s66a1xnz",
  "fields": {
    "session_data": ".eJxVjDsOwjAQBe_iGlm7JvGHkj5nsNafxQFkS3FSIe4OkVJA-2bmvYSnbS1-63nxcxIXgVqcfsdA8ZHrTtKd6q3J2Oq6zEHuijxol1NL-Xk93L-DQr18a-BRQyQDIZjk0BkMaIK1PFpLGYgGSzwY0AqZUHMC4xTCmdFlVhbE-wMB7Dei:1peuHl:m0vI6lyveJbYCpUsI_Ymd0rmTF7zdCjLm-YB24sNDpU",
    "expire_date": "2023-04-05T08:57:33.603Z"
  }
},
{
  "model": "sessions.session",
  "pk": "7u4467q05tak4rl9hpyx2fsmirnlcrkp",
  "fields": {
    "session_data": ".eJxVjEEOwiAQRe_C2hAGKLQu3XsGMsxMbdVAUtqV8e7apAvd_vfef6mE2zqlrcmSZlZn5UCdfseM9JCyE75juVVNtazLnPWu6IM2fa0sz8vh_h1M2KZvjcQmWhIjDDz6Lvc4RCtD6ECCM2x7dMCEEQz02WfrwkiQmcDbaCOp9wcd6jhH:1pfHqn:eBKIxNjk3doGdkzWfJHzRi8NsJmJfiSKZKLr9A8BpvI",
    "expire_date": "2023-04-06T10:07:17.667Z"
  }
},
{
  "model": "sessions.session",
  "pk": "7y1rfoi0k6kdzlfzzso80sbd2oi5othl",
  "fields": {
    "session_data": ".eJxVjMsOwiAQRf-FtSG8BopL934DGWCQqoGktCvjv2uTLnR7zzn3xQJuaw3boCXMmZ2ZBnb6HSOmB7Wd5Du2W-ept3WZI98VftDBrz3T83K4fwcVR_3WBqISQJMniBo8AggHFiZXjE_GWo9ZapDOSkVJxCKsybo47ZRCKh7Z-wPa1Dcq:1pe0ar:vmX1mEkEcOWt3tD2M1jc-pHh1v1jeJUq16qdzawucNw",
    "expire_date": "2023-04-02T21:29:33.207Z"
  }
},
{
  "model": "sessions.session",
  "pk": "89f9dlykzupqemfy2am4qo10jpwxym5n",
  "fields": {
    "session_data": ".eJxVjEEOwiAQRe_C2hBpoR1cuu8ZyAwzSNVAUtqV8e7apAvd_vfef6mA25rD1mQJM6uLMur0uxHGh5Qd8B3LrepYy7rMpHdFH7TpqbI8r4f7d5Cx5W_dsyMjAwJGGgnEAHAin5x0g7VsxfcChsH5FNHbEZKcpWckBt8xefX-AAzfORk:1pZtLZ:FsHncf13Xbn0XbxIN5hZik9O13fo0eJZpXD6o0H-AcY",
    "expire_date": "2023-03-22T12:56:45.590Z"
  }
},
{
  "model": "sessions.session",
  "pk": "8n9ayoc2uc9va7t2ekcrtdhnh6ba28e8",
  "fields": {
    "session_data": ".eJxVjEEOwiAQRe_C2pDCAKUu3fcMzcAMUjWQlHZlvLtt0oVu33v_v8WE25qnrfEyzSSuAoy4_MKA8cnlMPTAcq8y1rIuc5BHIk_b5FiJX7ez_TvI2PK-jnqwniEFhdEqp90ANvXKgCN0BGx6YIjdjj1xYu9i11HQBnxAr10Qny_9IDfe:1petVo:oPE6gz0oz0sNuy8ZwngrmAnFTFOLqEvWAQVDTGgoBNc",
    "expire_date": "2023-04-05T08:08:00.227Z"
  }
},
{
  "model": "sessions.session",
  "pk": "9ldbv9mk8jvrfxkn6f58bwdpe3jz4ycb",
  "fields": {
    "session_data": ".eJxVjEEOwiAQRe_C2hBpoR1cuu8ZyAwzSNVAUtqV8e7apAvd_vfef6mA25rD1mQJM6uLMur0uxHGh5Qd8B3LrepYy7rMpHdFH7TpqbI8r4f7d5Cx5W_dsyMjAwJGGgnEAHAin5x0g7VsxfcChsH5FNHbEZKcpWckBt8xefX-AAzfORk:1pX3zI:bZA3iyBS68zTjtkTnWISmu2tbQmlBWNedsVguKcpu2o",
    "expire_date": "2023-03-14T17:42:04.272Z"
  }
},
{
  "model": "sessions.session",
  "pk": "9njnv3scwlnmdssw2bdhei3xv4si4htz",
  "fields": {
    "session_data": ".eJxVjEEOwiAQRe_C2pDCMAVcuvcMZGBAqoYmpV0Z765NutDtf-_9lwi0rTVsPS9hYnEW2onT7xgpPXLbCd-p3WaZ5rYuU5S7Ig_a5XXm_Lwc7t9BpV6_9WBiLmgVInlF6BWWwTMUDYUQWBcLkd3oyJgRLXvnjUqMnhyxBgvi_QH7ezeQ:1pfhBM:Y19bCIBF4UgFj1bTre7jhmHek34tD4djWTYLS6IPwFQ",
    "expire_date": "2023-04-07T13:10:12.468Z"
  }
},
{
  "model": "sessions.session",
  "pk": "9qf35ngy76ar8ga9x4i59ubozahznp6z",
  "fields": {
    "session_data": ".eJxVjMEOwiAQRP-FsyGAUMCjd7-B7LKLVA1NSnsy_rtt0oMe5jLvzbxFgnWpae08p5HERZyjOP2WCPnJbSf0gHafZJ7aMo8od0UetMvbRPy6Hu7fQYVet7WznhUqcFuMMloRUwnWcvA6Djm4AWOM7KJGNB61LgTsMqoCmH0h8fkCBdA4ww:1pg7qA:ZkK-NlTuzNzXTdUen4g78hf1TeENsiCQE16o-bhcIZo",
    "expire_date": "2023-04-08T17:38:06.708Z"
  }
},
{
  "model": "sessions.session",
  "pk": "9qxzfjlm136yla0sxj8g433wtf3wbgko",
  "fields": {
    "session_data": ".eJxVjDsOwyAQRO9CHSEBXj4p0-cMaFnWwUkEkrErK3ePLblIminmvZlNRFyXEtfOc5yyuArlxeW3TEgvrgfJT6yPJqnVZZ6SPBR50i7vLfP7drp_BwV72decQGellfUJwGllvE178EAGKFDwowpp0I4ZGcA4JAoZM6lgzRjYic8X9zc4Hw:1pX1AZ:wotoP_sANHn4k40ud3VQOcOJIZTGbutsASGJ_Z2YbKc",
    "expire_date": "2023-03-14T14:41:31.249Z"
  }
},
{
  "model": "sessions.session",
  "pk": "a3quy3oed7cl62keh61jpu0353cpgpx2",
  "fields": {
    "session_data": ".eJxVjDkOwjAUBe_iGlnebSjpcwbrLzYOoESKkwpxd4iUAto3M-8lMmxry1svSx5ZXIQJ4vQ7ItCjTDvhO0y3WdI8rcuIclfkQbscZi7P6-H-HTTo7Vt7KjUGrW1AxJpYU2JgtEqjO_vkjMHA3jgTmYoC0N4m8FVZF6loS-L9ARwmOE4:1pffD3:DWkYJII7cUOEOtNa3zVi0af_plVo0raDAzlo53fhWKQ",
    "expire_date": "2023-04-07T11:03:49.567Z"
  }
},
{
  "model": "sessions.session",
  "pk": "aano7ooutswpfullrfc3kc56j7nx97vc",
  "fields": {
    "session_data": ".eJxVjMEOwiAQBf-FsyFAoYBH7_0GsiyLVA0kpT0Z_9026UGvM_PemwXY1hK2TkuYE7sy6djlF0bAJ9XDpAfUe-PY6rrMkR8JP23nU0v0up3t30GBXvY1oXYiGj1IUlZIFWXOaAR5G51UKYvRZ9SkMQ-0A4pIANLorKxPIwL7fAEQdTi-:1pfHtw:x3B0xxVJQf4kw1GGip8LqWC-Bw9ggPsdCXZsMwUC27k",
    "expire_date": "2023-04-06T10:10:32.463Z"
  }
},
{
  "model": "sessions.session",
  "pk": "aauesejdi1f4ge91ddnffkjax5xg5sum",
  "fields": {
    "session_data": ".eJxVjDsOwjAQBe_iGln-r6Gkzxms3fWGBFAixUmFuDtESgHtm5n3UgW3dShbk6WMVV2Ujer0OxLyQ6ad1DtOt1nzPK3LSHpX9EGb7uYqz-vh_h0M2IZvHbhHAvYBz9kDOx-kGgxkgaONmHqCmpMDAKEkrs82BwaLyRiKxnv1_gAUfzfO:1pX0qF:Tc24IFJ69Jx3nJ84h9m8JIm4A8Sl4KAi64dYGW9k_Uk",
    "expire_date": "2023-03-14T14:20:31.366Z"
  }
},
{
  "model": "sessions.session",
  "pk": "aml711m1y6oihoccqg5di808o0allxo0",
  "fields": {
    "session_data": ".eJxVjEEOwiAQRe_C2pCBoZW6dN8zkBkYbNVAUtqV8e7apAvd_vfef6lA2zqFrckS5qQuCq06_Y5M8SFlJ-lO5VZ1rGVdZta7og_a9FiTPK-H-3cwUZu-dZ8HwGhNBPYW-2h9do6zeDFIsWMxAxKgEUHh5A2fXRqALPgEYDqn3h8Jczfm:1pfHkW:PTJNLADQKGlnYioiJudkEPRsK9yEj9eWBxg-6BBuV3M",
    "expire_date": "2023-04-06T10:00:48.906Z"
  }
},
{
  "model": "sessions.session",
  "pk": "azw7alzzu03tma01iqsnodojm0f7u5gv",
  "fields": {
    "session_data": ".eJxVjEEOwiAQRe_C2hAYaQdcuu8ZyMCAVA0kpV0Z765NutDtf-_9l_C0rcVvPS1-ZnERIE6_W6D4SHUHfKd6azK2ui5zkLsiD9rl1Dg9r4f7d1Col2-NbBiMxeFsSRmdWQO4MVrImJljIHZmhIDKckpOG6UGHRExo8sAwYj3B9XIN4I:1pT1c3:fI48E14J8g7yAWfEKwM-BVGVoYcM2KAO_3HXqSMLmzk",
    "expire_date": "2023-03-03T14:21:23.827Z"
  }
},
{
  "model": "sessions.session",
  "pk": "b5nw8p80lgiuu38xhycuh5xnhkc0odpv",
  "fields": {
    "session_data": ".eJxVjEEOwiAQRe_C2hBpoR1cuu8ZyAwzSNVAUtqV8e7apAvd_vfef6mA25rD1mQJM6uLMur0uxHGh5Qd8B3LrepYy7rMpHdFH7TpqbI8r4f7d5Cx5W_dsyMjAwJGGgnEAHAin5x0g7VsxfcChsH5FNHbEZKcpWckBt8xefX-AAzfORk:1pW1yP:uKi-chEhsZYaA5nM79qevDpDWrG1flipdu6PlqBDkOI",
    "expire_date": "2023-03-11T21:20:53.740Z"
  }
},
{
  "model": "sessions.session",
  "pk": "besi01z46rrfsl8r7wrxa35jasnpywer",
  "fields": {
    "session_data": ".eJxVjEEOwiAQRe_C2hBpoR1cuu8ZyAwzSNVAUtqV8e7apAvd_vfef6mA25rD1mQJM6uLMur0uxHGh5Qd8B3LrepYy7rMpHdFH7TpqbI8r4f7d5Cx5W_dsyMjAwJGGgnEAHAin5x0g7VsxfcChsH5FNHbEZKcpWckBt8xefX-AAzfORk:1pW0Ti:M-omFjgwBaJ0tVoxW9OkCD-Cd6_TU5lVYx2R2uXfu9k",
    "expire_date": "2023-03-11T19:45:06.702Z"
  }
},
{
  "model": "sessions.session",
  "pk": "bkxhc0jqc6gdaemu40cjlqbegn5ziuiy",
  "fields": {
    "session_data": ".eJxVjEsOwiAUAO_C2pBC-bp03zOQB-8hVQNJaVfGuxuSLnQ7M5k3C3DsJRydtrAiuzJh2OUXRkhPqsPgA-q98dTqvq2Rj4SftvOlIb1uZ_s3KNDL-GrISoPzWSYlM4qsBJGiPJNJKG2MUqBXxuFkZg_ktAJASvPkrHVg2OcLI9s4og:1pfFAa:PCIe3As2BD1dyLC9fRzNKM0nYpkvQJ03TgchbI14s9c",
    "expire_date": "2023-04-06T07:15:32.379Z"
  }
},
{
  "model": "sessions.session",
  "pk": "bshh1vwqecsvuw5w9cn7rmw4w2vojb63",
  "fields": {
    "session_data": ".eJxVjEEOwiAQRe_C2hCgQBmX7j0DmYFBqoYmpV0Z765NutDtf-_9l4i4rTVunZc4ZXEWgxan35EwPbjtJN-x3WaZ5rYuE8ldkQft8jpnfl4O9--gYq_fGh2GwSjAoNEkxmI0ccreBc3BAyhtCQFozIwWlCFlR6-0KeSJrCvi_QEObTgm:1peIDm:nS-cjDX7TFq0c0FE5gni0mvBNjM17HvfWRhQNFkG7nY",
    "expire_date": "2023-04-03T16:18:54.765Z"
  }
},
{
  "model": "sessions.session",
  "pk": "bsynowsor8fmlog2s9exdjzgj91i7z32",
  "fields": {
    "session_data": ".eJxVjEsOwjAMBe-SNYrsuGkbluw5Q2XXDimgVupnhbg7VOoCtm9m3st1vK2l2xabu0Hd2YXoTr-jcP-wcSd65_E2-X4a13kQvyv-oIu_TmrPy-H-HRReyrfmJDE2jEAi0HJEshoaNouELEyaLXMNBDkDJcSUqqaFoJUGxKrt3fsDCz03tw:1pX1dz:ofn3imsG6kfDlUBteJafRHmABLhX1LgZAK-VTK8bonA",
    "expire_date": "2023-03-14T15:11:55.131Z"
  }
},
{
  "model": "sessions.session",
  "pk": "bua8toxsw7r5n2zsz0vxf5mjecz9j6mf",
  "fields": {
    "session_data": ".eJxVjMsOwiAQRf-FtSEM5enSvd9AYBikaiAp7cr479qkC93ec859sRC3tYZt0BLmzM4MFDv9jinig9pO8j22W-fY27rMie8KP-jg157peTncv4MaR_3WRFIgeVMIQWIEUF4KEiZqZyBp6wF1Ekr7aQLtrHTOFkwetUeRiiT2_gD-0Tep:1pdBsF:Enhw3mai34M4rtrTA-gSE03pb8Zo18WNVTA_wRW721U",
    "expire_date": "2023-03-31T15:20:07.865Z"
  }
},
{
  "model": "sessions.session",
  "pk": "c54pt3oebd0cv7iy8zlw19tvftqe6xkv",
  "fields": {
    "session_data": ".eJxVjMsOwiAQRf-FtSEDUx66dN9vIAMMUjU0Ke3K-O_apAvd3nPOfYlA21rD1nkJUxYXgSBOv2Ok9OC2k3yndptlmtu6TFHuijxol-Oc-Xk93L-DSr1-a07elZK8YiLF0SVVzqokZ5QGwOyIGa332lqdCYtDZRAABgC26M0g3h8ikzeW:1peu9q:Bnyghq9A8hCBTTk5YV48XLR41_555E0MuUgZOYNLSJ4",
    "expire_date": "2023-04-05T08:49:22.870Z"
  }
},
{
  "model": "sessions.session",
  "pk": "ch4wtfm86yc2fjm2tck1dbc73ehbwbby",
  "fields": {
    "session_data": ".eJxVjDsOwjAQRO_iGlmbZP2Bkp4zWBvvGgeQLeVTIe6OI6WAZjSaNzNvFWhbc9gWmcPE6qIGo06_4UjxKWUn_KByrzrWss7TqPeKPuiib5XldT26fweZltzWJA6FDeDoGTvseh9d3wRoAGsdJLIDO59sAsFmEaxYFgQUT3A26vMF95s3dg:1pZMoC:zHXf-if4DyyeKYcEB-eI8UYsoJGjXmTHMW__ZXHphUU",
    "expire_date": "2023-03-21T02:12:08.907Z"
  }
},
{
  "model": "sessions.session",
  "pk": "cirv20b1yfttm7wrnjuryrd0jr0o4p3t",
  "fields": {
    "session_data": ".eJxVjMsOwiAQRf-FtSFM5dG6dN9vIAMzSNVAUtqV8d-VpAvd3nPOfQmP-5b93nj1C4mLOFtx-h0DxgeXTuiO5VZlrGVblyC7Ig_a5FyJn9fD_TvI2HKvJwhWsVEWDcakBscWkQNDIHZAA6kI2mlKE_FoKI4a4WtDApds0uL9ATCBOOw:1peuAo:XPJY8nENiRKW56BubzZWRp-UIsP2jdTKIU1jBp41XWc",
    "expire_date": "2023-04-05T08:50:22.920Z"
  }
},
{
  "model": "sessions.session",
  "pk": "cp7b4p3273j1ease4n42wcv0s6ixiyop",
  "fields": {
    "session_data": ".eJxVjDsOwjAQBe_iGlnxb-OlpOcM1tpe4wBypDipEHeHSCmgfTPzXiLQttawdV7ClMVZKBSn3zFSenDbSb5Tu80yzW1dpih3RR60y-uc-Xk53L-DSr1-axuVLeytAVQeEwBmX2BkQ4MGrR156wxZLgoHVXDUyenMOoIBH1Ui8f4A6AA3Wg:1pZtVt:nrx9zM1f4JbBr0R5JNc_IOMQA9A526XVNCODXZliMpY",
    "expire_date": "2023-03-22T13:07:25.450Z"
  }
},
{
  "model": "sessions.session",
  "pk": "d2vl5a4ezdz4xrrslosr1cec5690we76",
  "fields": {
    "session_data": ".eJxVjDsOwjAQBe_iGlnxb-OlpOcM1tpe4wBypDipEHeHSCmgfTPzXiLQttawdV7ClMVZKBSn3zFSenDbSb5Tu80yzW1dpih3RR60y-uc-Xk53L-DSr1-axuVLeytAVQeEwBmX2BkQ4MGrR156wxZLgoHVXDUyenMOoIBH1Ui8f4A6AA3Wg:1pZtNQ:cIPchGI6E-tsJnn7S7af4gq_UsN6GALxISiSnfygSec",
    "expire_date": "2023-03-22T12:58:40.335Z"
  }
},
{
  "model": "sessions.session",
  "pk": "d97hm5qkrjd24383gdhb57pn4wdi2y1n",
  "fields": {
    "session_data": ".eJxVjMEOwiAQRP-FsyGwkKV69O43kIVdpGpoUtqT8d9tkx50jvPezFtFWpca1y5zHFldlAV1-i0T5ae0nfCD2n3SeWrLPCa9K_qgXd8mltf1cP8OKvW6rYGMJLDFnB3wFkSwg0sIwaIPIj4gO19SBnGFHZRskYNwyTyQIVafLwn-OOY:1pfh8G:y_zjPk15Lj3c5f145KHjN8JW_5MpfOO85CA0G3WqgVs",
    "expire_date": "2023-04-07T13:07:00.735Z"
  }
},
{
  "model": "sessions.session",
  "pk": "damjp8ch74u7wzm15y9fyjv1c23k9xki",
  "fields": {
    "session_data": ".eJxVjEEOwiAQRe_C2pDCAKUu3fcMzcAMUjWQlHZlvLtt0oVu33v_v8WE25qnrfEyzSSuAoy4_MKA8cnlMPTAcq8y1rIuc5BHIk_b5FiJX7ez_TvI2PK-jnqwniEFhdEqp90ANvXKgCN0BGx6YIjdjj1xYu9i11HQBnxAr10Qny_9IDfe:1pXGWK:F6XLKE8xtdxVrXvQMZo_QVlkgvCNgVpuHODj7KFK0iw",
    "expire_date": "2023-03-15T07:05:00.641Z"
  }
},
{
  "model": "sessions.session",
  "pk": "dkfza590766aopmwk217da79t8gi10z3",
  "fields": {
    "session_data": ".eJxVjMsOwiAQRf-FtSFTYAZw6b7fQIaHUjU0Ke3K-O_apAvd3nPOfYnA21rD1ssSpizOQmlx-h0jp0dpO8l3brdZprmtyxTlrsiDdjnOuTwvh_t3ULnXb82UDBGo4jJZT6h0tIDIOns_GLCOoPCVVEGLzlmj0fqYBgBA74zR4v0B0Js2Dw:1petbt:g_jGU9KtTAq3Hu81JkHF_e2cW8loCfWnpVtcp4H-RqY",
    "expire_date": "2023-04-05T08:14:17.214Z"
  }
},
{
  "model": "sessions.session",
  "pk": "dkqh8lu9jwe78aybmw0eumjbskei1p65",
  "fields": {
    "session_data": ".eJxVjMsOwiAQRf-FtSEDUx66dN9vIAMMUjU0Ke3K-O_apAvd3nPOfYlA21rD1nkJUxYXgSBOv2Ok9OC2k3yndptlmtu6TFHuijxol-Oc-Xk93L-DSr1-a07elZK8YiLF0SVVzqokZ5QGwOyIGa332lqdCYtDZRAABgC26M0g3h8ikzeW:1pZmGt:Kp9PVPjP1aX3ASfLPJcdWXzLqXv6abJmNdFaIrOYoAE",
    "expire_date": "2023-03-22T05:23:27.868Z"
  }
},
{
  "model": "sessions.session",
  "pk": "dlblt8xt9tscvfvrzolz819wzueo2xe2",
  "fields": {
    "session_data": ".eJxVjMsOwiAQRf-FtSG8BopL934DGWCQqoGktCvjv2uTLnR7zzn3xQJuaw3boCXMmZ2ZNuz0O0ZMD2o7yXdst85Tb-syR74r_KCDX3um5-Vw_w4qjvqtDUQlgCZPEDV4BBAOLEyuGJ-MtR6z1CCdlYqSiEVYk3Vx2imFVDyy9wfaOzcp:1pg7or:h944YTgAMAA7DBIkHMGgBxFeAIBtEKp1v8_9J1vAFnY",
    "expire_date": "2023-04-08T17:36:45.078Z"
  }
},
{
  "model": "sessions.session",
  "pk": "dngm3fr9rhhzroicyr4vs4xe4b4xcpnf",
  "fields": {
    "session_data": ".eJxVjEEOwiAQRe_C2hBpoR1cuu8ZyAwzSNVAUtqV8e7apAvd_vfef6mA25rD1mQJM6uLMur0uxHGh5Qd8B3LrepYy7rMpHdFH7TpqbI8r4f7d5Cx5W_dsyMjAwJGGgnEAHAin5x0g7VsxfcChsH5FNHbEZKcpWckBt8xefX-AAzfORk:1pZZsZ:BIHralJlcxEaXD8-WH00MkJTK_im6P-vGIJi32Dpa2w",
    "expire_date": "2023-03-21T16:09:31.277Z"
  }
},
{
  "model": "sessions.session",
  "pk": "dt25x7pr07gw8i39boevfkl5wtif56dr",
  "fields": {
    "session_data": ".eJxVjEEOgjAQRe_StWlmCqXFpXvP0ExnBosaSCisjHdXEha6_e-9_zKJtrWkreqSRjFn05nT75aJHzrtQO403WbL87QuY7a7Yg9a7XUWfV4O9--gUC3fus0hxAAaInlpPDGQDiiKyEiNz8IOiZABHQANHrARB9qCz33Xx968P-zpN6g:1pe0dg:jcROdyt1JvaHVbbTFa413ZIFLCK7b7h5k-btrvCtpiY",
    "expire_date": "2023-04-02T21:32:28.521Z"
  }
},
{
  "model": "sessions.session",
  "pk": "e0uznhnjng6dcr1r7lp0i7fh286jmr6e",
  "fields": {
    "session_data": ".eJxVjMsOwiAQRf-FtSFTYAZw6b7fQIaHUjU0Ke3K-O_apAvd3nPOfYnA21rD1ssSpizOQmlx-h0jp0dpO8l3brdZprmtyxTlrsiDdjnOuTwvh_t3ULnXb82UDBGo4jJZT6h0tIDIOns_GLCOoPCVVEGLzlmj0fqYBgBA74zR4v0B0Js2Dw:1pX1Xh:ArLjJQPUdJ1sPRTiVo-IcZUK9aTeB0z9VOe_cAE_V9g",
    "expire_date": "2023-03-14T15:05:25.504Z"
  }
},
{
  "model": "sessions.session",
  "pk": "e0x5ugxrcbws5glz4jzw2kkij029mf2a",
  "fields": {
    "session_data": ".eJxVjEEOwiAQRe_C2hBpoR1cuu8ZyAwzSNVAUtqV8e7apAvd_vfef6mA25rD1mQJM6uLMur0uxHGh5Qd8B3LrepYy7rMpHdFH7TpqbI8r4f7d5Cx5W_dsyMjAwJGGgnEAHAin5x0g7VsxfcChsH5FNHbEZKcpWckBt8xefX-AAzfORk:1pZjbl:L4g5nn3-WLkJmsZB2CBPvgvRz0bxRpWHMNB_TRoivtI",
    "expire_date": "2023-03-22T02:32:49.523Z"
  }
},
{
  "model": "sessions.session",
  "pk": "ecxr08apci6rtx6pxffdfm4zle7fvbig",
  "fields": {
    "session_data": ".eJxVjEEOgjAQRe_StWmmnYKtS_ecgcx0BosaSCisjHdXEha6_e-9_zI9bWvpt6pLP4q5GERz-h2Z8kOnncidptts8zyty8h2V-xBq-1m0ef1cP8OCtXyrdshAWbvMnD02GYfhxB40KgOKTesLiEBOlVUluj4HCQBeYgC4Jpg3h8KDDfn:1pe89P:iayV-oKONdOTZHCnRPfsk0-JtLxdMM7WJ94Y6J8LsPA",
    "expire_date": "2023-04-03T05:33:43.557Z"
  }
},
{
  "model": "sessions.session",
  "pk": "ee4tp7gy5zu7514j9nouah4djrxmw63k",
  "fields": {
    "session_data": ".eJxVjEEOgjAQRe_StWk600KLS_eegUxnBosaSCisjHdXEha6_e-9_zI9bWvpt6pLP4o5G4_m9Dtm4odOO5E7TbfZ8jyty5jtrtiDVnudRZ-Xw_07KFTLtyYWF5HVqYAMocmJuojatQ1o651gIg_CFMFByiGjbweGLAwBI0Y27w8egzhI:1pdCEh:ROWBiznCddDHbUHYraSg7rnIglmKzSpReDtpQNAXbdE",
    "expire_date": "2023-03-31T15:43:19.307Z"
  }
},
{
  "model": "sessions.session",
  "pk": "esa5t8l3hw40732ohutlc2s2l4y5awuw",
  "fields": {
    "session_data": ".eJxVjMEOwiAQRP-FsyGwS6B69O43kIVdpGpoUtqT8d9tkx50jvPezFtFWpca1y5zHFldlEV1-i0T5ae0nfCD2n3SeWrLPCa9K_qgXd8mltf1cP8OKvW6rYGMJLDFnBF4i_dgB0wegvUuiLjgGV1JGQQLI5RsPQfhknkgQ6w-XwqXOOc:1pes3k:aj0KfxY_bekxf6OUf4JB04462iayXh0aFKOiEoUr3vw",
    "expire_date": "2023-04-05T06:34:56.952Z"
  }
},
{
  "model": "sessions.session",
  "pk": "f3655hnjufq0fprlbyn62fnuiudjocrr",
  "fields": {
    "session_data": ".eJxVjEEOwiAQRe_C2hBpoR1cuu8ZyAwzSNVAUtqV8e7apAvd_vfef6mA25rD1mQJM6uLMur0uxHGh5Qd8B3LrepYy7rMpHdFH7TpqbI8r4f7d5Cx5W_dsyMjAwJGGgnEAHAin5x0g7VsxfcChsH5FNHbEZKcpWckBt8xefX-AAzfORk:1pU8dm:KxFXulowzTMfLSEUodGE3_qnbTgXC4bjEaxR0OtkR4s",
    "expire_date": "2023-03-06T16:03:46.789Z"
  }
},
{
  "model": "sessions.session",
  "pk": "f58qrqsaucdn95pb5l4rntr3cw2jyk7z",
  "fields": {
    "session_data": ".eJxVjEsOgzAMBe-SdRVBDE7SZfecARnbNLRVIvFZVb17QWLRbmfmvbfpaVtTvy0695OYq3Hm8ssG4qfmQ8iD8r1YLnmdp8EeiT3tYrsi-rqd7d9BoiXt60BtBcTVyBwbHaPGcUcBkbCONaj4RgjEBw-KyNx4J9pCAIfqgdV8vvUuOCM:1pWUse:Uf65yKN2qzufCzQ2yC5KEcfBocIPzwNdsAZMTuPJvx4",
    "expire_date": "2023-03-13T04:12:52.418Z"
  }
},
{
  "model": "sessions.session",
  "pk": "f7k6vo3qj26csv8pk5qgtgkoq0y4vigx",
  "fields": {
    "session_data": ".eJxVjDsOwjAQBe_iGln-b0xJzxms9a6DA8iR4qRC3B0ipYD2zcx7iYTbWtPWy5ImFmehozj9jhnpUdpO-I7tNkua27pMWe6KPGiX15nL83K4fwcVe_3WkQcLFJUzxbBz0Vk1Kht8QPIQBgYNgAwINiqdiXIxhMAQFHpHcRTvD-jkN7Y:1pfcYm:AqOg9p8U6ZECuX9yOXeyfI6tO4QG4--JhOIa-kFwBRw",
    "expire_date": "2023-04-07T08:14:04.102Z"
  }
},
{
  "model": "sessions.session",
  "pk": "fnsme0qrj7r0d62fe6hjirgpzv6l16ox",
  "fields": {
    "session_data": ".eJxVjMsOwiAQRf-FtSFM5dG6dN9vIAMzSNVAUtqV8d-VpAvd3nPOfQmP-5b93nj1C4mLOFtx-h0DxgeXTuiO5VZlrGVblyC7Ig_a5FyJn9fD_TvI2HKvJwhWsVEWDcakBscWkQNDIHZAA6kI2mlKE_FoKI4a4WtDApds0uL9ATCBOOw:1pezKT:O04KKk6xF8073u43EZuH9ofL-n0NbCDFtsl339PUTC0",
    "expire_date": "2023-04-05T14:20:41.278Z"
  }
},
{
  "model": "sessions.session",
  "pk": "fom77t0p4bo87h6olrjmy9mmugl0tcqe",
  "fields": {
    "session_data": ".eJxVjMsOwiAQRf-FtSG8BopL934DGWCQqoGktCvjv2uTLnR7zzn3xQJuaw3boCXMmZ2ZNuz0O0ZMD2o7yXdst85Tb-syR74r_KCDX3um5-Vw_w4qjvqtDUQlgCZPEDV4BBAOLEyuGJ-MtR6z1CCdlYqSiEVYk3Vx2imFVDyy9wfaOzcp:1pfEOS:i--N0dBzWhvFDM4B0mpeDDkMYBJJ3T3UQFkxNKPVMrQ",
    "expire_date": "2023-04-06T06:25:48.916Z"
  }
},
{
  "model": "sessions.session",
  "pk": "fpqm56rdnuk7isakucf2iwibps97sfl6",
  "fields": {
    "session_data": ".eJxVjEEOwiAQRe_C2hAGAh1cuvcMZIBBqgaS0q6Md9cmXej2v_f-SwTa1hq2wUuYszgLK06_W6T04LaDfKd26zL1ti5zlLsiDzrktWd-Xg7376DSqN-akzPkcrEeUWXNiRmnogob1No7VJgdATCCt5ZM9BBdjBpgMhYMFfH-APAPN68:1pctDB:QVVhP4y0yaoMLPJPsjt2wasmfwvFCExXYED2M7h9SmQ",
    "expire_date": "2023-03-30T19:24:29.123Z"
  }
},
{
  "model": "sessions.session",
  "pk": "fsuwk4flq323soyz4eb7dzq3e1ovz8ko",
  "fields": {
    "session_data": ".eJxVjDsOwjAQBe_iGlm7Jv5R0ucM1vqzOIAcKU4qxN0hUgpo38y8lwi0rTVsvSxhyuIiUIvT7xgpPUrbSb5Tu80yzW1dpih3RR60y3HO5Xk93L-DSr1-a2BtIJGFGG326C1GtNE51s5RAaLBEQ8WjEImNJzBeoVwZvSFlQPx_gABUzeh:1pflha:J-frLdrPk-EbqWaazguHkBIAyZYfaI1nw2pnwRrHMdQ",
    "expire_date": "2023-04-07T17:59:46.946Z"
  }
},
{
  "model": "sessions.session",
  "pk": "g4hylnbo307x6rpqxaa0cql4zyhxoy8p",
  "fields": {
    "session_data": ".eJxVjEEOgjAQRe_StWmmnYKtS_ecgcx0BosaSCisjHdXEha6_e-9_zI9bWvpt6pLP4q5GERz-h2Z8kOnncidptts8zyty8h2V-xBq-1m0ef1cP8OCtXyrdshAWbvMnD02GYfhxB40KgOKTesLiEBOlVUluj4HCQBeYgC4Jpg3h8KDDfn:1pZniB:EB3NhH1cCjk0FNE31lLAA5iUFDhJmbi7VNIXoOm9swg",
    "expire_date": "2023-03-22T06:55:43.263Z"
  }
},
{
  "model": "sessions.session",
  "pk": "g7qcysh9lsxz2le8o1ysjnof23lkv7fr",
  "fields": {
    "session_data": ".eJxVjEEOwiAQRe_C2hBpoR1cuu8ZyAwzSNVAUtqV8e7apAvd_vfef6mA25rD1mQJM6uLMur0uxHGh5Qd8B3LrepYy7rMpHdFH7TpqbI8r4f7d5Cx5W_dsyMjAwJGGgnEAHAin5x0g7VsxfcChsH5FNHbEZKcpWckBt8xefX-AAzfORk:1pUE8V:tGxzdaBPNCMkM0kVfeEwTq-6NA58dcD4vUs-h0ud_8A",
    "expire_date": "2023-03-06T21:55:51.896Z"
  }
},
{
  "model": "sessions.session",
  "pk": "gf1gzzmo0wgec8rt54nwjcigbhu4ehlz",
  "fields": {
    "session_data": ".eJxVjMsOwiAQRf-FtSEgj05duu83kBkYpGogKe3K-O_apAvd3nPOfYmA21rC1nkJcxIXoZ04_Y6E8cF1J-mO9dZkbHVdZpK7Ig_a5dQSP6-H-3dQsJdvjcR0NgMQqKRM1BkwesOULVIGB4R-HBiURVTeJa0oZg2cGO0Y0Rvx_gA0gTlI:1pedrp:mcWoSVT5uZQ3KvmM22YYrqFAo7oZwzpnyVbF83Tbqyc",
    "expire_date": "2023-04-04T15:25:41.903Z"
  }
},
{
  "model": "sessions.session",
  "pk": "gveh5xgzlnfhpoe00kl4p1scuhvhcgxw",
  "fields": {
    "session_data": ".eJxVjMEOwiAQRP-FsyGwkKV69O43kIVdpGpoUtqT8d9tkx50jvPezFtFWpca1y5zHFldlAV1-i0T5ae0nfCD2n3SeWrLPCa9K_qgXd8mltf1cP8OKvW6rYGMJLDFnB3wFkSwg0sIwaIPIj4gO19SBnGFHZRskYNwyTyQIVafLwn-OOY:1pgTeF:sR2QYO1JmVm9RnyVeU11MbO5KRub3TH2pVDFhIxlcNA",
    "expire_date": "2023-04-09T16:55:15.471Z"
  }
},
{
  "model": "sessions.session",
  "pk": "gwr4vdftu0dhu01ltgr9i2ryq65qfnqi",
  "fields": {
    "session_data": ".eJxVjDkOwjAUBe_iGlnebSjpcwbrLzYOoESKkwpxd4iUAto3M-8lMmxry1svSx5ZXISJ4vQ7ItCjTDvhO0y3WdI8rcuIclfkQbscZi7P6-H-HTTo7Vt7KjUGrW1AxJpYU2JgtEqjO_vkjMHA3jgTmYoC0N4m8FVZF6loS-L9ARy_OE8:1petX0:YcWy9SwjTJNAlM9Bwqc6IBTS3liuRFvn27SDSzDmE1U",
    "expire_date": "2023-04-05T08:09:14.394Z"
  }
},
{
  "model": "sessions.session",
  "pk": "gxdn6v79kcv8r6nrq819w1zhyov9493t",
  "fields": {
    "session_data": ".eJxVjDsOwyAQRO9CHSEBXj4p0-cMaFnWwUkEkrErK3ePLblIminmvZlNRFyXEtfOc5yyuArlxeW3TEgvrgfJT6yPJqnVZZ6SPBR50i7vLfP7drp_BwV72decQGellfUJwGllvE178EAGKFDwowpp0I4ZGcA4JAoZM6lgzRjYic8X9zc4Hw:1pZGAe:8cZxuBCnRfzazTfJY9MqRtW3IczB92VzTsQwxGppWVY",
    "expire_date": "2023-03-20T19:06:52.574Z"
  }
},
{
  "model": "sessions.session",
  "pk": "gydwj71t6c04h56wshb4yw0xcjivhj2e",
  "fields": {
    "session_data": ".eJxVjEEOgjAQRe_StWnaGYrFpXvOQKadGYsaSCisjHdXEha6_e-9_zIDbWsZtirLMLK5GAjm9Dsmyg-ZdsJ3mm6zzfO0LmOyu2IPWm0_szyvh_t3UKiWb-0dsqpTwtzI2WfPTIgqgC14IOKgGF0O0sRWgibqEACz8x1oozGZ9wchkTh9:1peuBK:uKg_Td4vdZdcwyArp8cwq4N9iAwEo2NFVo7S6Teb-rw",
    "expire_date": "2023-04-05T08:50:54.006Z"
  }
},
{
  "model": "sessions.session",
  "pk": "h5bp6y2j66u099nqn9nztwxg35sa7hjs",
  "fields": {
    "session_data": ".eJxVjDsOwjAQBe_iGlnxJ96Ekj5nsNbrNQ4gW4qTCnF3EikFtG9m3lt43Nbst8aLn6O4Cq3E5XcMSE8uB4kPLPcqqZZ1mYM8FHnSJqca-XU73b-DjC3vdVKuC8MAMKZg0Cgb2ERw1mlLugPQhKB16npy0cHIprfEjClFCrubxOcL94Q4mw:1pf1xw:QA5yuuObPGIaCqzVFTkmZaPA4XaoW_aRWw5S3eCpiac",
    "expire_date": "2023-04-05T17:09:36.084Z"
  }
},
{
  "model": "sessions.session",
  "pk": "hfbd8vj292ek66eudcpbkd7h4ewzrtow",
  "fields": {
    "session_data": ".eJxVjEsOgzAMBe-SdRVBDE7SZfecARnbNLRVIvFZVb17QWLRbmfmvbfpaVtTvy0695OYq3Hm8ssG4qfmQ8iD8r1YLnmdp8EeiT3tYrsi-rqd7d9BoiXt60BtBcTVyBwbHaPGcUcBkbCONaj4RgjEBw-KyNx4J9pCAIfqgdV8vvUuOCM:1pTUu1:suhYQWtnHPWWDSZUSiBS6ucHl5XCwSnMtwyaBGPGXcQ",
    "expire_date": "2023-03-04T21:37:53.307Z"
  }
},
{
  "model": "sessions.session",
  "pk": "hml39ew846grvglrb8e8x58qtr9ggkgw",
  "fields": {
    "session_data": ".eJxVjDsOwjAQBe_iGlm7Jv5R0ucM1vqzOIAcKU4qxN0hUgpo38y8lwi0rTVsvSxhyuIiUIvT7xgpPUrbSb5Tu80yzW1dpih3RR60y3HO5Xk93L-DSr1-a2BtIJGFGG326C1GtNE51s5RAaLBEQ8WjEImNJzBeoVwZvSFlQPx_gABUzeh:1pflM9:LxuY4E6WGxHhF40Cvs7NYJW6CIrWTGGeJie9-cuzQ_o",
    "expire_date": "2023-04-07T17:37:37.150Z"
  }
},
{
  "model": "sessions.session",
  "pk": "hr1u3c73sgr09ls53c01t04p0uyuq01p",
  "fields": {
    "session_data": ".eJxVjDsOwjAQBe_iGlm7JvGHkj5nsNafxQFkS3FSIe4OkVJA-2bmvYSnbS1-63nxcxIXgVqcfsdA8ZHrTtKd6q3J2Oq6zEHuijxol1NL-Xk93L-DQr18a-BRQyQDIZjk0BkMaIK1PFpLGYgGSzwY0AqZUHMC4xTCmdFlVhbE-wMB7Dei:1pX0z1:JEvHroCJZtNIXaUSTBV7orGVruytJlh3RfNMamNHPBM",
    "expire_date": "2023-03-14T14:29:35.876Z"
  }
},
{
  "model": "sessions.session",
  "pk": "hx0bfv7obwy0kwal2dpo99humpb04le9",
  "fields": {
    "session_data": ".eJxVjMsOgjAQRf-la9O0dAaLS_d8QzOPVlADCYWV8d-VhIVu7znnvkyibR3SVvOSRjUX07Tm9DsyySNPO9E7TbfZyjyty8h2V-xBq-1nzc_r4f4dDFSHb90FB5pZtZWIZwBfgBlJmhIiAlGMggjFsccShAlDp9L4WLBzxAzm_QEZ_ziQ:1pX1un:KlCOKQezYLYBpV-vOlcdEGg3qMtNuR7UFSd3Sm_7SlQ",
    "expire_date": "2023-03-14T15:29:17.617Z"
  }
},
{
  "model": "sessions.session",
  "pk": "i0jk3aluzdldwlq414jzgcfktymelh3e",
  "fields": {
    "session_data": ".eJxVjMsOwiAQRf-FtSFTYAZw6b7fQIaHUjU0Ke3K-O_apAvd3nPOfYnA21rD1ssSpizOQilx-h0jp0dpO8l3brdZprmtyxTlrsiDdjnOuTwvh_t3ULnXb82UDBGo4jJZT6h0tIDIOns_GLCOoPCVVEGLzlmj0fqYBgBA74zR4v0B0AI2Dg:1pfkJR:aPbFwZbqgrqSw_kLyhrl40j6Fcyj99w8jPehb3lrVFA",
    "expire_date": "2023-04-07T16:30:45.699Z"
  }
},
{
  "model": "sessions.session",
  "pk": "i6ad3b40v7jx4p1akdahjpraq7gocjn1",
  "fields": {
    "session_data": ".eJxVjEEOwiAQRe_C2hBpoR1cuu8ZyAwzSNVAUtqV8e7apAvd_vfef6mA25rD1mQJM6uLMur0uxHGh5Qd8B3LrepYy7rMpHdFH7TpqbI8r4f7d5Cx5W_dsyMjAwJGGgnEAHAin5x0g7VsxfcChsH5FNHbEZKcpWckBt8xefX-AAzfORk:1pX42Q:VePog1tomQcRM_M_wf8pbpn69QkKwklfXMSsVBmWdtc",
    "expire_date": "2023-03-14T17:45:18.044Z"
  }
},
{
  "model": "sessions.session",
  "pk": "i8vvr24bl60nlpxw1i5ryal60eu4dlay",
  "fields": {
    "session_data": ".eJxVjMEOwiAQRP-FsyGwS6B69O43kIVdpGpoUtqT8d9tkx50jvPezFtFWpca1y5zHFldlEV1-i0T5ae0nfCD2n3SeWrLPCa9K_qgXd8mltf1cP8OKvW6rYGMJLDFnBF4i_dgB0wegvUuiLjgGV1JGQQLI5RsPQfhknkgQ6w-XwqXOOc:1pY8iQ:YvWcZxWf0ZBxd-PYHo7gjhZ19x7Jmuk0cmLPczESkE0",
    "expire_date": "2023-03-17T16:57:06.323Z"
  }
},
{
  "model": "sessions.session",
  "pk": "ibaxm4lm8p731hog3nsjh54blumno6j5",
  "fields": {
    "session_data": ".eJxVjMsOwiAQRf-FtSHIYwCX7v0GMjAgVQNJaVfGf7dNutDtPefcNwu4LjWsI89hInZh0rLT7xgxPXPbCT2w3TtPvS3zFPmu8IMOfuuUX9fD_TuoOOpW6xRdJCiA6CwBOiykJNgzaKG9KVGDM1ZZaTeshSJ0oCSClzlmIzz7fAENZjeT:1pfkep:cut17-w078jC5LJDizTAaTlS9-Ng14a7-WLb3iL8M3I",
    "expire_date": "2023-04-07T16:52:51.311Z"
  }
},
{
  "model": "sessions.session",
  "pk": "inq3rl51c0fsw1bmrhrxq1rvig8r1hir",
  "fields": {
    "session_data": ".eJxVjEEOwiAQRe_C2pDCAKUu3fcMzcAMUjWQlHZlvLtt0oVu33v_v8WE25qnrfEyzSSuAoy4_MKA8cnlMPTAcq8y1rIuc5BHIk_b5FiJX7ez_TvI2PK-jnqwniEFhdEqp90ANvXKgCN0BGx6YIjdjj1xYu9i11HQBnxAr10Qny_9IDfe:1pZbyf:BEdYYms1CWSD2fVrCmIN2gpIgjJ1ppTHlkBijA91IUE",
    "expire_date": "2023-03-21T18:23:57.666Z"
  }
},
{
  "model": "sessions.session",
  "pk": "isjqijg7h29e5edza04gvy2q2wjbyccn",
  "fields": {
    "session_data": ".eJxVjDsOwjAQRO_iGllZf9Y2JX3OYPmzxgHkSHFSIe5OIqWAKee9mTfzYVur3zotfsrsygSwy28ZQ3pSO0h-hHafeZrbukyRHwo_aefjnOl1O92_gxp63deayGUYZFLSJAREazVJNWBUGhOVPUooKyBjNOSiKzJQIklgAU3R7PMF_kI4IA:1pfBbe:07RY4SqvcFLVZoopRpN-pjVSimWODAbhcUIiukY2vVA",
    "expire_date": "2023-04-06T03:27:14.235Z"
  }
},
{
  "model": "sessions.session",
  "pk": "iv184kaac9qat68mgft8s4c2fi23trq1",
  "fields": {
    "session_data": ".eJxVjMsOwiAQRf-FtSFTYAZw6b7fQIaHUjU0Ke3K-O_apAvd3nPOfYnA21rD1ssSpizOQmlx-h0jp0dpO8l3brdZprmtyxTlrsiDdjnOuTwvh_t3ULnXb82UDBGo4jJZT6h0tIDIOns_GLCOoPCVVEGLzlmj0fqYBgBA74zR4v0B0Js2Dw:1pX2gr:0ep9moVNnr3JXnAuZOKaL2ztrqj-6Uof4A0ZhZsUXiI",
    "expire_date": "2023-03-14T16:18:57.482Z"
  }
},
{
  "model": "sessions.session",
  "pk": "j6e0egy6ps8mxsp5eoczmww8qdz7ebmv",
  "fields": {
    "session_data": ".eJxVjMsOwiAQRf-FtSHIYwCX7v0GMjAgVQNJaVfGf7dNutDtPefcNwu4LjWsI89hInZh0rHT7xgxPXPbCT2w3TtPvS3zFPmu8IMOfuuUX9fD_TuoOOpW6xRdJCiA6CwBOiykJNgzaKG9KVGDM1ZZaTeshSJ0oCSClzlmIzz7fAEN_zeU:1peSee:aAhQjD63Vu_a6X4oXRpI2A34hSfzF-5mIK1LyMhp5fM",
    "expire_date": "2023-04-04T03:27:20.567Z"
  }
},
{
  "model": "sessions.session",
  "pk": "j8ou9ljwvo9rh4sg5w9ve3dpdwt9dvvz",
  "fields": {
    "session_data": ".eJxVjDsOwjAQBe_iGlmOfxtT0nMGa73r4ACypTipEHeHSCmgfTPzXiLitpa49bzEmcVZaCVOv2NCeuS6E75jvTVJra7LnOSuyIN2eW2cn5fD_Tso2Mu3DjwaoKCszpqtDdaoSRnvPJIDPzIMAMiAYIIaElHKmhAYvEJnKUzi_QHkHTeu:1pX1Jg:UhAZXbOi6Vuj-jGEr0BcldUH0by3mxXYiWPcD4511UE",
    "expire_date": "2023-03-14T14:50:56.401Z"
  }
},
{
  "model": "sessions.session",
  "pk": "jq93bj9yje78rgwifisu7prnst4al6ht",
  "fields": {
    "session_data": ".eJxVjDsOwjAQBe_iGlm7JvGHkj5nsNafxQFkS3FSIe4OkVJA-2bmvYSnbS1-63nxcxIXgVqcfsdA8ZHrTtKd6q3J2Oq6zEHuijxol1NL-Xk93L-DQr18a-BRQyQDIZjk0BkMaIK1PFpLGYgGSzwY0AqZUHMC4xTCmdFlVhbE-wMB7Dei:1pZnF0:oW0BXO9BYQDtMSTysjGok7iOtZZDyXC8prrLJi5Jmrs",
    "expire_date": "2023-03-22T06:25:34.992Z"
  }
},
{
  "model": "sessions.session",
  "pk": "jwpaytalvgsk5qlytjrflnuoa38jn1lp",
  "fields": {
    "session_data": ".eJxVjEEOwiAQRe_C2hCgQBmX7j0DmYFBqoYmpV0Z765NutDtf-_9l4i4rTVunZc4ZXEWgxKn35EwPbjtJN-x3WaZ5rYuE8ldkQft8jpnfl4O9--gYq_fGh2GwSjAoNEkxmI0ccreBc3BAyhtCQFozIwWlCFlR6-0KeSJrCvi_QEN1Dgl:1pfJyh:LBq2gSsZOEC_KU1cOueHVClI-ZahlJpjLGZlW5g6muI",
    "expire_date": "2023-04-06T12:23:35.041Z"
  }
},
{
  "model": "sessions.session",
  "pk": "k6cv4hggkfuhywad0z9ijukg86eyc6m8",
  "fields": {
    "session_data": ".eJxVjDsOwyAQRO9CHSEBXj4p0-cMaFnWwUkEkrErK3ePLblIminmvZlNRFyXEtfOc5yyuArlxOW3TEgvrgfJT6yPJqnVZZ6SPBR50i7vLfP7drp_BwV72decQGellfUJwGllvE178EAGKFDwowpp0I4ZGcA4JAoZM6lgzRjYic8X9p44Hg:1pflX8:s4EJgXxI0A7qauY6SUSmDeaeF2eh0vFnYyMUAMa9y5Y",
    "expire_date": "2023-04-07T17:48:58.688Z"
  }
},
{
  "model": "sessions.session",
  "pk": "khv0nqs1f78mn1705gvhno6hs3utkvpu",
  "fields": {
    "session_data": ".eJxVjMsOwiAQRf-FtSEDUx66dN9vIAMMUjU0Ke3K-O_apAvd3nPOfYlA21rD1nkJUxYXgSBOv2Ok9OC2k3yndptlmtu6TFHuijxol-Oc-Xk93L-DSr1-a07elZK8YiLF0SVVzqokZ5QGwOyIGa332lqdCYtDZRAABgC26M0g3h8ikzeW:1pXGTm:cbrBzi3wGWJ8IfMY_sREIs73KyNKqlYWp6V5YePU6Mo",
    "expire_date": "2023-03-15T07:02:22.114Z"
  }
},
{
  "model": "sessions.session",
  "pk": "kkq1c5bafzgy01cd1dctvbw7ji6qjwrl",
  "fields": {
    "session_data": ".eJxVjEEOwiAQRe_C2hBpoR1cuu8ZyAwzSNVAUtqV8e7apAvd_vfef6mA25rD1mQJM6uLMur0uxHGh5Qd8B3LrepYy7rMpHdFH7TpqbI8r4f7d5Cx5W_dsyMjAwJGGgnEAHAin5x0g7VsxfcChsH5FNHbEZKcpWckBt8xefX-AAzfORk:1pcBgN:gXpoRLqGW3-cuwN1jFposFoz_6lWoCfoQpBVw9jawFg",
    "expire_date": "2023-03-28T20:55:43.605Z"
  }
},
{
  "model": "sessions.session",
  "pk": "kyke5wv0to85t04a2cbq4gcix3ur67tx",
  "fields": {
    "session_data": ".eJxVjEEOgjAQRe_StWmmnYKtS_ecgcx0BosaSCisjHdXEha6_e-9_zI9bWvpt6pLP4q5GERz-h2Z8kOnncidptts8zyty8h2V-xBq-1m0ef1cP8OCtXyrdshAWbvMnD02GYfhxB40KgOKTesLiEBOlVUluj4HCQBeYgC4Jpg3h8KDDfn:1pXGSi:214zpTLoO6-z-sY3lOS-b-8hC3UdtiP3QhQaX0LJEbo",
    "expire_date": "2023-03-15T07:01:16.369Z"
  }
},
{
  "model": "sessions.session",
  "pk": "l5kl4akp0nl89m47azmot9340mijz9rt",
  "fields": {
    "session_data": ".eJxVjDsOwjAQBe_iGlmbjz9LSZ8zWGvvBgdQLMVJhbg7iZQC2pl5760CbWsOW5UlTKyuqu3U5RdGSk-ZD8MPmu9FpzKvyxT1kejTVj0UltftbP8OMtW8r8UBRe8BkVEQwI1ieGcMhNJ7J9gk9sQ9WSNs2RlopbHd6KDHETr1-QITwTgc:1pflhT:uftWY2Ipx_OPMaYwYI7X7HF5Sw17w7qbMlt7VjW2Gy8",
    "expire_date": "2023-04-07T17:59:39.013Z"
  }
},
{
  "model": "sessions.session",
  "pk": "l8wp4l6bjv1ij0nrwoifihcdguowl7m2",
  "fields": {
    "session_data": ".eJxVjEEOwiAQRe_C2hAKlGlduu8ZyDAMUjWQlHZlvLtt0oVu_3vvv4XHbc1-a7z4OYqr0EpcfseA9ORykPjAcq-SalmXOchDkSdtcqqRX7fT_TvI2PJep86pMAwAYwoGTWcDmwjOOm1JKwBNCFon1ZOLDkY2vSVmTClS2N0kPl_26zia:1pfuco:EtdrkMGRMcNsmubonnqHjmyWxTSMILzNPtpl6sPfV7Q",
    "expire_date": "2023-04-08T03:31:26.736Z"
  }
},
{
  "model": "sessions.session",
  "pk": "lb54tmx2j5jt25jj5b09y159sufuv7c7",
  "fields": {
    "session_data": ".eJxVjDsOwjAQBe_iGln-xD9Kes5g2etdHEC2FCcV4u4QKQW0b2bei8W0rTVuA5c4F3ZmamKn3zEneGDbSbmndusceluXOfNd4Qcd_NoLPi-H-3dQ06jfOlMQ4HxBEg4DgHSIypImCJKEKUQmeFA2WaUoB62VnEQxUhrMWnjJ3h8uBDg9:1pZGk6:fqfbTZgPZ8fonp3JxU5f5VzYeV02U4q1tjY6Ux3tk-Q",
    "expire_date": "2023-03-20T19:43:30.135Z"
  }
},
{
  "model": "sessions.session",
  "pk": "lbgexhzx65bsfpbw4nbuj3tghbgo6005",
  "fields": {
    "session_data": ".eJxVjEEOwiAQRe_C2hCgUIpL9z0DmRkGqRqalHZlvLtt0oVu33v_v0WEbS1xa7zEKYmr0EFcfiECPbkeJj2g3mdJc12XCeWRyNM2Oc6JX7ez_Tso0Mq-ZrKDQmc7zcYrbVDnTE5x8Dhok7LqQybLlnLHO2AkBtDOZuND6gnE5wsRDji_:1petYJ:v9SWCXVm9j6-cv8cs154IlHu8uvriIQgMvVyRGts0ys",
    "expire_date": "2023-04-05T08:10:35.330Z"
  }
},
{
  "model": "sessions.session",
  "pk": "lm1ypcavt12rvy5bcbisdisdjn79uywg",
  "fields": {
    "session_data": ".eJxVjEEOgjAQRe_StWk600KLS_eegUxnBosaSCisjHdXEha6_e-9_zI9bWvpt6pLP4o5G4_m9Dtm4odOO5E7TbfZ8jyty5jtrtiDVnudRZ-Xw_07KFTLtyYWF5HVqYAMocmJuojatQ1o651gIg_CFMFByiGjbweGLAwBI0Y27w8egzhI:1peJjf:GupASjYX7soELMJsn09v5afTUSP65O7M2HnaYF1Axf4",
    "expire_date": "2023-04-03T17:55:55.598Z"
  }
},
{
  "model": "sessions.session",
  "pk": "lmyzl3k153xym4qoprih6x3kh2kur5ix",
  "fields": {
    "session_data": ".eJxVjEEOwiAQRe_C2hBGBmhduvcMZBimUjU0Ke3KeHfbpAvd_vfef6tI61Li2mSOY1YXFdTpd0vET6k7yA-q90nzVJd5THpX9EGbvk1ZXtfD_Tso1MpWI6K30BsE6XKw5M-OvaU-sSTgPHACx7ajZLMxKBsYGINzjsAHwKA-X9uyN8Y:1pWK69:bzqWBWZLM1nKY81dndklFxTJSOnR9eL3HHKyRLDSiYU",
    "expire_date": "2023-03-12T16:42:05.970Z"
  }
},
{
  "model": "sessions.session",
  "pk": "lnxz1d2yp44q2a9su3hrwbzy3ob9j811",
  "fields": {
    "session_data": ".eJxVjMEOwiAQRP-FsyGwS6B69O43kIVdpGpoUtqT8d9tkx50jvPezFtFWpca1y5zHFldlEV1-i0T5ae0nfCD2n3SeWrLPCa9K_qgXd8mltf1cP8OKvW6rYGMJLDFnBF4i_dgB0wegvUuiLjgGV1JGQQLI5RsPQfhknkgQ6w-XwqXOOc:1pZleP:hCW71QgZrbz28LsZxluu7zOiXjykMlEyEa5PA6AX_Pk",
    "expire_date": "2023-03-22T04:43:41.087Z"
  }
},
{
  "model": "sessions.session",
  "pk": "mshbzvlmmha32e4n1n2lpvklkcad77lb",
  "fields": {
    "session_data": ".eJxVjEEOwiAQRe_C2hBpoR1cuu8ZyAwzSNVAUtqV8e7apAvd_vfef6mA25rD1mQJM6uLMur0uxHGh5Qd8B3LrepYy7rMpHdFH7TpqbI8r4f7d5Cx5W_dsyMjAwJGGgnEAHAin5x0g7VsxfcChsH5FNHbEZKcpWckBt8xefX-AAzfORk:1pg0Ts:ww6qCJJqxksQMX-ppRVDbK1bwgnKQrYdZLTmTpSWECI",
    "expire_date": "2023-04-08T09:46:36.520Z"
  }
},
{
  "model": "sessions.session",
  "pk": "mvbmtct1c2kgknrjkrka31vluy19b8yl",
  "fields": {
    "session_data": ".eJxVjEsOwiAUAO_C2pBC-bp03zOQB-8hVQNJaVfGuxuSLnQ7M5k3C3DsJRydtrAiuzJh2eUXRkhPqsPgA-q98dTqvq2Rj4SftvOlIb1uZ_s3KNDL-GrISoPzWSYlM4qsBJGiPJNJKG2MUqBXxuFkZg_ktAJASvPkrHVg2OcLJHQ4ow:1pZnF3:khICi9EadUgByUWZc8GmKvPqMWANSRltEQ8b-2EbE4g",
    "expire_date": "2023-03-22T06:25:37.134Z"
  }
},
{
  "model": "sessions.session",
  "pk": "my7zqjiqtrd1etodyqvlali5hplmcmmd",
  "fields": {
    "session_data": ".eJxVjEEOwiAUBe_C2hBoQfgu3XuG5lE-UjWQlHZlvLtt0oVu38y8txiwLnlYG8_DFMVFaBKn3zFgfHLZSXyg3Ksca1nmKchdkQdt8lYjv66H-3eQ0fJWE4XehV5572E7DnDQDqYDjCGtk3JRsdVsEmwCWViG0WdKFIPfLPH5AgV8OGQ:1pX1Ir:DUP5xZRnwUCdIsDCiIU_WTcLPbda4QMmz0in-aTpt98",
    "expire_date": "2023-03-14T14:50:05.965Z"
  }
},
{
  "model": "sessions.session",
  "pk": "n7rkzzhsa326w9u4trgzzmp599na2ksf",
  "fields": {
    "session_data": ".eJxVjEEOwiAQRe_C2hBpoR1cuu8ZyAwzSNVAUtqV8e7apAvd_vfef6mA25rD1mQJM6uLMur0uxHGh5Qd8B3LrepYy7rMpHdFH7TpqbI8r4f7d5Cx5W_dsyMjAwJGGgnEAHAin5x0g7VsxfcChsH5FNHbEZKcpWckBt8xefX-AAzfORk:1pfOUi:my1fE9WmsBKWiZxZR_h9hxBzL5uh4VbHuDAk1XJF3d0",
    "expire_date": "2023-04-06T17:12:56.371Z"
  }
},
{
  "model": "sessions.session",
  "pk": "ndzwe9ezo41w1lui0jzg1cxhhcnt42or",
  "fields": {
    "session_data": ".eJxVjEEOwiAQRe_C2hAQSqcu3fcMZIYZpGpoUtqV8e7apAvd_vfef6mI21ri1mSJE6uLsl6dfkfC9JC6E75jvc06zXVdJtK7og_a9DizPK-H-3dQsJVvjSR0dj0QGDYu2QyYghPKHilDB4Rh6AWMRzShY2soZQvCgn5IGJx6fwAz6DlH:1pflov:xnK0dW-C6uvXo4LdBrBNRqGO2IchChmU5fe56Rs7U0o",
    "expire_date": "2023-04-07T18:07:21.442Z"
  }
},
{
  "model": "sessions.session",
  "pk": "nsoirzyl941te4e1ck0g65mcvt5v23ol",
  "fields": {
    "session_data": ".eJxVjMsOwiAQRf-FtSHIYwCX7v0GMjAgVQNJaVfGf7dNutDtPefcNwu4LjWsI89hInZh0rLT7xgxPXPbCT2w3TtPvS3zFPmu8IMOfuuUX9fD_TuoOOpW6xRdJCiA6CwBOiykJNgzaKG9KVGDM1ZZaTeshSJ0oCSClzlmIzz7fAENZjeT:1pfhOb:V4OkuvfQfi38GcTW_-8ZCpm2uz2IJgTnSyBx8KSfq3g",
    "expire_date": "2023-04-07T13:23:53.974Z"
  }
},
{
  "model": "sessions.session",
  "pk": "nssmcvsp48jrezo3bycjqxsgljekhrg0",
  "fields": {
    "session_data": ".eJxVjEEOwiAQRe_C2pACMlCX7nsGMsxMpWpoUtqV8e7apAvd_vfef6mE21rS1mRJE6uLsur0u2Wkh9Qd8B3rbdY013WZst4VfdCmh5nleT3cv4OCrXzrkclhB2w62-cRgvWGHeX-bDwYJxK9CAVwiMLgKAYRMAzomX0kYPX-APKEOJg:1pSkDB:IsOBfolF8mAoY2e-wv3ivdiKtDx-GFE9f9zGu4_-sws",
    "expire_date": "2023-03-02T19:46:33.947Z"
  }
},
{
  "model": "sessions.session",
  "pk": "nwip5s4diam76gsoj6j5ppkygwadok6u",
  "fields": {
    "session_data": ".eJxVjMsOwiAQRf-FtSEMlJdL934DgWGQqoGktCvjv2uTLnR7zzn3xULc1hq2QUuYMzszUOz0O6aID2o7yffYbp1jb-syJ74r_KCDX3um5-Vw_w5qHPVbE0mB5E0hBIkRYPJSkDBROwNJWw-ok5i0Vwq0s9I5WzB51B5FKpLY-wP-ODeo:1pfNy0:6JzsTHFhpinuOL1jB9Rau8J8PzjZVzex7PHH65Jnq2I",
    "expire_date": "2023-04-06T16:39:08.587Z"
  }
},
{
  "model": "sessions.session",
  "pk": "nxfrvqsv9amrt1d9zctx6gd1k7wia4ys",
  "fields": {
    "session_data": ".eJxVjDsOwyAQRO9CHSHzWyBlep8BwbIEJxGWjF1FuXtsyUUy5bw382YhbmsNW6clTJldmZTs8lumiE9qB8mP2O4zx7mty5T4ofCTdj7OmV630_07qLHXfW2IfBaDQq0sggBwzpDSAyRtAKns0VI7KTIkSz75oiIhKRJOgC2Gfb7-2zgh:1pX1OV:Qccu3VrJUihTxFQS4vd-24Hec7WeuQiudiAmQhmkfnU",
    "expire_date": "2023-03-14T14:55:55.068Z"
  }
},
{
  "model": "sessions.session",
  "pk": "oa43qjyid1ywqcmr7v82of6k4shpuszj",
  "fields": {
    "session_data": ".eJxVjDsOwjAQBe_iGln-xD9Kes5g2etdHEC2FCcV4u4QKQW0b2bei8W0rTVuA5c4F3ZmamKn3zEneGDbSbmndusceluXOfNd4Qcd_NoLPi-H-3dQ06jfOlMQ4HxBEg4DgHSIypImCJKEKUQmeFA2WaUoB62VnEQxUhrMWnjJ3h8uBDg9:1pZlnP:OXU9taANdqABUSA6iIMuAOh8moyX294DJq9vw0TEtoc",
    "expire_date": "2023-03-22T04:52:59.557Z"
  }
},
{
  "model": "sessions.session",
  "pk": "ogoms5p1shokzvrkkkrizgo7d4jfgkwp",
  "fields": {
    "session_data": ".eJxVjDkOwjAUBe_iGlnebSjpcwbrLzYOoESKkwpxd4iUAto3M-8lMmxry1svSx5ZXISJ4vQ7ItCjTDvhO0y3WdI8rcuIclfkQbscZi7P6-H-HTTo7Vt7KjUGrW1AxJpYU2JgtEqjO_vkjMHA3jgTmYoC0N4m8FVZF6loS-L9ARy_OE8:1pX40e:eia_6Mj9YHo_qZVrnVIwqhzZDNPk9hwo2wVEEwDjJJA",
    "expire_date": "2023-03-14T17:43:28.849Z"
  }
},
{
  "model": "sessions.session",
  "pk": "ol25l7j9zzn6608hmy9tfffgwwpvyseu",
  "fields": {
    "session_data": ".eJxVjEsOgzAMBe-SdRWROJjQZfecATm2U2grIvFZVb17QWLRbmfmvbfpaVuHflt07kcxVwNgLr8wET91Oow8aLoXy2Va5zHZI7GnXWxXRF-3s_07GGgZ9jX7to4KOTni2qHHFurcuAAohAIaGlDgasdRNGtEripJPkBMFD0m8_kC_Ic33Q:1pfOnD:kw9qlRSkR2VURNKbcrUmCa8vJj6yBCrlCcXD9qDuzfM",
    "expire_date": "2023-04-06T17:32:03.258Z"
  }
},
{
  "model": "sessions.session",
  "pk": "orma9g124wb5ucrnc66k1bjw19t45v2o",
  "fields": {
    "session_data": ".eJxVjEEOwiAQRe_C2hBpoR1cuu8ZyAwzSNVAUtqV8e7apAvd_vfef6mA25rD1mQJM6uLMur0uxHGh5Qd8B3LrepYy7rMpHdFH7TpqbI8r4f7d5Cx5W_dsyMjAwJGGgnEAHAin5x0g7VsxfcChsH5FNHbEZKcpWckBt8xefX-AAzfORk:1pW0FF:1rkcgBtSGl9zJqcvdBkglVU9JJ2mVC2JIiaKZygZ28o",
    "expire_date": "2023-03-11T19:30:09.910Z"
  }
},
{
  "model": "sessions.session",
  "pk": "ovgxylis7dm95r5zj489fyfynvkq72tp",
  "fields": {
    "session_data": ".eJxVjMsOwiAQRf-FtSG8BopL934DGWCQqoGktCvjv2uTLnR7zzn3xQJuaw3boCXMmZ2ZBnb6HSOmB7Wd5Du2W-ept3WZI98VftDBrz3T83K4fwcVR_3WBqISQJMniBo8AggHFiZXjE_GWo9ZapDOSkVJxCKsybo47ZRCKh7Z-wPa1Dcq:1pd7Vf:aPoSfsrvFpQbnoa1ibHQ7Q2qpFkLMDp9gn7s1x9Xm1s",
    "expire_date": "2023-03-31T10:40:31.938Z"
  }
},
{
  "model": "sessions.session",
  "pk": "paal7sb0mh1n8or8c5mil1hezszpitxi",
  "fields": {
    "session_data": ".eJxVjEEOwiAQRe_C2hBpoR1cuu8ZyAwzSNVAUtqV8e7apAvd_vfef6mA25rD1mQJM6uLMur0uxHGh5Qd8B3LrepYy7rMpHdFH7TpqbI8r4f7d5Cx5W_dsyMjAwJGGgnEAHAin5x0g7VsxfcChsH5FNHbEZKcpWckBt8xefX-AAzfORk:1pcVGB:DfE-K1Y61KJFXrH27AmB0YMBzO8WgA7W2R_d54xH22w",
    "expire_date": "2023-03-29T17:49:59.878Z"
  }
},
{
  "model": "sessions.session",
  "pk": "q1j7twgmolb792v77mgiredj73htet7l",
  "fields": {
    "session_data": ".eJxVjMsOwiAQRf-FtSEDUx66dN9vIAMMUjU0Ke3K-O_apAvd3nPOfYlA21rD1nkJUxYXgSBOv2Ok9OC2k3yndptlmtu6TFHuijxol-Oc-Xk93L-DSr1-a07elZK8YiLF0SVVzqokZ5QGwOyIGa332lqdCYtDZRAABgC26M0g3h8ikzeW:1pZGYq:uRfpiMSPtU97mDlugWqKp6o362YHmQTsfutH_jTxZmo",
    "expire_date": "2023-03-20T19:31:52.409Z"
  }
},
{
  "model": "sessions.session",
  "pk": "q3dntyc9p9crjv80ql31gn4k6fi6dcfx",
  "fields": {
    "session_data": ".eJxVjDsOwjAQBe_iGlnxJ96Ekj5nsNbrNQ4gW4qTCnF3EikFtG9m3lt43Nbst8aLn6O4Cq3E5XcMSE8uB4kPLPcqqZZ1mYM8FHnSJqca-XU73b-DjC3vdVKuC8MAMKZg0Cgb2ERw1mlLugPQhKB16npy0cHIprfEjClFCrubxOcL94Q4mw:1pX1Lq:Ql3whQZMpbGm-vj-J1aG8Kelp0cv2C8XK5Ehkt8tzTA",
    "expire_date": "2023-03-14T14:53:10.934Z"
  }
},
{
  "model": "sessions.session",
  "pk": "qckfjhu8b6gvbww6ax14dc29z924hdor",
  "fields": {
    "session_data": ".eJxVjMsOwiAQRf-FtSHIYwCX7v0GMjAgVQNJaVfGf7dNutDtPefcNwu4LjWsI89hInZh0rHT7xgxPXPbCT2w3TtPvS3zFPmu8IMOfuuUX9fD_TuoOOpW6xRdJCiA6CwBOiykJNgzaKG9KVGDM1ZZaTeshSJ0oCSClzlmIzz7fAEN_zeU:1pX2te:1rd5ej3hXVWCe0m-sOyQF-ZykYP2XDuxGBn6gFQtEZo",
    "expire_date": "2023-03-14T16:32:10.480Z"
  }
},
{
  "model": "sessions.session",
  "pk": "qn1oeyp0rnuat8dgvv8xvkzw00fautsq",
  "fields": {
    "session_data": ".eJxVjMsOwiAQRf-FtSHlMYVx6d5vIAMDUjU0Ke3K-O_apAvd3nPOfYlA21rD1vMSJhZnoVGcfsdI6ZHbTvhO7TbLNLd1maLcFXnQLq8z5-flcP8OKvX6rQcbcwGnAAgVASooA7Ip2hQCw7o4E9mPnqwdwTF6tCoxIHlibZwR7w_8FDeR:1pes8K:DrREqFiHMVF6hFuUp7m3rpACytqEwsm8AoiDNJye9ek",
    "expire_date": "2023-04-05T06:39:40.873Z"
  }
},
{
  "model": "sessions.session",
  "pk": "qsg16jfad714ipotiv7phx29mv8xqxgm",
  "fields": {
    "session_data": ".eJxVjEsOwjAMBe-SNYrsuGkbluw5Q2XXDimgVupnhbg7VOoCtm9m3st1vK2l2xabu0Hd2YXoTr-jcP-wcSd65_E2-X4a13kQvyv-oIu_TmrPy-H-HRReyrfmJDE2jEAi0HJEshoaNouELEyaLXMNBDkDJcSUqqaFoJUGxKrt3fsDCz03tw:1pXDhR:i0yDeBiJYT0ZBBpQVrAl1wEsHaUXxEYFrDC8RBo8kEE",
    "expire_date": "2023-03-15T04:04:17.767Z"
  }
},
{
  "model": "sessions.session",
  "pk": "qxx8y9jx50nryxp6bno5vq3lq4fuqdtc",
  "fields": {
    "session_data": ".eJxVjMEOwiAQRP-FsyGwS6B69O43kIVdpGpoUtqT8d9tkx50jvPezFtFWpca1y5zHFldlEV1-i0T5ae0nfCD2n3SeWrLPCa9K_qgXd8mltf1cP8OKvW6rYGMJLDFnBF4i_dgB0wegvUuiLjgGV1JGQQLI5RsPQfhknkgQ6w-XwqXOOc:1pX1yt:w4YjYuvXLaSg7q-yXJHn3bciCamuWfw65CEJ7EJJY1c",
    "expire_date": "2023-03-14T15:33:31.714Z"
  }
},
{
  "model": "sessions.session",
  "pk": "qyyqy2u30eht3mk6rzexpzjo468c2ca5",
  "fields": {
    "session_data": ".eJxVjEEOwiAQRe_C2hBpoR1cuu8ZyAwzSNVAUtqV8e7apAvd_vfef6mA25rD1mQJM6uLMur0uxHGh5Qd8B3LrepYy7rMpHdFH7TpqbI8r4f7d5Cx5W_dsyMjAwJGGgnEAHAin5x0g7VsxfcChsH5FNHbEZKcpWckBt8xefX-AAzfORk:1pWsL4:3YXBwjYFUmhoOJtb3VcUwjPb-5F_LHxS2ZlI68-kv8g",
    "expire_date": "2023-03-14T05:15:46.176Z"
  }
},
{
  "model": "sessions.session",
  "pk": "rehfy51xenz4v650jx89nwc1ptnxu99l",
  "fields": {
    "session_data": ".eJxVjM0OwiAQhN-FsyEs5af16N1naBZ2kaqBpLQn47srSQ96m8z3zbzEjPuW573xOi8kzmKw4vRbBowPLp3QHcutyljLti5BdkUetMlrJX5eDvfvIGPL37Ue9WBAgwqk7RTIe8XkrE8wIhlnFXAPdnJJG0QP6BgTpmgSuBCieH8A7fM4WQ:1pZcgg:oVPja7lDGjW37jLzSQb95Gktr3w3kAe2ChlRYlyUZpw",
    "expire_date": "2023-03-21T19:09:26.444Z"
  }
},
{
  "model": "sessions.session",
  "pk": "rh2t6j0knlc170qwrzci7d30euilytes",
  "fields": {
    "session_data": ".eJxVjMsOwiAQRf-FtSHA8HTp3m8gM0ClaiAp7cr479qkC93ec859sYjbWuM2yhLnzM4M2Ol3I0yP0naQ79hunafe1mUmviv8oINfey7Py-H-HVQc9VsTICafk8CglXaWrJ8UmVKUcEYHW6RMRF5mSTZI4yyAnwgEOEcWIbD3B-kaN3I:1pXuoh:SVog-p7d1F2H3HY6ewKkCErszR-zcCZnI3_qAzon7no",
    "expire_date": "2023-03-17T02:06:39.064Z"
  }
},
{
  "model": "sessions.session",
  "pk": "ronofeokgbpcl6znhtmlff4gcs1obzka",
  "fields": {
    "session_data": ".eJxVjDsOwjAQRO_iGlmbZP2Bkp4zWBvvGgeQLeVTIe6OI6WAZjSaNzNvFWhbc9gWmcPE6qIGo06_4UjxKWUn_KByrzrWss7TqPeKPuiib5XldT26fweZltzWJA6FDeDoGTvseh9d3wRoAGsdJLIDO59sAsFmEaxYFgQUT3A26vMF95s3dg:1pZGYe:aPRw4aIi6N9vp_P3b5kc5PYWwPdMMwyb3wFO0JqWQK4",
    "expire_date": "2023-03-20T19:31:40.699Z"
  }
},
{
  "model": "sessions.session",
  "pk": "rsmb4uywo6h0tzxc6zdood7f3bmlte0t",
  "fields": {
    "session_data": ".eJxVjEsOwjAMBe-SNYrsuGkbluw5Q2XXDimgVupnhbg7VOoCtm9m3st1vK2l2xabu0Hd2YXoTr-jcP-wcSd65_E2-X4a13kQvyv-oIu_TmrPy-H-HRReyrfmJDE2jEAi0HJEshoaNouELEyaLXMNBDkDJcSUqqaFoJUGxKrt3fsDCz03tw:1pZnHN:6WFNc5nMOm4HVAT9AC_ccn0KkaQlnZMORoUcsYLxGPQ",
    "expire_date": "2023-03-22T06:28:01.677Z"
  }
},
{
  "model": "sessions.session",
  "pk": "rt1h6ntfsop022quqv8nwhbeqpr63yu0",
  "fields": {
    "session_data": ".eJxVjDsOwjAQBe_iGln-xD9Kes5g2etdHEC2FCcV4u4QKQW0b2bei8W0rTVuA5c4F3ZmamKn3zEneGDbSbmndusceluXOfNd4Qcd_NoLPi-H-3dQ06jfOlMQ4HxBEg4DgHSIypImCJKEKUQmeFA2WaUoB62VnEQxUhrMWnjJ3h8uBDg9:1pX1WC:MnxIYLjg5OU4JHKmSoMq_TPNbIUnWq_oj44mSb3mnUw",
    "expire_date": "2023-03-14T15:03:52.281Z"
  }
},
{
  "model": "sessions.session",
  "pk": "scgqwyungfv9llcbzh6sjbzctnespt55",
  "fields": {
    "session_data": ".eJxVjDsOwjAQBe_iGlnxJ96Ekj5nsNbrNQ4gW4qTCnF3EikFtG9m3lt43Nbst8aLn6O4Cq3E5XcMSE8uB4kPLPcqqZZ1mYM8FHnSJqca-XU73b-DjC3vdVKuC8MAMKZg0Cgb2ERw1mlLugPQhKB16npy0cHIprfEjClFCrubxOcL94Q4mw:1pX1Q3:VJHLN_1fSiVGWIOwH8KdGpUQ4ABYBBGmu6s91sRqQmE",
    "expire_date": "2023-03-14T14:57:31.082Z"
  }
},
{
  "model": "sessions.session",
  "pk": "scj1l2ad0nvhy05eimzkncpi0la104hl",
  "fields": {
    "session_data": ".eJxVjMsOwiAQRf-FtSEM5enSvd9AYBikaiAp7cr479qkC93ec859sRC3tYZt0BLmzM4MFDv9jinig9pO8j22W-fY27rMie8KP-jg157peTncv4MaR_3WRFIgeVMIQWIEUF4KEiZqZyBp6wF1Ekr7aQLtrHTOFkwetUeRiiT2_gD-0Tep:1pX0QV:h8nlhwTvXguobWn_YbfiH7Oyqu6mHS-PDVt5frZEeow",
    "expire_date": "2023-03-14T13:53:55.203Z"
  }
},
{
  "model": "sessions.session",
  "pk": "sn7gkpj6c60d76gj5480ghschxjh4g0p",
  "fields": {
    "session_data": ".eJxVjEEOwiAQRe_C2hAKlGlduu8ZyDAMUjWQlHZlvLtt0oVu_3vvv4XHbc1-a7z4OYqr0EpcfseA9ORykPjAcq-SalmXOchDkSdtcqqRX7fT_TvI2PJep86pMAwAYwoGTWcDmwjOOm1JKwBNCFon1ZOLDkY2vSVmTClS2N0kPl_26zia:1pfucn:4Xosh_dkyupFXkWr3DKidPEbJlR7AZTPeH7klCBmZ4o",
    "expire_date": "2023-04-08T03:31:25.543Z"
  }
},
{
  "model": "sessions.session",
  "pk": "snl195k0fa93bfupue3twcsrazdqgem8",
  "fields": {
    "session_data": ".eJxVjMsOwiAQRf-FtSEM5enSvd9AYBikaiAp7cr479qkC93ec859sRC3tYZt0BLmzM4MFDv9jinig9pO8j22W-fY27rMie8KP-jg157peTncv4MaR_3WRFIgeVMIQWIEUF4KEiZqZyBp6wF1Ekr7aQLtrHTOFkwetUeRiiT2_gD-0Tep:1pZGCM:tttXKW4o39K2ds8LNjKeN3dSa3lAZolS-2ioUhBvuco",
    "expire_date": "2023-03-20T19:08:38.467Z"
  }
},
{
  "model": "sessions.session",
  "pk": "ssvlentv69mtdbxoz8h55dpejjtxfj3g",
  "fields": {
    "session_data": ".eJxVjEEOwiAQRe_C2hBpoR1cuu8ZyAwzSNVAUtqV8e7apAvd_vfef6mA25rD1mQJM6uLMur0uxHGh5Qd8B3LrepYy7rMpHdFH7TpqbI8r4f7d5Cx5W_dsyMjAwJGGgnEAHAin5x0g7VsxfcChsH5FNHbEZKcpWckBt8xefX-AAzfORk:1pZp3z:zzplj0drdpfMrwCipb4R-vWZQoM66aHD3iLmfol-MRg",
    "expire_date": "2023-03-22T08:22:19.585Z"
  }
},
{
  "model": "sessions.session",
  "pk": "sxey4qtcoomn3xt7gs8uaxqxmb29uprq",
  "fields": {
    "session_data": ".eJxVjEEOwiAQRe_C2hBGBmhduvcMZBimUjU0Ke3KeHfbpAvd_vfef6tI61Li2mSOY1YXFdTpd0vET6k7yA-q90nzVJd5THpX9EGbvk1ZXtfD_Tso1MpWI6K30BsE6XKw5M-OvaU-sSTgPHACx7ajZLMxKBsYGINzjsAHwKA-X9uyN8Y:1pggzs:78BevEZ1g-7KpvFpAadaKvfz939ym_cTQioAOkxMduU",
    "expire_date": "2023-04-10T07:10:28.588Z"
  }
},
{
  "model": "sessions.session",
  "pk": "syyqujc3hhep43y4wej2593ovyu8x9wh",
  "fields": {
    "session_data": ".eJxVjDkOwjAUBe_iGlnebSjpcwbrLzYOoESKkwpxd4iUAto3M-8lMmxry1svSx5ZXISJ4vQ7ItCjTDvhO0y3WdI8rcuIclfkQbscZi7P6-H-HTTo7Vt7KjUGrW1AxJpYU2JgtEqjO_vkjMHA3jgTmYoC0N4m8FVZF6loS-L9ARy_OE8:1pZTcD:JSlacR3WktwjLYZDaAkPhXc-xqmPRkXZnyejIUu6F9c",
    "expire_date": "2023-03-21T09:28:13.729Z"
  }
},
{
  "model": "sessions.session",
  "pk": "t8w5636vafe08armbmduuaas3qk4ja8n",
  "fields": {
    "session_data": ".eJxVjMsOwiAQRf-FtSEM5enSvd9AYBikaiAp7cr479qkC93ec859sRC3tYZt0BLmzM4MFDv9jinig9pO8j22W-fY27rMie8KP-jg157peTncv4MaR_3WRFIgeVMIQWIEUF4KEiZqZyBp6wF1Ekr7aQLtrHTOFkwetUeRiiT2_gD-0Tep:1pX1NG:yABoG2d-S2KmWC7y4wP5d9W_c4D2CT5r7gbrdNC1cYg",
    "expire_date": "2023-03-14T14:54:38.005Z"
  }
},
{
  "model": "sessions.session",
  "pk": "tk3n4fiwjz68afkda11d1t789wbk12rw",
  "fields": {
    "session_data": ".eJxVjMEOwiAQRP-FsyGAUMCjd7-B7LKLVA1NSnsy_rtt0oMe5jLvzbxFgnWpae08p5HERZyjOP2WCPnJbSf0gHafZJ7aMo8od0UetMvbRPy6Hu7fQYVet7WznhUqcFuMMloRUwnWcvA6Djm4AWOM7KJGNB61LgTsMqoCmH0h8fkCBdA4ww:1pfH7x:Ss85Vp7sWcrGVzA7ut2hD4vcD3KVYPVNPLPtYLrc1lY",
    "expire_date": "2023-04-06T09:20:57.234Z"
  }
},
{
  "model": "sessions.session",
  "pk": "toznxeoqri15gtmmg0rpfff5zc6fnguz",
  "fields": {
    "session_data": ".eJxVjMsOwiAQRf-FtSEM5enSvd9AYBikaiAp7cr479qkC93ec859sRC3tYZt0BLmzM4MFDv9jinig9pO8j22W-fY27rMie8KP-jg157peTncv4MaR_3WRFIgeVMIQWIEUF4KEiZqZyBp6wF1Ekr7aQLtrHTOFkwetUeRiiT2_gD-0Tep:1pZcGi:OvzdOTZmyeqGifoBsOsdhIQdlINQv0w1WKxLmui3WqU",
    "expire_date": "2023-03-21T18:42:36.605Z"
  }
},
{
  "model": "sessions.session",
  "pk": "tpllk7ljdc7myq4hnhtoh7rvmfvv3g0j",
  "fields": {
    "session_data": ".eJxVjMsOwiAQRf-FtSEDUx516d5vIAMMUjU0Ke3K-O_apAvd3nPOfYlA21rD1nkJUxZnoUdx-h0jpQe3neQ7tdss09zWZYpyV-RBu7zOmZ-Xw_07qNTrt-bkXSnJKyZSHF1SZVQlOaM0AGZHzGi919bqTFgcKoMAMACwRW8G8f4AJ1o3ng:1pf4fk:w3UR2jHNbs639fr-UV_-ZTCq0NXZX6mHJ8TfQFRGSlU",
    "expire_date": "2023-04-05T20:03:00.676Z"
  }
},
{
  "model": "sessions.session",
  "pk": "tv7ilnb3y9d2ed9cgphwcufhqiozxmjz",
  "fields": {
    "session_data": ".eJxVjEEOwiAQRe_C2hCgQBmX7j0DmYFBqoYmpV0Z765NutDtf-_9l4i4rTVunZc4ZXEWgxKn35EwPbjtJN-x3WaZ5rYuE8ldkQft8jpnfl4O9--gYq_fGh2GwSjAoNEkxmI0ccreBc3BAyhtCQFozIwWlCFlR6-0KeSJrCvi_QEN1Dgl:1pfHAp:6lYh_M2kTZavQ3hIeexOohNnZ_zG0RtvFb2AWxmOnLQ",
    "expire_date": "2023-04-06T09:23:55.704Z"
  }
},
{
  "model": "sessions.session",
  "pk": "txg1e6yk9rzbwkacyi8uj1p3iwvvdr9p",
  "fields": {
    "session_data": ".eJxVjMsOwiAQRf-FtSFM5dG6dN9vIAMzSNVAUtqV8d-VpAvd3nPOfQmP-5b93nj1C4mLOFtx-h0DxgeXTuiO5VZlrGVblyC7Ig_a5FyJn9fD_TvI2HKvJwhWsVEWDcakBscWkQNDIHZAA6kI2mlKE_FoKI4a4WtDApds0uL9ATCBOOw:1pZZRl:stm5vMfN5xQc5qwhIJtQrQNtrjdYTJSjyn_8fYTipqo",
    "expire_date": "2023-03-21T15:41:49.557Z"
  }
},
{
  "model": "sessions.session",
  "pk": "uap858zgl6dahinp31jjvfu0ppw6k7j3",
  "fields": {
    "session_data": ".eJxVjEEOgjAQRe_StWk600KLS_eegUxnBosaSCisjHdXEha6_e-9_zI9bWvpt6pLP4o5G4_m9Dtm4odOO5E7TbfZ8jyty5jtrtiDVnudRZ-Xw_07KFTLtyYWF5HVqYAMocmJuojatQ1o651gIg_CFMFByiGjbweGLAwBI0Y27w8egzhI:1pZqPv:pq9y46N2u-1IeKf63D9g4c6mxP15w-edFqRIR8g-naE",
    "expire_date": "2023-03-22T09:49:03.805Z"
  }
},
{
  "model": "sessions.session",
  "pk": "uewazxrf0o0n4swayg8xtvegmyyh6lxx",
  "fields": {
    "session_data": ".eJxVjEsOgzAMBe-SdRVBDE7SZfecARnbNLRVIvFZVb17QWLRbmfmvbfpaVtTvy0695OYq3Hm8ssG4qfmQ8iD8r1YLnmdp8EeiT3tYrsi-rqd7d9BoiXt60BtBcTVyBwbHaPGcUcBkbCONaj4RgjEBw-KyNx4J9pCAIfqgdV8vvUuOCM:1pUEEF:Y1zLQFF0M5g3h9SpnuqQg_70hRFXPRI2h5kMc7fjnmk",
    "expire_date": "2023-03-06T22:01:47.989Z"
  }
},
{
  "model": "sessions.session",
  "pk": "uf5a9q78hb2gkfc2j1vbg0numhmugysa",
  "fields": {
    "session_data": ".eJxVjMsOwiAQRf-FtSHIYwCX7v0GMjAgVQNJaVfGf7dNutDtPefcNwu4LjWsI89hInZh0rLT7xgxPXPbCT2w3TtPvS3zFPmu8IMOfuuUX9fD_TuoOOpW6xRdJCiA6CwBOiykJNgzaKG9KVGDM1ZZaTeshSJ0oCSClzlmIzz7fAENZjeT:1pfhPu:ELjguPG0QvGn8A354JyPvIDsFXATpS8VUQS-Ppz54QU",
    "expire_date": "2023-04-07T13:25:14.720Z"
  }
},
{
  "model": "sessions.session",
  "pk": "ugbtg82xlqsk883ew7anxsugqrjl5u5n",
  "fields": {
    "session_data": ".eJxVjDsOwjAQBe_iGln-xVko6XMGa-1d4wCypTipEHeHSCmgfTPzXiLgtpawdV7CTOIirDj9bhHTg-sO6I711mRqdV3mKHdFHrTLqRE_r4f7d1Cwl28d0UZGZ-PA2mWESHQmDwqzGWCExNqbRDTqnDA7b50yAAYUZOuSYi_eHxB8OGI:1pWL2R:SRVfZ02wUTG5Mlib9IfmyiXN9KYhY3wce44ERYxti9M",
    "expire_date": "2023-03-12T17:42:19.398Z"
  }
},
{
  "model": "sessions.session",
  "pk": "v1ponubnfprn79clybnsbdqho6r6rxt3",
  "fields": {
    "session_data": ".eJxVjDsOwyAQRO9CHSEBXj4p0-cMaFnWwUkEkrErK3ePLblIminmvZlNRFyXEtfOc5yyuArlxeW3TEgvrgfJT6yPJqnVZZ6SPBR50i7vLfP7drp_BwV72decQGellfUJwGllvE178EAGKFDwowpp0I4ZGcA4JAoZM6lgzRjYic8X9zc4Hw:1petVF:1NGtkMiRok27zC3iY66hBgr1DKQMPoTiTCKeEmgsHy8",
    "expire_date": "2023-04-05T08:07:25.798Z"
  }
},
{
  "model": "sessions.session",
  "pk": "vgxwk4tvsmp3bxd3595ekjct8kfzauqn",
  "fields": {
    "session_data": ".eJxVjMsOwiAQRf-FtSEMMjxcuvcbyABTqRqalHZl_HfbpAvdnnPufYtI61Lj2nmOYxEXAShOvzBRfnLbTXlQu08yT22ZxyT3RB62y9tU-HU92r-DSr1u6zwUTwAGzwXAgzHMHLTyDjEY75J1xQbNgCkoSDhoVi4j4UZCtlmJzxftZDdQ:1pZbwC:ZH8Y-a2iGDs9hvr7yclJgGRt36HoRsWTYvr6I471RyE",
    "expire_date": "2023-03-21T18:21:24.750Z"
  }
},
{
  "model": "sessions.session",
  "pk": "vrtvyugahwojzd54nzoc5knlwqdyuan6",
  "fields": {
    "session_data": ".eJxVjEEOwiAQRe_C2hBGBmhduvcMZBimUjU0Ke3KeHfbpAvd_vfef6tI61Li2mSOY1YXFdTpd0vET6k7yA-q90nzVJd5THpX9EGbvk1ZXtfD_Tso1MpWI6K30BsE6XKw5M-OvaU-sSTgPHACx7ajZLMxKBsYGINzjsAHwKA-X9uyN8Y:1pY5J3:M6LsH_jDi4O7-yesXFRgGN_X8gc1q5LpFIRgkH3cxC0",
    "expire_date": "2023-03-17T13:18:41.186Z"
  }
},
{
  "model": "sessions.session",
  "pk": "w0xsx0e27pb3d23l4a41javwm2xib9ka",
  "fields": {
    "session_data": ".eJxVjEEOwiAQRe_C2hBpoR1cuu8ZyAwzSNVAUtqV8e7apAvd_vfef6mA25rD1mQJM6uLMur0uxHGh5Qd8B3LrepYy7rMpHdFH7TpqbI8r4f7d5Cx5W_dsyMjAwJGGgnEAHAin5x0g7VsxfcChsH5FNHbEZKcpWckBt8xefX-AAzfORk:1pfezZ:qVZ_fCOWDdnvHNp_EjB1jvDkW6NgQ6gFaB4sPl9DYDE",
    "expire_date": "2023-04-07T10:49:53.312Z"
  }
},
{
  "model": "sessions.session",
  "pk": "w12arrr03gghxxpie4wl8l860m4u651b",
  "fields": {
    "session_data": ".eJxVjEsOwiAUAO_C2pBC-bp03zOQB-8hVQNJaVfGuxuSLnQ7M5k3C3DsJRydtrAiuzJh2eUXRkhPqsPgA-q98dTqvq2Rj4SftvOlIb1uZ_s3KNDL-GrISoPzWSYlM4qsBJGiPJNJKG2MUqBXxuFkZg_ktAJASvPkrHVg2OcLJHQ4ow:1pf2Xd:MCIfvpk9o8pRhd6Afcqt0HniNP_orM1TdbuC0NPcE-M",
    "expire_date": "2023-04-05T17:46:29.144Z"
  }
},
{
  "model": "sessions.session",
  "pk": "w7l7uf84klttyy7kcjcw2xlwl05iapd6",
  "fields": {
    "session_data": ".eJxVjMsOwiAQRf-FtSHIYwCX7v0GMjAgVQNJaVfGf7dNutDtPefcNwu4LjWsI89hInZh0rLT7xgxPXPbCT2w3TtPvS3zFPmu8IMOfuuUX9fD_TuoOOpW6xRdJCiA6CwBOiykJNgzaKG9KVGDM1ZZaTeshSJ0oCSClzlmIzz7fAENZjeT:1pfhOR:Grlj3GiXPc_hiJ3xVLunDV5BFgbzoB1kdNUjGfKlIbo",
    "expire_date": "2023-04-07T13:23:43.434Z"
  }
},
{
  "model": "sessions.session",
  "pk": "wm5s188oh59apa85x3fjfj68tf3ebl6b",
  "fields": {
    "session_data": ".eJxVjMsOwiAQRf-FtSFTYAZw6b7fQIaHUjU0Ke3K-O_apAvd3nPOfYnA21rD1ssSpizOQmlx-h0jp0dpO8l3brdZprmtyxTlrsiDdjnOuTwvh_t3ULnXb82UDBGo4jJZT6h0tIDIOns_GLCOoPCVVEGLzlmj0fqYBgBA74zR4v0B0Js2Dw:1pZQQl:PeF0hoHCRPCqXSz1s6Q91gFOYrjdT8xXYXC8rEPUCas",
    "expire_date": "2023-03-21T06:04:11.504Z"
  }
},
{
  "model": "sessions.session",
  "pk": "wodqija7d3n5rhzwagug83twz89z4n0k",
  "fields": {
    "session_data": ".eJxVjEEOgjAQRe_StWnamRaLS_ecgUw7M4IaSCisjHdXEha6_e-9_zI9bevQb1WWfmRzMRDM6XfMVB4y7YTvNN1mW-ZpXcZsd8UetNpuZnleD_fvYKA6fGvvkFWdEpYgZ188MyGqADbggYijYnIlSkiNRM3UIgAW51vQoCmb9wcg-Dh8:1pfOfI:WbCtWShQJuhof9souuB4nwh1wojj3oFqGY1M6S5CKr8",
    "expire_date": "2023-04-06T17:23:52.339Z"
  }
},
{
  "model": "sessions.session",
  "pk": "wv61glu61e3nxwp64nw9uf1vsy1pk4ez",
  "fields": {
    "session_data": ".eJxVjEEOwiAQRe_C2pCBoZW6dN8zkBkYbNVAUtqV8e7apAvd_vfef6lA2zqFrckS5qQuCq06_Y5M8SFlJ-lO5VZ1rGVdZta7og_a9FiTPK-H-3cwUZu-dZ8HwGhNBPYW-2h9do6zeDFIsWMxAxKgEUHh5A2fXRqALPgEYDqn3h8Jczfm:1pfHkV:i0-Z__1OSQ1hLSSosDqt1VHaJh9m9-GYLEYcKvRatfI",
    "expire_date": "2023-04-06T10:00:47.909Z"
  }
},
{
  "model": "sessions.session",
  "pk": "xr8tj57e7q9zq9oryz1bbqjuumyb2o3j",
  "fields": {
    "session_data": ".eJxVjDkOwjAUBe_iGlnebSjpcwbrLzYOoESKkwpxd4iUAto3M-8lMmxry1svSx5ZXISJ4vQ7ItCjTDvhO0y3WdI8rcuIclfkQbscZi7P6-H-HTTo7Vt7KjUGrW1AxJpYU2JgtEqjO_vkjMHA3jgTmYoC0N4m8FVZF6loS-L9ARy_OE8:1peu6A:a3Takf1hIeqg2Cljm8oNyFyKYyk3OG6D0jAkbrvIC6g",
    "expire_date": "2023-04-05T08:45:34.766Z"
  }
},
{
  "model": "sessions.session",
  "pk": "xtx0bo8prs9vb0p74np3ulwtm3hbpax1",
  "fields": {
    "session_data": ".eJxVjDsOwyAQRO9CHSEBXj4p0-cMaFnWwUkEkrErK3ePLblIminmvZlNRFyXEtfOc5yyuArlxOW3TEgvrgfJT6yPJqnVZZ6SPBR50i7vLfP7drp_BwV72decQGellfUJwGllvE178EAGKFDwowpp0I4ZGcA4JAoZM6lgzRjYic8X9p44Hg:1pfOld:CNoWJYl7_9g0g26KXckxPL6zLt0DBPBe6pehNtlIAAs",
    "expire_date": "2023-04-06T17:30:25.292Z"
  }
},
{
  "model": "sessions.session",
  "pk": "y0lqt7ofs1dc5nxib2rcze75o5uow713",
  "fields": {
    "session_data": ".eJxVjEEOwiAQRe_C2hBGBmhduvcMZBimUjU0Ke3KeHfbpAvd_vfef6tI61Li2mSOY1YXFdTpd0vET6k7yA-q90nzVJd5THpX9EGbvk1ZXtfD_Tso1MpWI6K30BsE6XKw5M-OvaU-sSTgPHACx7ajZLMxKBsYGINzjsAHwKA-X9uyN8Y:1pWrYA:kWG-kBqq8nw0CJuBaCZZZgKKGopcUI3DOqSI3e7yizc",
    "expire_date": "2023-03-14T04:25:14.256Z"
  }
},
{
  "model": "sessions.session",
  "pk": "yg750jy8pi893kwssdx4cjhc2rf33lmt",
  "fields": {
    "session_data": ".eJxVjEEOwiAQRe_C2pB2yjDg0r1nIDNApWpoUtqV8e7apAvd_vfef6nA21rC1vISpqTOCrw6_Y7C8ZHrTtKd623Wca7rMoneFX3Qpq9zys_L4f4dFG7lWzOP1lqUzhFEEjGWxQwII5H0GYQ6JJ8NJnExEuQB0IK3zD0wR4fq_QENATgG:1pX2xw:J6O51GVbVYkGAWUuY29MdnqPZUHKHiZtx4frh5onD20",
    "expire_date": "2023-03-14T16:36:36.307Z"
  }
},
{
  "model": "sessions.session",
  "pk": "yzz8hdwwzi3f5czrma8b0cwoayfsl45d",
  "fields": {
    "session_data": ".eJxVjDsOwjAQBe_iGlm7JvGHkj5nsNafxQFkS3FSIe4OkVJA-2bmvYSnbS1-63nxcxIXgVqcfsdA8ZHrTtKd6q3J2Oq6zEHuijxol1NL-Xk93L-DQr18a-BRQyQDIZjk0BkMaIK1PFpLGYgGSzwY0AqZUHMC4xTCmdFlVhbE-wMB7Dei:1pX1BM:l4uKc0j-YP9ijzhga9nc004xXSphlP37yVe71aND9ig",
    "expire_date": "2023-03-14T14:42:20.122Z"
  }
},
{
  "model": "sessions.session",
  "pk": "za01cytm0y58fngfhxe1jms1z11i4fhx",
  "fields": {
    "session_data": ".eJxVjEEOwiAQRe_C2hBpoR1cuu8ZyAwzSNVAUtqV8e7apAvd_vfef6mA25rD1mQJM6uLMur0uxHGh5Qd8B3LrepYy7rMpHdFH7TpqbI8r4f7d5Cx5W_dsyMjAwJGGgnEAHAin5x0g7VsxfcChsH5FNHbEZKcpWckBt8xefX-AAzfORk:1pY18W:RMz07Cq3D_W3-TvadhkqbpwsHB4gc7VdtUyz4ebFrkY",
    "expire_date": "2023-03-17T08:51:32.615Z"
  }
},
{
  "model": "sessions.session",
  "pk": "zai2glvmoj41xfkwhs11p4p4yt362p4s",
  "fields": {
    "session_data": ".eJxVjEEOgjAQRe_StWk600KLS_eegUxnBosaSCisjHdXEha6_e-9_zI9bWvpt6pLP4o5G4_m9Dtm4odOO5E7TbfZ8jyty5jtrtiDVnudRZ-Xw_07KFTLtyYWF5HVqYAMocmJuojatQ1o651gIg_CFMFByiGjbweGLAwBI0Y27w8egzhI:1pZbuR:Gk6F2vrvtnb8S_N2ufG0_zHhQ6ueHO0zZgVjnm2Fo7k",
    "expire_date": "2023-03-21T18:19:35.782Z"
  }
},
{
  "model": "sessions.session",
  "pk": "zyofclcksdmrmpkym0qjh9aap2xrjxjn",
  "fields": {
    "session_data": ".eJxVjMsOwiAQRf-FtSHIYwCX7v0GMjAgVQNJaVfGf7dNutDtPefcNwu4LjWsI89hInZh0rLT7xgxPXPbCT2w3TtPvS3zFPmu8IMOfuuUX9fD_TuoOOpW6xRdJCiA6CwBOiykJNgzaKG9KVGDM1ZZaTeshSJ0oCSClzlmIzz7fAENZjeT:1pfhOn:RqbcxWecqcRsf3I7_pUw0aG2Ku_9xL-g44eZREArvOs",
    "expire_date": "2023-04-07T13:24:05.648Z"
  }
},
{
  "model": "sessions.session",
  "pk": "zzji49hwawj951hzs9o4ppjt9atjgvcd",
  "fields": {
    "session_data": ".eJxVjMsOwiAQRf-FtSFM5dG6dN9vIAMzSNVAUtqV8d-VpAvd3nPOfQmP-5b93nj1C4mLOFtx-h0DxgeXTuiO5VZlrGVblyC7Ig_a5FyJn9fD_TvI2HKvJwhWsVEWDcakBscWkQNDIHZAA6kI2mlKE_FoKI4a4WtDApds0uL9ATCBOOw:1pete4:G6aDo6GDP9xtNy2dF7Azg-RefLebj4Ha53MIvYVDktU",
    "expire_date": "2023-04-05T08:16:32.135Z"
  }
},
{
  "model": "tasks.task",
  "pk": "023d70bf80ab434f9ffcb01f09d083e8",
  "fields": {
    "title": "some new title text",
    "marks": 100,
    "instruction": null,
    "classroom": "05d24d97d8a24f3c80862a3239a56b50",
    "weekly": "7f0ce959917f442c931855a89639dd93",
    "preclass": true,
    "inclass": false,
    "postclass": false,
    "addded": "2023-03-02T13:32:53.558Z",
    "deadline": "2023-03-03T06:00:00Z"
  }
},
{
  "model": "tasks.task",
  "pk": "34e684b53fe2470db4e6cc7e63bff491",
  "fields": {
    "title": "Group task",
    "marks": 10,
    "instruction": "What do you mean by electronics? What makes it different from electrical sector.",
    "classroom": "a7e2fac3aaad4bdba8aa6953b765d5b9",
    "weekly": "9eaa73ea534241df8a49cf7c9cfddd71",
    "preclass": false,
    "inclass": true,
    "postclass": false,
    "addded": "2023-03-01T05:43:38.348Z",
    "deadline": "2023-03-01T08:00:00Z"
  }
},
{
  "model": "tasks.task",
  "pk": "5af5c3f08f9b4a1299ed237e7b27a499",
  "fields": {
    "title": "Group task",
    "marks": 10,
    "instruction": "Explain biased series and parallel clipper with relevant circuit diagram and input output curve",
    "classroom": "a7e2fac3aaad4bdba8aa6953b765d5b9",
    "weekly": "e740b33623f5481b9b17a85417d819b7",
    "preclass": false,
    "inclass": true,
    "postclass": false,
    "addded": "2023-03-25T07:37:23.583Z",
    "deadline": "2023-03-25T08:45:00Z"
  }
},
{
  "model": "tasks.task",
  "pk": "6095673dd86f49e693a90dd999787b2e",
  "fields": {
    "title": "Post class assigment",
    "marks": 100,
    "instruction": "Find the output curve of circuit for AC sinusoidal input curve",
    "classroom": "a7e2fac3aaad4bdba8aa6953b765d5b9",
    "weekly": "e740b33623f5481b9b17a85417d819b7",
    "preclass": false,
    "inclass": false,
    "postclass": true,
    "addded": "2023-03-25T18:35:52.688Z",
    "deadline": "2023-03-26T17:00:00Z"
  }
},
{
  "model": "tasks.task",
  "pk": "6a3a423b02f74991b7c7b2ee8e7aff1c",
  "fields": {
    "title": "Group task ",
    "marks": 100,
    "instruction": "Assignment on: Elaborate the effect of temperature on V-I curve of diode; compare zener diode and normal diode shortly.",
    "classroom": "a7e2fac3aaad4bdba8aa6953b765d5b9",
    "weekly": "55f25a334d964a6a81afaab2b67cc9af",
    "preclass": false,
    "inclass": true,
    "postclass": false,
    "addded": "2023-03-08T06:26:07.458Z",
    "deadline": "2023-03-08T13:00:00Z"
  }
},
{
  "model": "tasks.task",
  "pk": "78461cdd9cc1485787ee190b60d797e8",
  "fields": {
    "title": "Group task",
    "marks": 100,
    "instruction": "Explain biased positive and negative clamper with relevant circuit diagram and input output curve",
    "classroom": "a7e2fac3aaad4bdba8aa6953b765d5b9",
    "weekly": "36669da17aa743e4827493e023e33bfa",
    "preclass": false,
    "inclass": true,
    "postclass": false,
    "addded": "2023-03-27T06:33:13.222Z",
    "deadline": "2023-03-27T08:30:00Z"
  }
},
{
  "model": "tasks.task",
  "pk": "811dc7f37cce489bb8a761cac73975dd",
  "fields": {
    "title": "individual assignment ",
    "marks": 100,
    "instruction": "Describe different kinds of resistance level",
    "classroom": "a7e2fac3aaad4bdba8aa6953b765d5b9",
    "weekly": "55f25a334d964a6a81afaab2b67cc9af",
    "preclass": false,
    "inclass": false,
    "postclass": true,
    "addded": "2023-03-20T04:00:40.575Z",
    "deadline": "2023-03-23T16:00:00Z"
  }
},
{
  "model": "tasks.task",
  "pk": "c53c0df03f224fdeb6ad4752a094eaa5",
  "fields": {
    "title": "Group task",
    "marks": 100,
    "instruction": "What is rectifier? Draw the circuit diagram and input output curves of all kinds of rectifier",
    "classroom": "a7e2fac3aaad4bdba8aa6953b765d5b9",
    "weekly": "4f9b582f97684a8fb09e24cd356f9c13",
    "preclass": false,
    "inclass": true,
    "postclass": false,
    "addded": "2023-03-22T08:08:59.599Z",
    "deadline": "2023-03-22T09:00:00Z"
  }
},
{
  "model": "tasks.task",
  "pk": "ee45b2fd89464ba18d23b9a02f61912d",
  "fields": {
    "title": "test task 1",
    "marks": 100,
    "instruction": null,
    "classroom": "81ae8308bc104c58a3c4e02375036139",
    "weekly": "010f9e9ae65844b5b97ce4bee279f470",
    "preclass": true,
    "inclass": false,
    "postclass": false,
    "addded": "2023-03-23T09:23:39.686Z",
    "deadline": "2023-03-25T09:23:00Z"
  }
},
{
  "model": "tasks.taskattachment",
  "pk": 2,
  "fields": {
    "task": "6095673dd86f49e693a90dd999787b2e",
    "attached_file": "attachments/a7e2fac3aaad4bdba8aa6953b765d5b9/tasks/6095673dd86f49e693a90dd999787b2e/Screenshot_2023-03-26_000000.png"
  }
},
{
  "model": "tasks.group",
  "pk": 1,
  "fields": {
    "task": "023d70bf80ab434f9ffcb01f09d083e8",
    "members": [
      [
        "rnium@aol.com"
      ]
    ]
  }
},
{
  "model": "tasks.group",
  "pk": 14,
  "fields": {
    "task": "34e684b53fe2470db4e6cc7e63bff491",
    "members": [
      [
        "parvezkamaly17@gmail.com"
      ],
      [
        "ah5175584@gmail.com"
      ],
      [
        "tarequemahmud313@gmail.com"
      ],
      [
        "samiaakterpriya2000@gmail.com"
      ]
    ]
  }
},
{
  "model": "tasks.group",
  "pk": 15,
  "fields": {
    "task": "34e684b53fe2470db4e6cc7e63bff491",
    "members": [
      [
        "justabdulazim@gmail.com"
      ],
      [
        "farukseceee@gmail.com"
      ],
      [
        "nusaibanbh1113@gmail.com"
      ],
      [
        "afa.mahi02@gmail.com"
      ]
    ]
  }
},
{
  "model": "tasks.group",
  "pk": 16,
  "fields": {
    "task": "34e684b53fe2470db4e6cc7e63bff491",
    "members": [
      [
        "marufchy969@gmail.com"
      ],
      [
        "masukbillah885@gmail.com"
      ],
      [
        "abirsenrudra2@gmail.com"
      ],
      [
        "esrailbblhs@gmail.com"
      ]
    ]
  }
},
{
  "model": "tasks.group",
  "pk": 17,
  "fields": {
    "task": "34e684b53fe2470db4e6cc7e63bff491",
    "members": [
      [
        "dasanimesh550@gmail.com"
      ],
      [
        "swad2408@gmail.com"
      ],
      [
        "hamidurrahman2686@gmail.com"
      ],
      [
        "keysenov818@gmail.com"
      ]
    ]
  }
},
{
  "model": "tasks.group",
  "pk": 18,
  "fields": {
    "task": "34e684b53fe2470db4e6cc7e63bff491",
    "members": [
      [
        "pronaynandi73895@gmail.com"
      ],
      [
        "abdullahabuhabib@gmail.com"
      ],
      [
        "scmihad.ac@gmail.com"
      ]
    ]
  }
},
{
  "model": "tasks.group",
  "pk": 33,
  "fields": {
    "task": "6a3a423b02f74991b7c7b2ee8e7aff1c",
    "members": [
      [
        "swad2408@gmail.com"
      ],
      [
        "nusaibanbh1113@gmail.com"
      ],
      [
        "adnanjahid420@gmail.com"
      ]
    ]
  }
},
{
  "model": "tasks.group",
  "pk": 34,
  "fields": {
    "task": "6a3a423b02f74991b7c7b2ee8e7aff1c",
    "members": [
      [
        "marufchy969@gmail.com"
      ],
      [
        "abirsenrudra2@gmail.com"
      ],
      [
        "abdullahabuhabib@gmail.com"
      ]
    ]
  }
},
{
  "model": "tasks.group",
  "pk": 35,
  "fields": {
    "task": "6a3a423b02f74991b7c7b2ee8e7aff1c",
    "members": [
      [
        "justabdulazim@gmail.com"
      ],
      [
        "parvezkamaly17@gmail.com"
      ],
      [
        "afa.mahi02@gmail.com"
      ]
    ]
  }
},
{
  "model": "tasks.group",
  "pk": 36,
  "fields": {
    "task": "6a3a423b02f74991b7c7b2ee8e7aff1c",
    "members": [
      [
        "esrailbblhs@gmail.com"
      ],
      [
        "keysenov818@gmail.com"
      ],
      [
        "rihasiddika@gmail.com"
      ]
    ]
  }
},
{
  "model": "tasks.group",
  "pk": 37,
  "fields": {
    "task": "6a3a423b02f74991b7c7b2ee8e7aff1c",
    "members": [
      [
        "ah5175584@gmail.com"
      ],
      [
        "tarequemahmud313@gmail.com"
      ],
      [
        "scmihad.ac@gmail.com"
      ]
    ]
  }
},
{
  "model": "tasks.group",
  "pk": 38,
  "fields": {
    "task": "6a3a423b02f74991b7c7b2ee8e7aff1c",
    "members": [
      [
        "farukseceee@gmail.com"
      ],
      [
        "hamidurrahman2686@gmail.com"
      ],
      [
        "masukbillah885@gmail.com"
      ]
    ]
  }
},
{
  "model": "tasks.group",
  "pk": 39,
  "fields": {
    "task": "6a3a423b02f74991b7c7b2ee8e7aff1c",
    "members": [
      [
        "dasanimesh550@gmail.com"
      ],
      [
        "pronaynandi73895@gmail.com"
      ],
      [
        "samiaakterpriya2000@gmail.com"
      ]
    ]
  }
},
{
  "model": "tasks.group",
  "pk": 40,
  "fields": {
    "task": "6a3a423b02f74991b7c7b2ee8e7aff1c",
    "members": [
      [
        "nusaibanusi27030@gmail.com"
      ]
    ]
  }
},
{
  "model": "tasks.group",
  "pk": 57,
  "fields": {
    "task": "c53c0df03f224fdeb6ad4752a094eaa5",
    "members": [
      [
        "marufchy969@gmail.com"
      ],
      [
        "abdullahabuhabib@gmail.com"
      ],
      [
        "afa.mahi02@gmail.com"
      ]
    ]
  }
},
{
  "model": "tasks.group",
  "pk": 58,
  "fields": {
    "task": "c53c0df03f224fdeb6ad4752a094eaa5",
    "members": [
      [
        "dasanimesh550@gmail.com"
      ],
      [
        "swad2408@gmail.com"
      ],
      [
        "adnanjahid420@gmail.com"
      ]
    ]
  }
},
{
  "model": "tasks.group",
  "pk": 59,
  "fields": {
    "task": "c53c0df03f224fdeb6ad4752a094eaa5",
    "members": [
      [
        "esrailbblhs@gmail.com"
      ],
      [
        "keysenov818@gmail.com"
      ],
      [
        "nusaibanusi27030@gmail.com"
      ]
    ]
  }
},
{
  "model": "tasks.group",
  "pk": 60,
  "fields": {
    "task": "c53c0df03f224fdeb6ad4752a094eaa5",
    "members": [
      [
        "parvezkamaly17@gmail.com"
      ],
      [
        "pronaynandi73895@gmail.com"
      ],
      [
        "nusaibanbh1113@gmail.com"
      ]
    ]
  }
},
{
  "model": "tasks.group",
  "pk": 61,
  "fields": {
    "task": "c53c0df03f224fdeb6ad4752a094eaa5",
    "members": [
      [
        "masukbillah885@gmail.com"
      ],
      [
        "abirsenrudra2@gmail.com"
      ],
      [
        "rihasiddika@gmail.com"
      ]
    ]
  }
},
{
  "model": "tasks.group",
  "pk": 62,
  "fields": {
    "task": "c53c0df03f224fdeb6ad4752a094eaa5",
    "members": [
      [
        "justabdulazim@gmail.com"
      ],
      [
        "farukseceee@gmail.com"
      ],
      [
        "samiaakterpriya2000@gmail.com"
      ]
    ]
  }
},
{
  "model": "tasks.group",
  "pk": 63,
  "fields": {
    "task": "c53c0df03f224fdeb6ad4752a094eaa5",
    "members": [
      [
        "ah5175584@gmail.com"
      ],
      [
        "hamidurrahman2686@gmail.com"
      ],
      [
        "scmihad.ac@gmail.com"
      ]
    ]
  }
},
{
  "model": "tasks.group",
  "pk": 64,
  "fields": {
    "task": "c53c0df03f224fdeb6ad4752a094eaa5",
    "members": [
      [
        "tarequemahmud313@gmail.com"
      ]
    ]
  }
},
{
  "model": "tasks.group",
  "pk": 65,
  "fields": {
    "task": "5af5c3f08f9b4a1299ed237e7b27a499",
    "members": [
      [
        "dasanimesh550@gmail.com"
      ],
      [
        "masukbillah885@gmail.com"
      ],
      [
        "tarequemahmud313@gmail.com"
      ]
    ]
  }
},
{
  "model": "tasks.group",
  "pk": 66,
  "fields": {
    "task": "5af5c3f08f9b4a1299ed237e7b27a499",
    "members": [
      [
        "ah5175584@gmail.com"
      ],
      [
        "farukseceee@gmail.com"
      ],
      [
        "scmihad.ac@gmail.com"
      ]
    ]
  }
},
{
  "model": "tasks.group",
  "pk": 67,
  "fields": {
    "task": "5af5c3f08f9b4a1299ed237e7b27a499",
    "members": [
      [
        "swad2408@gmail.com"
      ],
      [
        "hamidurrahman2686@gmail.com"
      ],
      [
        "abirsenrudra2@gmail.com"
      ]
    ]
  }
},
{
  "model": "tasks.group",
  "pk": 68,
  "fields": {
    "task": "5af5c3f08f9b4a1299ed237e7b27a499",
    "members": [
      [
        "marufchy969@gmail.com"
      ],
      [
        "pronaynandi73895@gmail.com"
      ],
      [
        "keysenov818@gmail.com"
      ]
    ]
  }
},
{
  "model": "tasks.group",
  "pk": 69,
  "fields": {
    "task": "5af5c3f08f9b4a1299ed237e7b27a499",
    "members": [
      [
        "justabdulazim@gmail.com"
      ],
      [
        "rihasiddika@gmail.com"
      ],
      [
        "adnanjahid420@gmail.com"
      ]
    ]
  }
},
{
  "model": "tasks.group",
  "pk": 70,
  "fields": {
    "task": "5af5c3f08f9b4a1299ed237e7b27a499",
    "members": [
      [
        "nusaibanbh1113@gmail.com"
      ],
      [
        "esrailbblhs@gmail.com"
      ],
      [
        "afa.mahi02@gmail.com"
      ]
    ]
  }
},
{
  "model": "tasks.group",
  "pk": 71,
  "fields": {
    "task": "5af5c3f08f9b4a1299ed237e7b27a499",
    "members": [
      [
        "parvezkamaly17@gmail.com"
      ],
      [
        "samiaakterpriya2000@gmail.com"
      ],
      [
        "abdullahabuhabib@gmail.com"
      ]
    ]
  }
},
{
  "model": "tasks.group",
  "pk": 79,
  "fields": {
    "task": "78461cdd9cc1485787ee190b60d797e8",
    "members": [
      [
        "marufchy969@gmail.com"
      ],
      [
        "farukseceee@gmail.com"
      ],
      [
        "abdullahabuhabib@gmail.com"
      ]
    ]
  }
},
{
  "model": "tasks.group",
  "pk": 80,
  "fields": {
    "task": "78461cdd9cc1485787ee190b60d797e8",
    "members": [
      [
        "pronaynandi73895@gmail.com"
      ],
      [
        "masukbillah885@gmail.com"
      ],
      [
        "abirsenrudra2@gmail.com"
      ]
    ]
  }
},
{
  "model": "tasks.group",
  "pk": 81,
  "fields": {
    "task": "78461cdd9cc1485787ee190b60d797e8",
    "members": [
      [
        "ah5175584@gmail.com"
      ],
      [
        "swad2408@gmail.com"
      ],
      [
        "adnanjahid420@gmail.com"
      ]
    ]
  }
},
{
  "model": "tasks.group",
  "pk": 82,
  "fields": {
    "task": "78461cdd9cc1485787ee190b60d797e8",
    "members": [
      [
        "justabdulazim@gmail.com"
      ],
      [
        "esrailbblhs@gmail.com"
      ],
      [
        "scmihad.ac@gmail.com"
      ]
    ]
  }
},
{
  "model": "tasks.group",
  "pk": 83,
  "fields": {
    "task": "78461cdd9cc1485787ee190b60d797e8",
    "members": [
      [
        "parvezkamaly17@gmail.com"
      ],
      [
        "nusaibanbh1113@gmail.com"
      ],
      [
        "tarequemahmud313@gmail.com"
      ]
    ]
  }
},
{
  "model": "tasks.group",
  "pk": 84,
  "fields": {
    "task": "78461cdd9cc1485787ee190b60d797e8",
    "members": [
      [
        "dasanimesh550@gmail.com"
      ],
      [
        "samiaakterpriya2000@gmail.com"
      ],
      [
        "keysenov818@gmail.com"
      ]
    ]
  }
},
{
  "model": "tasks.group",
  "pk": 85,
  "fields": {
    "task": "78461cdd9cc1485787ee190b60d797e8",
    "members": [
      [
        "hamidurrahman2686@gmail.com"
      ],
      [
        "afa.mahi02@gmail.com"
      ],
      [
        "rihasiddika@gmail.com"
      ]
    ]
  }
},
{
  "model": "tasks.work",
  "pk": 1,
  "fields": {
    "task": "023d70bf80ab434f9ffcb01f09d083e8",
    "submission_by": [
      "rnium@aol.com"
    ],
    "is_submitted": true,
    "group": 1,
    "score": 80,
    "remarks": null,
    "submission_time": "2023-03-02T13:33:30.799Z"
  }
},
{
  "model": "tasks.work",
  "pk": 12,
  "fields": {
    "task": "34e684b53fe2470db4e6cc7e63bff491",
    "submission_by": [
      "scmihad.ac@gmail.com"
    ],
    "is_submitted": true,
    "group": 18,
    "score": 8,
    "remarks": null,
    "submission_time": "2023-03-01T07:10:47.155Z"
  }
},
{
  "model": "tasks.work",
  "pk": 13,
  "fields": {
    "task": "34e684b53fe2470db4e6cc7e63bff491",
    "submission_by": [
      "parvezkamaly17@gmail.com"
    ],
    "is_submitted": true,
    "group": 14,
    "score": 8,
    "remarks": null,
    "submission_time": "2023-03-01T07:16:57.030Z"
  }
},
{
  "model": "tasks.work",
  "pk": 14,
  "fields": {
    "task": "34e684b53fe2470db4e6cc7e63bff491",
    "submission_by": [
      "swad2408@gmail.com"
    ],
    "is_submitted": true,
    "group": 17,
    "score": 7,
    "remarks": null,
    "submission_time": "2023-03-08T09:31:38.868Z"
  }
},
{
  "model": "tasks.work",
  "pk": 16,
  "fields": {
    "task": "34e684b53fe2470db4e6cc7e63bff491",
    "submission_by": [
      "esrailbblhs@gmail.com"
    ],
    "is_submitted": true,
    "group": 16,
    "score": 8,
    "remarks": null,
    "submission_time": "2023-03-01T07:21:17.331Z"
  }
},
{
  "model": "tasks.work",
  "pk": 17,
  "fields": {
    "task": "34e684b53fe2470db4e6cc7e63bff491",
    "submission_by": [
      "afa.mahi02@gmail.com"
    ],
    "is_submitted": true,
    "group": 15,
    "score": 9,
    "remarks": null,
    "submission_time": "2023-03-01T07:57:32.996Z"
  }
},
{
  "model": "tasks.work",
  "pk": 19,
  "fields": {
    "task": "6a3a423b02f74991b7c7b2ee8e7aff1c",
    "submission_by": [
      "afa.mahi02@gmail.com"
    ],
    "is_submitted": true,
    "group": 35,
    "score": 85,
    "remarks": null,
    "submission_time": "2023-03-08T07:27:10.588Z"
  }
},
{
  "model": "tasks.work",
  "pk": 20,
  "fields": {
    "task": "6a3a423b02f74991b7c7b2ee8e7aff1c",
    "submission_by": [
      "esrailbblhs@gmail.com"
    ],
    "is_submitted": true,
    "group": 36,
    "score": 85,
    "remarks": null,
    "submission_time": "2023-03-08T07:29:40.102Z"
  }
},
{
  "model": "tasks.work",
  "pk": 28,
  "fields": {
    "task": "6a3a423b02f74991b7c7b2ee8e7aff1c",
    "submission_by": [
      "scmihad.ac@gmail.com"
    ],
    "is_submitted": true,
    "group": 37,
    "score": 85,
    "remarks": null,
    "submission_time": "2023-03-08T09:50:36.281Z"
  }
},
{
  "model": "tasks.work",
  "pk": 29,
  "fields": {
    "task": "6a3a423b02f74991b7c7b2ee8e7aff1c",
    "submission_by": [
      "dasanimesh550@gmail.com"
    ],
    "is_submitted": true,
    "group": 39,
    "score": 75,
    "remarks": null,
    "submission_time": "2023-03-08T13:00:02.423Z"
  }
},
{
  "model": "tasks.work",
  "pk": 30,
  "fields": {
    "task": "6a3a423b02f74991b7c7b2ee8e7aff1c",
    "submission_by": [
      "farukseceee@gmail.com"
    ],
    "is_submitted": true,
    "group": 38,
    "score": 75,
    "remarks": null,
    "submission_time": "2023-03-08T13:27:05.975Z"
  }
},
{
  "model": "tasks.work",
  "pk": 32,
  "fields": {
    "task": "6a3a423b02f74991b7c7b2ee8e7aff1c",
    "submission_by": [
      "nusaibanbh1113@gmail.com"
    ],
    "is_submitted": true,
    "group": 33,
    "score": 75,
    "remarks": null,
    "submission_time": "2023-03-12T17:58:41.766Z"
  }
},
{
  "model": "tasks.work",
  "pk": 35,
  "fields": {
    "task": "811dc7f37cce489bb8a761cac73975dd",
    "submission_by": [
      "rihasiddika@gmail.com"
    ],
    "is_submitted": true,
    "group": null,
    "score": 80,
    "remarks": null,
    "submission_time": "2023-03-24T14:15:09.492Z"
  }
},
{
  "model": "tasks.work",
  "pk": 36,
  "fields": {
    "task": "811dc7f37cce489bb8a761cac73975dd",
    "submission_by": [
      "parvezkamaly17@gmail.com"
    ],
    "is_submitted": true,
    "group": null,
    "score": 95,
    "remarks": null,
    "submission_time": "2023-03-20T10:26:15.532Z"
  }
},
{
  "model": "tasks.work",
  "pk": 37,
  "fields": {
    "task": "c53c0df03f224fdeb6ad4752a094eaa5",
    "submission_by": [
      "farukseceee@gmail.com"
    ],
    "is_submitted": true,
    "group": 62,
    "score": 85,
    "remarks": null,
    "submission_time": "2023-03-22T08:22:02.818Z"
  }
},
{
  "model": "tasks.work",
  "pk": 39,
  "fields": {
    "task": "c53c0df03f224fdeb6ad4752a094eaa5",
    "submission_by": [
      "parvezkamaly17@gmail.com"
    ],
    "is_submitted": true,
    "group": 60,
    "score": 90,
    "remarks": null,
    "submission_time": "2023-03-22T08:25:41.616Z"
  }
},
{
  "model": "tasks.work",
  "pk": 40,
  "fields": {
    "task": "c53c0df03f224fdeb6ad4752a094eaa5",
    "submission_by": [
      "rihasiddika@gmail.com"
    ],
    "is_submitted": true,
    "group": 61,
    "score": 85,
    "remarks": null,
    "submission_time": "2023-03-23T17:22:56.604Z"
  }
},
{
  "model": "tasks.work",
  "pk": 41,
  "fields": {
    "task": "c53c0df03f224fdeb6ad4752a094eaa5",
    "submission_by": [
      "afa.mahi02@gmail.com"
    ],
    "is_submitted": true,
    "group": 57,
    "score": 95,
    "remarks": null,
    "submission_time": "2023-03-22T08:39:59.959Z"
  }
},
{
  "model": "tasks.work",
  "pk": 42,
  "fields": {
    "task": "c53c0df03f224fdeb6ad4752a094eaa5",
    "submission_by": [
      "adnanjahid420@gmail.com"
    ],
    "is_submitted": true,
    "group": 58,
    "score": 90,
    "remarks": null,
    "submission_time": "2023-03-22T08:50:49.237Z"
  }
},
{
  "model": "tasks.work",
  "pk": 43,
  "fields": {
    "task": "c53c0df03f224fdeb6ad4752a094eaa5",
    "submission_by": [
      "scmihad.ac@gmail.com"
    ],
    "is_submitted": true,
    "group": 63,
    "score": 90,
    "remarks": null,
    "submission_time": "2023-03-22T18:24:08.347Z"
  }
},
{
  "model": "tasks.work",
  "pk": 44,
  "fields": {
    "task": "811dc7f37cce489bb8a761cac73975dd",
    "submission_by": [
      "esrailbblhs@gmail.com"
    ],
    "is_submitted": true,
    "group": null,
    "score": 90,
    "remarks": null,
    "submission_time": "2023-03-22T08:53:25.044Z"
  }
},
{
  "model": "tasks.work",
  "pk": 45,
  "fields": {
    "task": "6a3a423b02f74991b7c7b2ee8e7aff1c",
    "submission_by": [
      "nusaibanusi27030@gmail.com"
    ],
    "is_submitted": true,
    "group": 40,
    "score": 70,
    "remarks": null,
    "submission_time": "2023-03-22T14:03:14.070Z"
  }
},
{
  "model": "tasks.work",
  "pk": 46,
  "fields": {
    "task": "811dc7f37cce489bb8a761cac73975dd",
    "submission_by": [
      "samiaakterpriya2000@gmail.com"
    ],
    "is_submitted": true,
    "group": null,
    "score": 80,
    "remarks": null,
    "submission_time": "2023-03-22T16:59:50.499Z"
  }
},
{
  "model": "tasks.work",
  "pk": 47,
  "fields": {
    "task": "811dc7f37cce489bb8a761cac73975dd",
    "submission_by": [
      "abdullahabuhabib@gmail.com"
    ],
    "is_submitted": true,
    "group": null,
    "score": 70,
    "remarks": null,
    "submission_time": "2023-03-22T18:11:05.638Z"
  }
},
{
  "model": "tasks.work",
  "pk": 53,
  "fields": {
    "task": "ee45b2fd89464ba18d23b9a02f61912d",
    "submission_by": [
      "sirony514@gmail.com"
    ],
    "is_submitted": true,
    "group": null,
    "score": 90,
    "remarks": "good work",
    "submission_time": "2023-03-23T09:27:09.296Z"
  }
},
{
  "model": "tasks.work",
  "pk": 55,
  "fields": {
    "task": "811dc7f37cce489bb8a761cac73975dd",
    "submission_by": [
      "hamidurrahman2686@gmail.com"
    ],
    "is_submitted": true,
    "group": null,
    "score": 90,
    "remarks": null,
    "submission_time": "2023-03-23T09:50:44.392Z"
  }
},
{
  "model": "tasks.work",
  "pk": 56,
  "fields": {
    "task": "811dc7f37cce489bb8a761cac73975dd",
    "submission_by": [
      "ah5175584@gmail.com"
    ],
    "is_submitted": true,
    "group": null,
    "score": 90,
    "remarks": null,
    "submission_time": "2023-03-23T09:53:05.405Z"
  }
},
{
  "model": "tasks.work",
  "pk": 57,
  "fields": {
    "task": "811dc7f37cce489bb8a761cac73975dd",
    "submission_by": [
      "afa.mahi02@gmail.com"
    ],
    "is_submitted": true,
    "group": null,
    "score": 100,
    "remarks": null,
    "submission_time": "2023-03-23T12:24:07.301Z"
  }
},
{
  "model": "tasks.work",
  "pk": 58,
  "fields": {
    "task": "c53c0df03f224fdeb6ad4752a094eaa5",
    "submission_by": [
      "keysenov818@gmail.com"
    ],
    "is_submitted": true,
    "group": 59,
    "score": 100,
    "remarks": null,
    "submission_time": "2023-03-23T17:32:47.417Z"
  }
},
{
  "model": "tasks.work",
  "pk": 59,
  "fields": {
    "task": "811dc7f37cce489bb8a761cac73975dd",
    "submission_by": [
      "farukseceee@gmail.com"
    ],
    "is_submitted": true,
    "group": null,
    "score": 85,
    "remarks": null,
    "submission_time": "2023-03-23T19:14:55.525Z"
  }
},
{
  "model": "tasks.work",
  "pk": 60,
  "fields": {
    "task": "5af5c3f08f9b4a1299ed237e7b27a499",
    "submission_by": [
      "nusaibanbh1113@gmail.com"
    ],
    "is_submitted": true,
    "group": 70,
    "score": 8,
    "remarks": null,
    "submission_time": "2023-03-25T07:55:53.326Z"
  }
},
{
  "model": "tasks.work",
  "pk": 61,
  "fields": {
    "task": "5af5c3f08f9b4a1299ed237e7b27a499",
    "submission_by": [
      "abdullahabuhabib@gmail.com"
    ],
    "is_submitted": true,
    "group": 71,
    "score": 9,
    "remarks": null,
    "submission_time": "2023-03-25T07:58:17.277Z"
  }
},
{
  "model": "tasks.work",
  "pk": 62,
  "fields": {
    "task": "5af5c3f08f9b4a1299ed237e7b27a499",
    "submission_by": [
      "farukseceee@gmail.com"
    ],
    "is_submitted": true,
    "group": 66,
    "score": 8,
    "remarks": null,
    "submission_time": "2023-03-25T07:58:28.865Z"
  }
},
{
  "model": "tasks.work",
  "pk": 63,
  "fields": {
    "task": "5af5c3f08f9b4a1299ed237e7b27a499",
    "submission_by": [
      "dasanimesh550@gmail.com"
    ],
    "is_submitted": true,
    "group": 65,
    "score": 8,
    "remarks": null,
    "submission_time": "2023-03-25T07:59:25.086Z"
  }
},
{
  "model": "tasks.work",
  "pk": 64,
  "fields": {
    "task": "5af5c3f08f9b4a1299ed237e7b27a499",
    "submission_by": [
      "hamidurrahman2686@gmail.com"
    ],
    "is_submitted": true,
    "group": 67,
    "score": 9,
    "remarks": null,
    "submission_time": "2023-03-25T08:00:21.857Z"
  }
},
{
  "model": "tasks.work",
  "pk": 65,
  "fields": {
    "task": "5af5c3f08f9b4a1299ed237e7b27a499",
    "submission_by": [
      "adnanjahid420@gmail.com"
    ],
    "is_submitted": true,
    "group": 69,
    "score": 9,
    "remarks": null,
    "submission_time": "2023-03-25T08:01:21.295Z"
  }
},
{
  "model": "tasks.work",
  "pk": 66,
  "fields": {
    "task": "5af5c3f08f9b4a1299ed237e7b27a499",
    "submission_by": [
      "keysenov818@gmail.com"
    ],
    "is_submitted": true,
    "group": 68,
    "score": 9,
    "remarks": null,
    "submission_time": "2023-03-25T08:13:23.401Z"
  }
},
{
  "model": "tasks.work",
  "pk": 67,
  "fields": {
    "task": "811dc7f37cce489bb8a761cac73975dd",
    "submission_by": [
      "nusaibanbh1113@gmail.com"
    ],
    "is_submitted": true,
    "group": null,
    "score": null,
    "remarks": null,
    "submission_time": "2023-03-25T18:08:59.759Z"
  }
},
{
  "model": "tasks.work",
  "pk": 69,
  "fields": {
    "task": "6095673dd86f49e693a90dd999787b2e",
    "submission_by": [
      "abdullahabuhabib@gmail.com"
    ],
    "is_submitted": true,
    "group": null,
    "score": null,
    "remarks": null,
    "submission_time": "2023-03-25T18:37:19.751Z"
  }
},
{
  "model": "tasks.work",
  "pk": 70,
  "fields": {
    "task": "6095673dd86f49e693a90dd999787b2e",
    "submission_by": [
      "farukseceee@gmail.com"
    ],
    "is_submitted": true,
    "group": null,
    "score": null,
    "remarks": null,
    "submission_time": "2023-03-25T18:49:56.478Z"
  }
},
{
  "model": "tasks.work",
  "pk": 71,
  "fields": {
    "task": "6095673dd86f49e693a90dd999787b2e",
    "submission_by": [
      "parvezkamaly17@gmail.com"
    ],
    "is_submitted": true,
    "group": null,
    "score": null,
    "remarks": null,
    "submission_time": "2023-03-25T19:35:01.864Z"
  }
},
{
  "model": "tasks.work",
  "pk": 72,
  "fields": {
    "task": "6095673dd86f49e693a90dd999787b2e",
    "submission_by": [
      "scmihad.ac@gmail.com"
    ],
    "is_submitted": true,
    "group": null,
    "score": null,
    "remarks": null,
    "submission_time": "2023-03-26T20:45:37.824Z"
  }
},
{
  "model": "tasks.work",
  "pk": 73,
  "fields": {
    "task": "6095673dd86f49e693a90dd999787b2e",
    "submission_by": [
      "marufchy969@gmail.com"
    ],
    "is_submitted": false,
    "group": null,
    "score": null,
    "remarks": null,
    "submission_time": null
  }
},
{
  "model": "tasks.work",
  "pk": 75,
  "fields": {
    "task": "6095673dd86f49e693a90dd999787b2e",
    "submission_by": [
      "adnanjahid420@gmail.com"
    ],
    "is_submitted": true,
    "group": null,
    "score": null,
    "remarks": null,
    "submission_time": "2023-03-26T06:36:52.166Z"
  }
},
{
  "model": "tasks.work",
  "pk": 76,
  "fields": {
    "task": "6095673dd86f49e693a90dd999787b2e",
    "submission_by": [
      "ah5175584@gmail.com"
    ],
    "is_submitted": true,
    "group": null,
    "score": null,
    "remarks": null,
    "submission_time": "2023-03-26T08:54:00.256Z"
  }
},
{
  "model": "tasks.work",
  "pk": 77,
  "fields": {
    "task": "6095673dd86f49e693a90dd999787b2e",
    "submission_by": [
      "afa.mahi02@gmail.com"
    ],
    "is_submitted": true,
    "group": null,
    "score": null,
    "remarks": null,
    "submission_time": "2023-03-26T10:18:59.735Z"
  }
},
{
  "model": "tasks.work",
  "pk": 78,
  "fields": {
    "task": "6095673dd86f49e693a90dd999787b2e",
    "submission_by": [
      "rihasiddika@gmail.com"
    ],
    "is_submitted": true,
    "group": null,
    "score": null,
    "remarks": null,
    "submission_time": "2023-03-26T14:06:58.543Z"
  }
},
{
  "model": "tasks.work",
  "pk": 79,
  "fields": {
    "task": "6095673dd86f49e693a90dd999787b2e",
    "submission_by": [
      "hamidurrahman2686@gmail.com"
    ],
    "is_submitted": true,
    "group": null,
    "score": null,
    "remarks": null,
    "submission_time": "2023-03-26T14:52:38.565Z"
  }
},
{
  "model": "tasks.work",
  "pk": 81,
  "fields": {
    "task": "6095673dd86f49e693a90dd999787b2e",
    "submission_by": [
      "dasanimesh550@gmail.com"
    ],
    "is_submitted": true,
    "group": null,
    "score": null,
    "remarks": null,
    "submission_time": "2023-03-26T15:59:33.761Z"
  }
},
{
  "model": "tasks.work",
  "pk": 82,
  "fields": {
    "task": "6095673dd86f49e693a90dd999787b2e",
    "submission_by": [
      "keysenov818@gmail.com"
    ],
    "is_submitted": true,
    "group": null,
    "score": null,
    "remarks": null,
    "submission_time": "2023-03-26T16:37:43.863Z"
  }
},
{
  "model": "tasks.work",
  "pk": 83,
  "fields": {
    "task": "6095673dd86f49e693a90dd999787b2e",
    "submission_by": [
      "esrailbblhs@gmail.com"
    ],
    "is_submitted": true,
    "group": null,
    "score": null,
    "remarks": null,
    "submission_time": "2023-03-26T16:47:33.383Z"
  }
},
{
  "model": "tasks.work",
  "pk": 84,
  "fields": {
    "task": "6095673dd86f49e693a90dd999787b2e",
    "submission_by": [
      "nusaibanbh1113@gmail.com"
    ],
    "is_submitted": true,
    "group": null,
    "score": null,
    "remarks": null,
    "submission_time": "2023-03-26T16:48:35.579Z"
  }
},
{
  "model": "tasks.work",
  "pk": 85,
  "fields": {
    "task": "6095673dd86f49e693a90dd999787b2e",
    "submission_by": [
      "swad2408@gmail.com"
    ],
    "is_submitted": true,
    "group": null,
    "score": null,
    "remarks": null,
    "submission_time": "2023-03-26T17:00:13.788Z"
  }
},
{
  "model": "tasks.work",
  "pk": 86,
  "fields": {
    "task": "6095673dd86f49e693a90dd999787b2e",
    "submission_by": [
      "abirsenrudra2@gmail.com"
    ],
    "is_submitted": true,
    "group": null,
    "score": null,
    "remarks": null,
    "submission_time": "2023-03-26T21:06:00.435Z"
  }
},
{
  "model": "tasks.work",
  "pk": 87,
  "fields": {
    "task": "6095673dd86f49e693a90dd999787b2e",
    "submission_by": [
      "masukbillah885@gmail.com"
    ],
    "is_submitted": true,
    "group": null,
    "score": null,
    "remarks": null,
    "submission_time": "2023-03-26T21:26:22.988Z"
  }
},
{
  "model": "tasks.work",
  "pk": 88,
  "fields": {
    "task": "6095673dd86f49e693a90dd999787b2e",
    "submission_by": [
      "samiaakterpriya2000@gmail.com"
    ],
    "is_submitted": true,
    "group": null,
    "score": null,
    "remarks": null,
    "submission_time": "2023-03-27T04:13:40.789Z"
  }
},
{
  "model": "tasks.work",
  "pk": 91,
  "fields": {
    "task": "78461cdd9cc1485787ee190b60d797e8",
    "submission_by": [
      "nusaibanbh1113@gmail.com"
    ],
    "is_submitted": true,
    "group": 83,
    "score": null,
    "remarks": null,
    "submission_time": "2023-03-27T07:51:44.641Z"
  }
},
{
  "model": "tasks.work",
  "pk": 92,
  "fields": {
    "task": "78461cdd9cc1485787ee190b60d797e8",
    "submission_by": [
      "esrailbblhs@gmail.com"
    ],
    "is_submitted": true,
    "group": 82,
    "score": null,
    "remarks": null,
    "submission_time": "2023-03-27T07:57:40.533Z"
  }
},
{
  "model": "tasks.work",
  "pk": 94,
  "fields": {
    "task": "78461cdd9cc1485787ee190b60d797e8",
    "submission_by": [
      "hamidurrahman2686@gmail.com"
    ],
    "is_submitted": true,
    "group": 85,
    "score": null,
    "remarks": null,
    "submission_time": "2023-03-27T08:06:38.234Z"
  }
},
{
  "model": "tasks.work",
  "pk": 95,
  "fields": {
    "task": "78461cdd9cc1485787ee190b60d797e8",
    "submission_by": [
      "farukseceee@gmail.com"
    ],
    "is_submitted": true,
    "group": 79,
    "score": null,
    "remarks": null,
    "submission_time": "2023-03-27T08:11:42.589Z"
  }
},
{
  "model": "tasks.work",
  "pk": 97,
  "fields": {
    "task": "78461cdd9cc1485787ee190b60d797e8",
    "submission_by": [
      "pronaynandi73895@gmail.com"
    ],
    "is_submitted": true,
    "group": 80,
    "score": null,
    "remarks": null,
    "submission_time": "2023-03-27T08:24:17.824Z"
  }
},
{
  "model": "tasks.work",
  "pk": 98,
  "fields": {
    "task": "78461cdd9cc1485787ee190b60d797e8",
    "submission_by": [
      "swad2408@gmail.com"
    ],
    "is_submitted": true,
    "group": 81,
    "score": null,
    "remarks": null,
    "submission_time": "2023-03-27T08:26:03.602Z"
  }
},
{
  "model": "tasks.work",
  "pk": 99,
  "fields": {
    "task": "78461cdd9cc1485787ee190b60d797e8",
    "submission_by": [
      "keysenov818@gmail.com"
    ],
    "is_submitted": true,
    "group": 84,
    "score": null,
    "remarks": null,
    "submission_time": "2023-03-27T08:27:51.104Z"
  }
},
{
  "model": "tasks.workattachment",
  "pk": 1,
  "fields": {
    "work": 1,
    "attached_file": "attachments/05d24d97d8a24f3c80862a3239a56b50/tasks/023d70bf80ab434f9ffcb01f09d083e8/submissions/blank1.pdf"
  }
},
{
  "model": "tasks.workattachment",
  "pk": 14,
  "fields": {
    "work": 12,
    "attached_file": "attachments/a7e2fac3aaad4bdba8aa6953b765d5b9/tasks/34e684b53fe2470db4e6cc7e63bff491/submissions/Group_Task.pdf"
  }
},
{
  "model": "tasks.workattachment",
  "pk": 15,
  "fields": {
    "work": 13,
    "attached_file": "attachments/a7e2fac3aaad4bdba8aa6953b765d5b9/tasks/34e684b53fe2470db4e6cc7e63bff491/submissions/16776549687107763881840638063848.jpg"
  }
},
{
  "model": "tasks.workattachment",
  "pk": 16,
  "fields": {
    "work": 14,
    "attached_file": "attachments/a7e2fac3aaad4bdba8aa6953b765d5b9/tasks/34e684b53fe2470db4e6cc7e63bff491/submissions/16776549860451960345244393542184.jpg"
  }
},
{
  "model": "tasks.workattachment",
  "pk": 18,
  "fields": {
    "work": 16,
    "attached_file": "attachments/a7e2fac3aaad4bdba8aa6953b765d5b9/tasks/34e684b53fe2470db4e6cc7e63bff491/submissions/DOC-20230301-WA0001..pdf"
  }
},
{
  "model": "tasks.workattachment",
  "pk": 19,
  "fields": {
    "work": 17,
    "attached_file": "attachments/a7e2fac3aaad4bdba8aa6953b765d5b9/tasks/34e684b53fe2470db4e6cc7e63bff491/submissions/AssignmentW2.pdf"
  }
},
{
  "model": "tasks.workattachment",
  "pk": 23,
  "fields": {
    "work": 19,
    "attached_file": "attachments/a7e2fac3aaad4bdba8aa6953b765d5b9/tasks/6a3a423b02f74991b7c7b2ee8e7aff1c/submissions/AssignmentW3.pdf"
  }
},
{
  "model": "tasks.workattachment",
  "pk": 24,
  "fields": {
    "work": 20,
    "attached_file": "attachments/a7e2fac3aaad4bdba8aa6953b765d5b9/tasks/6a3a423b02f74991b7c7b2ee8e7aff1c/submissions/assessment_2.pdf"
  }
},
{
  "model": "tasks.workattachment",
  "pk": 32,
  "fields": {
    "work": 28,
    "attached_file": "attachments/a7e2fac3aaad4bdba8aa6953b765d5b9/tasks/6a3a423b02f74991b7c7b2ee8e7aff1c/submissions/GroupTaskWeek3.pdf"
  }
},
{
  "model": "tasks.workattachment",
  "pk": 33,
  "fields": {
    "work": 29,
    "attached_file": "attachments/a7e2fac3aaad4bdba8aa6953b765d5b9/tasks/6a3a423b02f74991b7c7b2ee8e7aff1c/submissions/20230308_185927.jpg"
  }
},
{
  "model": "tasks.workattachment",
  "pk": 34,
  "fields": {
    "work": 30,
    "attached_file": "attachments/a7e2fac3aaad4bdba8aa6953b765d5b9/tasks/6a3a423b02f74991b7c7b2ee8e7aff1c/submissions/Week_3_Group_Task.pdf"
  }
},
{
  "model": "tasks.workattachment",
  "pk": 36,
  "fields": {
    "work": 32,
    "attached_file": "attachments/a7e2fac3aaad4bdba8aa6953b765d5b9/tasks/6a3a423b02f74991b7c7b2ee8e7aff1c/submissions/diode.rtf"
  }
},
{
  "model": "tasks.workattachment",
  "pk": 39,
  "fields": {
    "work": 35,
    "attached_file": "attachments/a7e2fac3aaad4bdba8aa6953b765d5b9/tasks/811dc7f37cce489bb8a761cac73975dd/submissions/CamScanner_03-14-2023_19.441.pdf"
  }
},
{
  "model": "tasks.workattachment",
  "pk": 40,
  "fields": {
    "work": 36,
    "attached_file": "attachments/a7e2fac3aaad4bdba8aa6953b765d5b9/tasks/811dc7f37cce489bb8a761cac73975dd/submissions/solution_Three_different_resistance_level_describing_3.jpg"
  }
},
{
  "model": "tasks.workattachment",
  "pk": 41,
  "fields": {
    "work": 36,
    "attached_file": "attachments/a7e2fac3aaad4bdba8aa6953b765d5b9/tasks/811dc7f37cce489bb8a761cac73975dd/submissions/solution_Three_different_resistance_level_describing_2.jpg"
  }
},
{
  "model": "tasks.workattachment",
  "pk": 42,
  "fields": {
    "work": 36,
    "attached_file": "attachments/a7e2fac3aaad4bdba8aa6953b765d5b9/tasks/811dc7f37cce489bb8a761cac73975dd/submissions/solution_Three_different_resistance_level_describing_1.jpg"
  }
},
{
  "model": "tasks.workattachment",
  "pk": 43,
  "fields": {
    "work": 37,
    "attached_file": "attachments/a7e2fac3aaad4bdba8aa6953b765d5b9/tasks/c53c0df03f224fdeb6ad4752a094eaa5/submissions/CamScanner_03-22-2023_14.20.jpg"
  }
},
{
  "model": "tasks.workattachment",
  "pk": 45,
  "fields": {
    "work": 39,
    "attached_file": "attachments/a7e2fac3aaad4bdba8aa6953b765d5b9/tasks/c53c0df03f224fdeb6ad4752a094eaa5/submissions/CamScanner_03-22-2023_14.24.jpg"
  }
},
{
  "model": "tasks.workattachment",
  "pk": 46,
  "fields": {
    "work": 39,
    "attached_file": "attachments/a7e2fac3aaad4bdba8aa6953b765d5b9/tasks/c53c0df03f224fdeb6ad4752a094eaa5/submissions/CamScanner_03-22-2023_14.24_1.jpg"
  }
},
{
  "model": "tasks.workattachment",
  "pk": 47,
  "fields": {
    "work": 39,
    "attached_file": "attachments/a7e2fac3aaad4bdba8aa6953b765d5b9/tasks/c53c0df03f224fdeb6ad4752a094eaa5/submissions/CamScanner_03-22-2023_14.23.jpg"
  }
},
{
  "model": "tasks.workattachment",
  "pk": 48,
  "fields": {
    "work": 40,
    "attached_file": "attachments/a7e2fac3aaad4bdba8aa6953b765d5b9/tasks/c53c0df03f224fdeb6ad4752a094eaa5/submissions/CamScanner_03-22-2023_14.24.pdf"
  }
},
{
  "model": "tasks.workattachment",
  "pk": 49,
  "fields": {
    "work": 41,
    "attached_file": "attachments/a7e2fac3aaad4bdba8aa6953b765d5b9/tasks/c53c0df03f224fdeb6ad4752a094eaa5/submissions/AssignmentW4.pdf"
  }
},
{
  "model": "tasks.workattachment",
  "pk": 50,
  "fields": {
    "work": 42,
    "attached_file": "attachments/a7e2fac3aaad4bdba8aa6953b765d5b9/tasks/c53c0df03f224fdeb6ad4752a094eaa5/submissions/IMG20230322143007.jpg"
  }
},
{
  "model": "tasks.workattachment",
  "pk": 51,
  "fields": {
    "work": 42,
    "attached_file": "attachments/a7e2fac3aaad4bdba8aa6953b765d5b9/tasks/c53c0df03f224fdeb6ad4752a094eaa5/submissions/IMG20230322143004.jpg"
  }
},
{
  "model": "tasks.workattachment",
  "pk": 52,
  "fields": {
    "work": 42,
    "attached_file": "attachments/a7e2fac3aaad4bdba8aa6953b765d5b9/tasks/c53c0df03f224fdeb6ad4752a094eaa5/submissions/IMG20230322142958.jpg"
  }
},
{
  "model": "tasks.workattachment",
  "pk": 53,
  "fields": {
    "work": 43,
    "attached_file": "attachments/a7e2fac3aaad4bdba8aa6953b765d5b9/tasks/c53c0df03f224fdeb6ad4752a094eaa5/submissions/Picsart_23-03-22_14-41-47-481.jpg"
  }
},
{
  "model": "tasks.workattachment",
  "pk": 54,
  "fields": {
    "work": 44,
    "attached_file": "attachments/a7e2fac3aaad4bdba8aa6953b765d5b9/tasks/811dc7f37cce489bb8a761cac73975dd/submissions/Different_kinds_of_resistance_level.pdf"
  }
},
{
  "model": "tasks.workattachment",
  "pk": 55,
  "fields": {
    "work": 45,
    "attached_file": "attachments/a7e2fac3aaad4bdba8aa6953b765d5b9/tasks/6a3a423b02f74991b7c7b2ee8e7aff1c/submissions/diode_myxZ92f.rtf"
  }
},
{
  "model": "tasks.workattachment",
  "pk": 56,
  "fields": {
    "work": 46,
    "attached_file": "attachments/a7e2fac3aaad4bdba8aa6953b765d5b9/tasks/811dc7f37cce489bb8a761cac73975dd/submissions/CamScanner_03-22-2023_22.481_1.jpg"
  }
},
{
  "model": "tasks.workattachment",
  "pk": 57,
  "fields": {
    "work": 47,
    "attached_file": "attachments/a7e2fac3aaad4bdba8aa6953b765d5b9/tasks/811dc7f37cce489bb8a761cac73975dd/submissions/assignment_w4.pdf"
  }
},
{
  "model": "tasks.workattachment",
  "pk": 66,
  "fields": {
    "work": 53,
    "attached_file": "attachments/81ae8308bc104c58a3c4e02375036139/tasks/ee45b2fd89464ba18d23b9a02f61912d/submissions/IMG-20230323-WA0000.jpg"
  }
},
{
  "model": "tasks.workattachment",
  "pk": 68,
  "fields": {
    "work": 55,
    "attached_file": "attachments/a7e2fac3aaad4bdba8aa6953b765d5b9/tasks/811dc7f37cce489bb8a761cac73975dd/submissions/Assignment.pdf"
  }
},
{
  "model": "tasks.workattachment",
  "pk": 69,
  "fields": {
    "work": 56,
    "attached_file": "attachments/a7e2fac3aaad4bdba8aa6953b765d5b9/tasks/811dc7f37cce489bb8a761cac73975dd/submissions/DOC-20230323-WA0008..pdf"
  }
},
{
  "model": "tasks.workattachment",
  "pk": 70,
  "fields": {
    "work": 57,
    "attached_file": "attachments/a7e2fac3aaad4bdba8aa6953b765d5b9/tasks/811dc7f37cce489bb8a761cac73975dd/submissions/IndividualAssignment-01.pdf"
  }
},
{
  "model": "tasks.workattachment",
  "pk": 71,
  "fields": {
    "work": 58,
    "attached_file": "attachments/a7e2fac3aaad4bdba8aa6953b765d5b9/tasks/c53c0df03f224fdeb6ad4752a094eaa5/submissions/Rectifier_eqPqBSI.pdf"
  }
},
{
  "model": "tasks.workattachment",
  "pk": 72,
  "fields": {
    "work": 59,
    "attached_file": "attachments/a7e2fac3aaad4bdba8aa6953b765d5b9/tasks/811dc7f37cce489bb8a761cac73975dd/submissions/Individual_task_roll_01.pdf"
  }
},
{
  "model": "tasks.workattachment",
  "pk": 73,
  "fields": {
    "work": 60,
    "attached_file": "attachments/a7e2fac3aaad4bdba8aa6953b765d5b9/tasks/5af5c3f08f9b4a1299ed237e7b27a499/submissions/16797308236379055944161022757867.jpg"
  }
},
{
  "model": "tasks.workattachment",
  "pk": 74,
  "fields": {
    "work": 61,
    "attached_file": "attachments/a7e2fac3aaad4bdba8aa6953b765d5b9/tasks/5af5c3f08f9b4a1299ed237e7b27a499/submissions/w5_ass.pdf"
  }
},
{
  "model": "tasks.workattachment",
  "pk": 75,
  "fields": {
    "work": 62,
    "attached_file": "attachments/a7e2fac3aaad4bdba8aa6953b765d5b9/tasks/5af5c3f08f9b4a1299ed237e7b27a499/submissions/CamScanner_03-25-2023_13.57_1.jpg"
  }
},
{
  "model": "tasks.workattachment",
  "pk": 76,
  "fields": {
    "work": 62,
    "attached_file": "attachments/a7e2fac3aaad4bdba8aa6953b765d5b9/tasks/5af5c3f08f9b4a1299ed237e7b27a499/submissions/CamScanner_03-25-2023_13.57_2.jpg"
  }
},
{
  "model": "tasks.workattachment",
  "pk": 77,
  "fields": {
    "work": 63,
    "attached_file": "attachments/a7e2fac3aaad4bdba8aa6953b765d5b9/tasks/5af5c3f08f9b4a1299ed237e7b27a499/submissions/Image_to_PDF_20230325_13.58.42.pdf"
  }
},
{
  "model": "tasks.workattachment",
  "pk": 78,
  "fields": {
    "work": 64,
    "attached_file": "attachments/a7e2fac3aaad4bdba8aa6953b765d5b9/tasks/5af5c3f08f9b4a1299ed237e7b27a499/submissions/task.pdf"
  }
},
{
  "model": "tasks.workattachment",
  "pk": 79,
  "fields": {
    "work": 65,
    "attached_file": "attachments/a7e2fac3aaad4bdba8aa6953b765d5b9/tasks/5af5c3f08f9b4a1299ed237e7b27a499/submissions/IMG20230325135943.jpg"
  }
},
{
  "model": "tasks.workattachment",
  "pk": 80,
  "fields": {
    "work": 65,
    "attached_file": "attachments/a7e2fac3aaad4bdba8aa6953b765d5b9/tasks/5af5c3f08f9b4a1299ed237e7b27a499/submissions/IMG20230325135952.jpg"
  }
},
{
  "model": "tasks.workattachment",
  "pk": 81,
  "fields": {
    "work": 66,
    "attached_file": "attachments/a7e2fac3aaad4bdba8aa6953b765d5b9/tasks/5af5c3f08f9b4a1299ed237e7b27a499/submissions/Biased_Series__Parallel_Clippers.pdf"
  }
},
{
  "model": "tasks.workattachment",
  "pk": 82,
  "fields": {
    "work": 67,
    "attached_file": "attachments/a7e2fac3aaad4bdba8aa6953b765d5b9/tasks/811dc7f37cce489bb8a761cac73975dd/submissions/Document.rtf"
  }
},
{
  "model": "tasks.workattachment",
  "pk": 84,
  "fields": {
    "work": 69,
    "attached_file": "attachments/a7e2fac3aaad4bdba8aa6953b765d5b9/tasks/6095673dd86f49e693a90dd999787b2e/submissions/IMG20230326001106.jpg"
  }
},
{
  "model": "tasks.workattachment",
  "pk": 85,
  "fields": {
    "work": 70,
    "attached_file": "attachments/a7e2fac3aaad4bdba8aa6953b765d5b9/tasks/6095673dd86f49e693a90dd999787b2e/submissions/CamScanner_03-26-2023_00.47.jpg"
  }
},
{
  "model": "tasks.workattachment",
  "pk": 86,
  "fields": {
    "work": 71,
    "attached_file": "attachments/a7e2fac3aaad4bdba8aa6953b765d5b9/tasks/6095673dd86f49e693a90dd999787b2e/submissions/clipper_ckt_week_5.jpg"
  }
},
{
  "model": "tasks.workattachment",
  "pk": 87,
  "fields": {
    "work": 72,
    "attached_file": "attachments/a7e2fac3aaad4bdba8aa6953b765d5b9/tasks/6095673dd86f49e693a90dd999787b2e/submissions/flippedClassWorkWk5.jpeg"
  }
},
{
  "model": "tasks.workattachment",
  "pk": 88,
  "fields": {
    "work": 73,
    "attached_file": "attachments/a7e2fac3aaad4bdba8aa6953b765d5b9/tasks/6095673dd86f49e693a90dd999787b2e/submissions/41DB0DCD-3668-463C-9CD5-C91E821E023F.jpeg"
  }
},
{
  "model": "tasks.workattachment",
  "pk": 90,
  "fields": {
    "work": 75,
    "attached_file": "attachments/a7e2fac3aaad4bdba8aa6953b765d5b9/tasks/6095673dd86f49e693a90dd999787b2e/submissions/Picsart_23-03-26_12-35-41-236.jpg"
  }
},
{
  "model": "tasks.workattachment",
  "pk": 91,
  "fields": {
    "work": 76,
    "attached_file": "attachments/a7e2fac3aaad4bdba8aa6953b765d5b9/tasks/6095673dd86f49e693a90dd999787b2e/submissions/IMG_20230326_145031.jpg"
  }
},
{
  "model": "tasks.workattachment",
  "pk": 92,
  "fields": {
    "work": 77,
    "attached_file": "attachments/a7e2fac3aaad4bdba8aa6953b765d5b9/tasks/6095673dd86f49e693a90dd999787b2e/submissions/IMG_20230326_161649.jpg"
  }
},
{
  "model": "tasks.workattachment",
  "pk": 93,
  "fields": {
    "work": 78,
    "attached_file": "attachments/a7e2fac3aaad4bdba8aa6953b765d5b9/tasks/6095673dd86f49e693a90dd999787b2e/submissions/PXL_20230326_140633445.jpg"
  }
},
{
  "model": "tasks.workattachment",
  "pk": 94,
  "fields": {
    "work": 79,
    "attached_file": "attachments/a7e2fac3aaad4bdba8aa6953b765d5b9/tasks/6095673dd86f49e693a90dd999787b2e/submissions/CamScanner_03-26-2023_20.51_1.jpg"
  }
},
{
  "model": "tasks.workattachment",
  "pk": 96,
  "fields": {
    "work": 81,
    "attached_file": "attachments/a7e2fac3aaad4bdba8aa6953b765d5b9/tasks/6095673dd86f49e693a90dd999787b2e/submissions/Image_to_PDF_20230326_21.59.09.pdf"
  }
},
{
  "model": "tasks.workattachment",
  "pk": 97,
  "fields": {
    "work": 82,
    "attached_file": "attachments/a7e2fac3aaad4bdba8aa6953b765d5b9/tasks/6095673dd86f49e693a90dd999787b2e/submissions/Circuit.pdf"
  }
},
{
  "model": "tasks.workattachment",
  "pk": 98,
  "fields": {
    "work": 83,
    "attached_file": "attachments/a7e2fac3aaad4bdba8aa6953b765d5b9/tasks/6095673dd86f49e693a90dd999787b2e/submissions/week5.pdf"
  }
},
{
  "model": "tasks.workattachment",
  "pk": 99,
  "fields": {
    "work": 84,
    "attached_file": "attachments/a7e2fac3aaad4bdba8aa6953b765d5b9/tasks/6095673dd86f49e693a90dd999787b2e/submissions/16798492558752607944258555144905.jpg"
  }
},
{
  "model": "tasks.workattachment",
  "pk": 100,
  "fields": {
    "work": 85,
    "attached_file": "attachments/a7e2fac3aaad4bdba8aa6953b765d5b9/tasks/6095673dd86f49e693a90dd999787b2e/submissions/16798497852561802414543368869417.jpg"
  }
},
{
  "model": "tasks.workattachment",
  "pk": 101,
  "fields": {
    "work": 86,
    "attached_file": "attachments/a7e2fac3aaad4bdba8aa6953b765d5b9/tasks/6095673dd86f49e693a90dd999787b2e/submissions/16798647295003757592427712102663.jpg"
  }
},
{
  "model": "tasks.workattachment",
  "pk": 102,
  "fields": {
    "work": 87,
    "attached_file": "attachments/a7e2fac3aaad4bdba8aa6953b765d5b9/tasks/6095673dd86f49e693a90dd999787b2e/submissions/Screenshot_80.png"
  }
},
{
  "model": "tasks.workattachment",
  "pk": 103,
  "fields": {
    "work": 88,
    "attached_file": "attachments/a7e2fac3aaad4bdba8aa6953b765d5b9/tasks/6095673dd86f49e693a90dd999787b2e/submissions/CamScanner_03-27-2023_10.06.jpg"
  }
},
{
  "model": "tasks.workattachment",
  "pk": 106,
  "fields": {
    "work": 91,
    "attached_file": "attachments/a7e2fac3aaad4bdba8aa6953b765d5b9/tasks/78461cdd9cc1485787ee190b60d797e8/submissions/DOC-20230327-WA0008..pdf"
  }
},
{
  "model": "tasks.workattachment",
  "pk": 107,
  "fields": {
    "work": 92,
    "attached_file": "attachments/a7e2fac3aaad4bdba8aa6953b765d5b9/tasks/78461cdd9cc1485787ee190b60d797e8/submissions/climper_group_task.pdf"
  }
},
{
  "model": "tasks.workattachment",
  "pk": 109,
  "fields": {
    "work": 94,
    "attached_file": "attachments/a7e2fac3aaad4bdba8aa6953b765d5b9/tasks/78461cdd9cc1485787ee190b60d797e8/submissions/group_task.pdf"
  }
},
{
  "model": "tasks.workattachment",
  "pk": 110,
  "fields": {
    "work": 95,
    "attached_file": "attachments/a7e2fac3aaad4bdba8aa6953b765d5b9/tasks/78461cdd9cc1485787ee190b60d797e8/submissions/CamScanner_03-27-2023_14.10_1.jpg"
  }
},
{
  "model": "tasks.workattachment",
  "pk": 111,
  "fields": {
    "work": 95,
    "attached_file": "attachments/a7e2fac3aaad4bdba8aa6953b765d5b9/tasks/78461cdd9cc1485787ee190b60d797e8/submissions/CamScanner_03-27-2023_14.10_2.jpg"
  }
},
{
  "model": "tasks.workattachment",
  "pk": 113,
  "fields": {
    "work": 97,
    "attached_file": "attachments/a7e2fac3aaad4bdba8aa6953b765d5b9/tasks/78461cdd9cc1485787ee190b60d797e8/submissions/IMG20230327141649.jpg"
  }
},
{
  "model": "tasks.workattachment",
  "pk": 114,
  "fields": {
    "work": 97,
    "attached_file": "attachments/a7e2fac3aaad4bdba8aa6953b765d5b9/tasks/78461cdd9cc1485787ee190b60d797e8/submissions/IMG20230327141705.jpg"
  }
},
{
  "model": "tasks.workattachment",
  "pk": 115,
  "fields": {
    "work": 98,
    "attached_file": "attachments/a7e2fac3aaad4bdba8aa6953b765d5b9/tasks/78461cdd9cc1485787ee190b60d797e8/submissions/IMG20230327142501.jpg"
  }
},
{
  "model": "tasks.workattachment",
  "pk": 116,
  "fields": {
    "work": 98,
    "attached_file": "attachments/a7e2fac3aaad4bdba8aa6953b765d5b9/tasks/78461cdd9cc1485787ee190b60d797e8/submissions/IMG20230327142455.jpg"
  }
},
{
  "model": "tasks.workattachment",
  "pk": 117,
  "fields": {
    "work": 99,
    "attached_file": "attachments/a7e2fac3aaad4bdba8aa6953b765d5b9/tasks/78461cdd9cc1485787ee190b60d797e8/submissions/InClass_6.pdf"
  }
},
{
  "model": "weekly_test.weeklytest",
  "pk": "055e1f2ad9864ddeb6c25dcf5e175ce0",
  "fields": {
    "weekly": "36669da17aa743e4827493e023e33bfa",
    "title": "Pre class test 6",
    "info": "try to solve in time",
    "preclass": true,
    "inclass": false,
    "postclass": false,
    "duration_seconds": 1500,
    "user": [
      "rnium@aol.com"
    ],
    "schedule": "2023-03-26T17:58:00Z",
    "expiration": "2023-03-27T05:55:00Z",
    "created": "2023-03-26T17:55:40.415Z"
  }
},
{
  "model": "weekly_test.weeklytest",
  "pk": "7000af5a90ef487485a47ceefe021308",
  "fields": {
    "weekly": "e740b33623f5481b9b17a85417d819b7",
    "title": "Pre class test 5",
    "info": "Try to submit in time",
    "preclass": true,
    "inclass": false,
    "postclass": false,
    "duration_seconds": 900,
    "user": [
      "rnium@aol.com"
    ],
    "schedule": "2023-03-24T17:10:00Z",
    "expiration": "2023-03-25T06:00:00Z",
    "created": "2023-03-24T16:51:02.289Z"
  }
},
{
  "model": "weekly_test.weeklytest",
  "pk": "976b86ea3b1d4e179632f16d9d44a79b",
  "fields": {
    "weekly": "010f9e9ae65844b5b97ce4bee279f470",
    "title": "Basics Test 1",
    "info": "answer carefully",
    "preclass": true,
    "inclass": false,
    "postclass": false,
    "duration_seconds": 60,
    "user": [
      "sysadmin@etvetbd.com"
    ],
    "schedule": "2023-03-24T10:15:00Z",
    "expiration": "2023-03-25T10:11:00Z",
    "created": "2023-03-24T10:12:26.769Z"
  }
},
{
  "model": "weekly_test.weeklytest",
  "pk": "aa95a4f9eb4d432bb3a855fd9d1f9286",
  "fields": {
    "weekly": "55f25a334d964a6a81afaab2b67cc9af",
    "title": "Pree class test 3",
    "info": "Try to participate in time",
    "preclass": true,
    "inclass": false,
    "postclass": false,
    "duration_seconds": 600,
    "user": [
      "rnium@aol.com"
    ],
    "schedule": "2023-03-07T16:20:00Z",
    "expiration": "2023-03-08T05:00:00Z",
    "created": "2023-03-07T16:19:12.372Z"
  }
},
{
  "model": "weekly_test.weeklytest",
  "pk": "b6e9ac61bd014bdd9fa704b5b9e86c0c",
  "fields": {
    "weekly": "7f0ce959917f442c931855a89639dd93",
    "title": "test headline 1",
    "info": "do not seek help from others",
    "preclass": true,
    "inclass": false,
    "postclass": false,
    "duration_seconds": 60,
    "user": [
      "skelewit@gmail.com"
    ],
    "schedule": "2023-03-02T13:22:00Z",
    "expiration": "2023-03-03T06:00:00Z",
    "created": "2023-03-02T13:21:29.767Z"
  }
},
{
  "model": "weekly_test.weeklytest",
  "pk": "e7de602c9fbb4954addf369cf9b4483b",
  "fields": {
    "weekly": "9eaa73ea534241df8a49cf7c9cfddd71",
    "title": "pre class test 1",
    "info": "It is just a demo exam",
    "preclass": true,
    "inclass": false,
    "postclass": false,
    "duration_seconds": 720,
    "user": [
      "rnium@aol.com"
    ],
    "schedule": "2023-02-28T16:20:00Z",
    "expiration": "2023-03-01T04:35:00Z",
    "created": "2023-02-28T16:02:49.542Z"
  }
},
{
  "model": "weekly_test.weeklytest",
  "pk": "f72725e912734127adf07ecd164c8d22",
  "fields": {
    "weekly": "4f9b582f97684a8fb09e24cd356f9c13",
    "title": "pre-class test 4",
    "info": "try to complete in time",
    "preclass": true,
    "inclass": false,
    "postclass": false,
    "duration_seconds": 600,
    "user": [
      "rnium@aol.com"
    ],
    "schedule": "2023-03-15T05:25:00Z",
    "expiration": "2023-03-15T17:00:00Z",
    "created": "2023-03-14T17:15:04.700Z"
  }
},
{
  "model": "weekly_test.question",
  "pk": 1,
  "fields": {
    "test": "b6e9ac61bd014bdd9fa704b5b9e86c0c",
    "statement": "q0 statement",
    "marks": 10.0,
    "is_descriptive": false,
    "ans_as_img": false
  }
},
{
  "model": "weekly_test.question",
  "pk": 9,
  "fields": {
    "test": "e7de602c9fbb4954addf369cf9b4483b",
    "statement": "write down your understanding about extrinsic materials;",
    "marks": 5.0,
    "is_descriptive": true,
    "ans_as_img": false
  }
},
{
  "model": "weekly_test.question",
  "pk": 10,
  "fields": {
    "test": "aa95a4f9eb4d432bb3a855fd9d1f9286",
    "statement": "In reverse biased mode, diode current is",
    "marks": 1.0,
    "is_descriptive": false,
    "ans_as_img": false
  }
},
{
  "model": "weekly_test.question",
  "pk": 11,
  "fields": {
    "test": "aa95a4f9eb4d432bb3a855fd9d1f9286",
    "statement": "Ideal diode in forward biased condition, has",
    "marks": 2.0,
    "is_descriptive": false,
    "ans_as_img": false
  }
},
{
  "model": "weekly_test.question",
  "pk": 12,
  "fields": {
    "test": "aa95a4f9eb4d432bb3a855fd9d1f9286",
    "statement": "Zener diode can be used in,",
    "marks": 2.0,
    "is_descriptive": false,
    "ans_as_img": false
  }
},
{
  "model": "weekly_test.question",
  "pk": 13,
  "fields": {
    "test": "aa95a4f9eb4d432bb3a855fd9d1f9286",
    "statement": "Whats your understanding on v-i characteristics curve",
    "marks": 5.0,
    "is_descriptive": true,
    "ans_as_img": true
  }
},
{
  "model": "weekly_test.question",
  "pk": 14,
  "fields": {
    "test": "f72725e912734127adf07ecd164c8d22",
    "statement": "The intersection of load line and characteristic curve is called-",
    "marks": 2.0,
    "is_descriptive": false,
    "ans_as_img": false
  }
},
{
  "model": "weekly_test.question",
  "pk": 15,
  "fields": {
    "test": "f72725e912734127adf07ecd164c8d22",
    "statement": "During negative half cycle , half wave rectifier shows-",
    "marks": 2.0,
    "is_descriptive": false,
    "ans_as_img": false
  }
},
{
  "model": "weekly_test.question",
  "pk": 16,
  "fields": {
    "test": "f72725e912734127adf07ecd164c8d22",
    "statement": "During negative half cycle , full wave rectifier shows-",
    "marks": 2.0,
    "is_descriptive": false,
    "ans_as_img": false
  }
},
{
  "model": "weekly_test.question",
  "pk": 17,
  "fields": {
    "test": "f72725e912734127adf07ecd164c8d22",
    "statement": "Describe the difference of half wave and full wave rectifier shortly",
    "marks": 4.0,
    "is_descriptive": true,
    "ans_as_img": false
  }
},
{
  "model": "weekly_test.question",
  "pk": 18,
  "fields": {
    "test": "976b86ea3b1d4e179632f16d9d44a79b",
    "statement": "what is the context dictionary?",
    "marks": 5.0,
    "is_descriptive": true,
    "ans_as_img": false
  }
},
{
  "model": "weekly_test.question",
  "pk": 19,
  "fields": {
    "test": "976b86ea3b1d4e179632f16d9d44a79b",
    "statement": "which one is not correct?",
    "marks": 5.0,
    "is_descriptive": false,
    "ans_as_img": false
  }
},
{
  "model": "weekly_test.question",
  "pk": 20,
  "fields": {
    "test": "7000af5a90ef487485a47ceefe021308",
    "statement": "Why we use clipper circuit",
    "marks": 2.0,
    "is_descriptive": false,
    "ans_as_img": false
  }
},
{
  "model": "weekly_test.question",
  "pk": 21,
  "fields": {
    "test": "7000af5a90ef487485a47ceefe021308",
    "statement": "A series negaive clipper-",
    "marks": 2.0,
    "is_descriptive": false,
    "ans_as_img": false
  }
},
{
  "model": "weekly_test.question",
  "pk": 22,
  "fields": {
    "test": "7000af5a90ef487485a47ceefe021308",
    "statement": "Write the defination and application of clipper circuit",
    "marks": 3.0,
    "is_descriptive": true,
    "ans_as_img": true
  }
},
{
  "model": "weekly_test.question",
  "pk": 23,
  "fields": {
    "test": "7000af5a90ef487485a47ceefe021308",
    "statement": "Half wave rectifier is a series clipper',  describe the statement",
    "marks": 3.0,
    "is_descriptive": true,
    "ans_as_img": true
  }
},
{
  "model": "weekly_test.question",
  "pk": 24,
  "fields": {
    "test": "055e1f2ad9864ddeb6c25dcf5e175ce0",
    "statement": "Why we use clamper circuit",
    "marks": 2.0,
    "is_descriptive": false,
    "ans_as_img": false
  }
},
{
  "model": "weekly_test.question",
  "pk": 25,
  "fields": {
    "test": "055e1f2ad9864ddeb6c25dcf5e175ce0",
    "statement": "Clamper circuit shift the input waveform through-",
    "marks": 2.0,
    "is_descriptive": false,
    "ans_as_img": false
  }
},
{
  "model": "weekly_test.question",
  "pk": 26,
  "fields": {
    "test": "055e1f2ad9864ddeb6c25dcf5e175ce0",
    "statement": "Write the defination and application of clamper circuit",
    "marks": 4.0,
    "is_descriptive": true,
    "ans_as_img": true
  }
},
{
  "model": "weekly_test.question",
  "pk": 27,
  "fields": {
    "test": "055e1f2ad9864ddeb6c25dcf5e175ce0",
    "statement": "What kinds of element are use in a clamper circuit?",
    "marks": 2.0,
    "is_descriptive": true,
    "ans_as_img": true
  }
},
{
  "model": "weekly_test.mcqoption",
  "pk": 17,
  "fields": {
    "question": 10,
    "option_text": "Zero",
    "is_correct": false
  }
},
{
  "model": "weekly_test.mcqoption",
  "pk": 18,
  "fields": {
    "question": 10,
    "option_text": "Positive",
    "is_correct": false
  }
},
{
  "model": "weekly_test.mcqoption",
  "pk": 19,
  "fields": {
    "question": 10,
    "option_text": "Negative",
    "is_correct": true
  }
},
{
  "model": "weekly_test.mcqoption",
  "pk": 20,
  "fields": {
    "question": 11,
    "option_text": "Zero resistance",
    "is_correct": true
  }
},
{
  "model": "weekly_test.mcqoption",
  "pk": 21,
  "fields": {
    "question": 11,
    "option_text": "Infinity resistance",
    "is_correct": false
  }
},
{
  "model": "weekly_test.mcqoption",
  "pk": 22,
  "fields": {
    "question": 11,
    "option_text": "Defined resistance",
    "is_correct": false
  }
},
{
  "model": "weekly_test.mcqoption",
  "pk": 23,
  "fields": {
    "question": 12,
    "option_text": "Fw direction",
    "is_correct": false
  }
},
{
  "model": "weekly_test.mcqoption",
  "pk": 24,
  "fields": {
    "question": 12,
    "option_text": "Reverse direction",
    "is_correct": false
  }
},
{
  "model": "weekly_test.mcqoption",
  "pk": 25,
  "fields": {
    "question": 12,
    "option_text": "Both direction",
    "is_correct": true
  }
},
{
  "model": "weekly_test.mcqoption",
  "pk": 26,
  "fields": {
    "question": 14,
    "option_text": "operating point",
    "is_correct": true
  }
},
{
  "model": "weekly_test.mcqoption",
  "pk": 27,
  "fields": {
    "question": 14,
    "option_text": "load point",
    "is_correct": false
  }
},
{
  "model": "weekly_test.mcqoption",
  "pk": 28,
  "fields": {
    "question": 14,
    "option_text": "intersection point",
    "is_correct": false
  }
},
{
  "model": "weekly_test.mcqoption",
  "pk": 29,
  "fields": {
    "question": 15,
    "option_text": "negative output",
    "is_correct": false
  }
},
{
  "model": "weekly_test.mcqoption",
  "pk": 30,
  "fields": {
    "question": 15,
    "option_text": "positive output",
    "is_correct": false
  }
},
{
  "model": "weekly_test.mcqoption",
  "pk": 31,
  "fields": {
    "question": 15,
    "option_text": "zero output",
    "is_correct": true
  }
},
{
  "model": "weekly_test.mcqoption",
  "pk": 32,
  "fields": {
    "question": 16,
    "option_text": "negative output",
    "is_correct": false
  }
},
{
  "model": "weekly_test.mcqoption",
  "pk": 33,
  "fields": {
    "question": 16,
    "option_text": "positive output",
    "is_correct": true
  }
},
{
  "model": "weekly_test.mcqoption",
  "pk": 34,
  "fields": {
    "question": 16,
    "option_text": "zero output",
    "is_correct": false
  }
},
{
  "model": "weekly_test.mcqoption",
  "pk": 35,
  "fields": {
    "question": 19,
    "option_text": "get_object_or_404",
    "is_correct": false
  }
},
{
  "model": "weekly_test.mcqoption",
  "pk": 36,
  "fields": {
    "question": 19,
    "option_text": "render",
    "is_correct": false
  }
},
{
  "model": "weekly_test.mcqoption",
  "pk": 37,
  "fields": {
    "question": 19,
    "option_text": "resolve",
    "is_correct": false
  }
},
{
  "model": "weekly_test.mcqoption",
  "pk": 38,
  "fields": {
    "question": 19,
    "option_text": "reload",
    "is_correct": true
  }
},
{
  "model": "weekly_test.mcqoption",
  "pk": 39,
  "fields": {
    "question": 20,
    "option_text": "To remove a portion of input waveform",
    "is_correct": true
  }
},
{
  "model": "weekly_test.mcqoption",
  "pk": 40,
  "fields": {
    "question": 20,
    "option_text": "To shift the input waveform",
    "is_correct": false
  }
},
{
  "model": "weekly_test.mcqoption",
  "pk": 41,
  "fields": {
    "question": 20,
    "option_text": "To amplify the waveform",
    "is_correct": false
  }
},
{
  "model": "weekly_test.mcqoption",
  "pk": 42,
  "fields": {
    "question": 21,
    "option_text": "Remove positive half cycle of AC input signal",
    "is_correct": false
  }
},
{
  "model": "weekly_test.mcqoption",
  "pk": 43,
  "fields": {
    "question": 21,
    "option_text": "Amplify negative half cycle of AC input signal",
    "is_correct": false
  }
},
{
  "model": "weekly_test.mcqoption",
  "pk": 44,
  "fields": {
    "question": 21,
    "option_text": "Remove negative half cycle of AC input signal",
    "is_correct": true
  }
},
{
  "model": "weekly_test.mcqoption",
  "pk": 45,
  "fields": {
    "question": 24,
    "option_text": "To remove a portion of input waveform",
    "is_correct": false
  }
},
{
  "model": "weekly_test.mcqoption",
  "pk": 46,
  "fields": {
    "question": 24,
    "option_text": "To shift the input waveform",
    "is_correct": true
  }
},
{
  "model": "weekly_test.mcqoption",
  "pk": 47,
  "fields": {
    "question": 24,
    "option_text": "To amplify the waveform",
    "is_correct": false
  }
},
{
  "model": "weekly_test.mcqoption",
  "pk": 48,
  "fields": {
    "question": 25,
    "option_text": "magnitude axis(X axis)",
    "is_correct": true
  }
},
{
  "model": "weekly_test.mcqoption",
  "pk": 49,
  "fields": {
    "question": 25,
    "option_text": "Time axis(Y axis)",
    "is_correct": false
  }
},
{
  "model": "weekly_test.mcqoption",
  "pk": 50,
  "fields": {
    "question": 25,
    "option_text": "dont shift the waveform",
    "is_correct": false
  }
},
{
  "model": "weekly_test.answersheet",
  "pk": "01f3fc6b0b474600a7ba7c59f8c465a8",
  "fields": {
    "test": "055e1f2ad9864ddeb6c25dcf5e175ce0",
    "user": [
      "parvezkamaly17@gmail.com"
    ],
    "issue_time": "2023-03-26T18:55:36.730Z",
    "submit_time": "2023-03-26T19:08:07.234Z"
  }
},
{
  "model": "weekly_test.answersheet",
  "pk": "09a270c4729e4b47a14b6a3d453600ce",
  "fields": {
    "test": "aa95a4f9eb4d432bb3a855fd9d1f9286",
    "user": [
      "justabdulazim@gmail.com"
    ],
    "issue_time": "2023-03-08T04:44:07.179Z",
    "submit_time": "2023-03-08T04:47:57.482Z"
  }
},
{
  "model": "weekly_test.answersheet",
  "pk": "0cf9524ce77b48b3b74fe7e9ac882aad",
  "fields": {
    "test": "f72725e912734127adf07ecd164c8d22",
    "user": [
      "keysenov818@gmail.com"
    ],
    "issue_time": "2023-03-15T06:03:55.701Z",
    "submit_time": "2023-03-15T06:13:55.587Z"
  }
},
{
  "model": "weekly_test.answersheet",
  "pk": "0d51bd5d7bcc426a81ddb9271d3687ab",
  "fields": {
    "test": "aa95a4f9eb4d432bb3a855fd9d1f9286",
    "user": [
      "dasanimesh550@gmail.com"
    ],
    "issue_time": "2023-03-07T18:21:44.867Z",
    "submit_time": "2023-03-07T18:31:45.449Z"
  }
},
{
  "model": "weekly_test.answersheet",
  "pk": "10d70dec70954b3c88367654982eb3a5",
  "fields": {
    "test": "055e1f2ad9864ddeb6c25dcf5e175ce0",
    "user": [
      "abirsenrudra2@gmail.com"
    ],
    "issue_time": "2023-03-26T18:05:16.124Z",
    "submit_time": "2023-03-26T18:29:27.796Z"
  }
},
{
  "model": "weekly_test.answersheet",
  "pk": "16d28c1bf6604550bb7e0851fae141e1",
  "fields": {
    "test": "aa95a4f9eb4d432bb3a855fd9d1f9286",
    "user": [
      "abirsenrudra2@gmail.com"
    ],
    "issue_time": "2023-03-08T04:53:13.405Z",
    "submit_time": "2023-03-08T04:58:36.863Z"
  }
},
{
  "model": "weekly_test.answersheet",
  "pk": "17214443ba3241dc934f5d4704211c68",
  "fields": {
    "test": "7000af5a90ef487485a47ceefe021308",
    "user": [
      "masukbillah885@gmail.com"
    ],
    "issue_time": "2023-03-24T17:35:54.287Z",
    "submit_time": "2023-03-24T17:39:07.974Z"
  }
},
{
  "model": "weekly_test.answersheet",
  "pk": "1cdfc47392b54ae1a55a2f4f849c7223",
  "fields": {
    "test": "7000af5a90ef487485a47ceefe021308",
    "user": [
      "abirsenrudra2@gmail.com"
    ],
    "issue_time": "2023-03-24T17:28:55.650Z",
    "submit_time": "2023-03-24T17:43:51.576Z"
  }
},
{
  "model": "weekly_test.answersheet",
  "pk": "1d566845d04b42b6b4255afe11b09a2c",
  "fields": {
    "test": "f72725e912734127adf07ecd164c8d22",
    "user": [
      "parvezkamaly17@gmail.com"
    ],
    "issue_time": "2023-03-15T11:50:22.353Z",
    "submit_time": "2023-03-15T11:56:37.310Z"
  }
},
{
  "model": "weekly_test.answersheet",
  "pk": "1e1c17b64ab34fcd83e88bae34aff1b8",
  "fields": {
    "test": "055e1f2ad9864ddeb6c25dcf5e175ce0",
    "user": [
      "keysenov818@gmail.com"
    ],
    "issue_time": "2023-03-27T01:52:01.934Z",
    "submit_time": "2023-03-27T02:16:32.809Z"
  }
},
{
  "model": "weekly_test.answersheet",
  "pk": "1f75e803547441b9a2b7287e562b2e73",
  "fields": {
    "test": "055e1f2ad9864ddeb6c25dcf5e175ce0",
    "user": [
      "swad2408@gmail.com"
    ],
    "issue_time": "2023-03-26T23:35:48.237Z",
    "submit_time": "2023-03-26T23:53:34.645Z"
  }
},
{
  "model": "weekly_test.answersheet",
  "pk": "20ee13730d654b77b48e3d0d4d462b9f",
  "fields": {
    "test": "055e1f2ad9864ddeb6c25dcf5e175ce0",
    "user": [
      "ah5175584@gmail.com"
    ],
    "issue_time": null,
    "submit_time": null
  }
},
{
  "model": "weekly_test.answersheet",
  "pk": "26fa58ed69ce4475b584ddebfa772fab",
  "fields": {
    "test": "aa95a4f9eb4d432bb3a855fd9d1f9286",
    "user": [
      "adnanjahid420@gmail.com"
    ],
    "issue_time": "2023-03-08T00:35:27.869Z",
    "submit_time": "2023-03-08T00:36:37.001Z"
  }
},
{
  "model": "weekly_test.answersheet",
  "pk": "27b46e4204a14b8b90be9f321a18a2f5",
  "fields": {
    "test": "7000af5a90ef487485a47ceefe021308",
    "user": [
      "abdullahabuhabib@gmail.com"
    ],
    "issue_time": "2023-03-24T19:17:42.166Z",
    "submit_time": "2023-03-24T19:23:30.823Z"
  }
},
{
  "model": "weekly_test.answersheet",
  "pk": "2b58861d67474621b02a3004e54abd1d",
  "fields": {
    "test": "7000af5a90ef487485a47ceefe021308",
    "user": [
      "nusaibanbh1113@gmail.com"
    ],
    "issue_time": "2023-03-24T17:51:39.867Z",
    "submit_time": "2023-03-24T18:01:53.340Z"
  }
},
{
  "model": "weekly_test.answersheet",
  "pk": "2ee05da3e7a7476d9f8bf9f0973d26e3",
  "fields": {
    "test": "aa95a4f9eb4d432bb3a855fd9d1f9286",
    "user": [
      "afa.mahi02@gmail.com"
    ],
    "issue_time": "2023-03-08T04:30:28.849Z",
    "submit_time": "2023-03-08T04:40:54.409Z"
  }
},
{
  "model": "weekly_test.answersheet",
  "pk": "3298dfb6d1254da7a70a0156be67c2f9",
  "fields": {
    "test": "055e1f2ad9864ddeb6c25dcf5e175ce0",
    "user": [
      "farukseceee@gmail.com"
    ],
    "issue_time": "2023-03-27T04:42:24.227Z",
    "submit_time": "2023-03-27T04:59:22.120Z"
  }
},
{
  "model": "weekly_test.answersheet",
  "pk": "3510f97d3b134512ab107079ca48326d",
  "fields": {
    "test": "f72725e912734127adf07ecd164c8d22",
    "user": [
      "scmihad.ac@gmail.com"
    ],
    "issue_time": "2023-03-15T13:21:17.135Z",
    "submit_time": "2023-03-15T13:26:35.192Z"
  }
},
{
  "model": "weekly_test.answersheet",
  "pk": "3a6f8f5f75f44d1192507955035a50c7",
  "fields": {
    "test": "f72725e912734127adf07ecd164c8d22",
    "user": [
      "afa.mahi02@gmail.com"
    ],
    "issue_time": "2023-03-15T16:06:41.221Z",
    "submit_time": "2023-03-15T16:16:44.232Z"
  }
},
{
  "model": "weekly_test.answersheet",
  "pk": "3dd7b5ed66ba411382a65f380fef7260",
  "fields": {
    "test": "aa95a4f9eb4d432bb3a855fd9d1f9286",
    "user": [
      "hamidurrahman2686@gmail.com"
    ],
    "issue_time": "2023-03-08T03:49:48.117Z",
    "submit_time": "2023-03-08T04:02:07.131Z"
  }
},
{
  "model": "weekly_test.answersheet",
  "pk": "43282c76310841f69f252d420afadbce",
  "fields": {
    "test": "7000af5a90ef487485a47ceefe021308",
    "user": [
      "rihasiddika@gmail.com"
    ],
    "issue_time": "2023-03-24T18:00:08.301Z",
    "submit_time": "2023-03-24T18:12:37.540Z"
  }
},
{
  "model": "weekly_test.answersheet",
  "pk": "44b83aab17f341ddb53b37649bd962d4",
  "fields": {
    "test": "f72725e912734127adf07ecd164c8d22",
    "user": [
      "ah5175584@gmail.com"
    ],
    "issue_time": "2023-03-15T13:42:40.444Z",
    "submit_time": "2023-03-15T13:52:15.169Z"
  }
},
{
  "model": "weekly_test.answersheet",
  "pk": "44c34bec96f14e88b40a85b38b6fd1e7",
  "fields": {
    "test": "7000af5a90ef487485a47ceefe021308",
    "user": [
      "ah5175584@gmail.com"
    ],
    "issue_time": "2023-03-24T21:48:11.117Z",
    "submit_time": null
  }
},
{
  "model": "weekly_test.answersheet",
  "pk": "451b0b1ba50f4aa193177c501729b19a",
  "fields": {
    "test": "055e1f2ad9864ddeb6c25dcf5e175ce0",
    "user": [
      "abdullahabuhabib@gmail.com"
    ],
    "issue_time": "2023-03-26T18:01:48.410Z",
    "submit_time": "2023-03-26T18:11:30.055Z"
  }
},
{
  "model": "weekly_test.answersheet",
  "pk": "4dc4a11366de421189d7ee7f24211ad7",
  "fields": {
    "test": "f72725e912734127adf07ecd164c8d22",
    "user": [
      "dasanimesh550@gmail.com"
    ],
    "issue_time": "2023-03-15T15:24:08.707Z",
    "submit_time": "2023-03-15T15:33:59.928Z"
  }
},
{
  "model": "weekly_test.answersheet",
  "pk": "4f9851e8ed624718bf1ff915401995b5",
  "fields": {
    "test": "e7de602c9fbb4954addf369cf9b4483b",
    "user": [
      "scmihad.ac@gmail.com"
    ],
    "issue_time": "2023-02-28T18:32:31.030Z",
    "submit_time": "2023-02-28T18:38:48.509Z"
  }
},
{
  "model": "weekly_test.answersheet",
  "pk": "519106f2d60849d0b5518de89ed6987d",
  "fields": {
    "test": "055e1f2ad9864ddeb6c25dcf5e175ce0",
    "user": [
      "adnanjahid420@gmail.com"
    ],
    "issue_time": "2023-03-27T04:40:02.971Z",
    "submit_time": "2023-03-27T05:01:13.377Z"
  }
},
{
  "model": "weekly_test.answersheet",
  "pk": "528dc1b0b5a2437db26ff33f5486c12e",
  "fields": {
    "test": "055e1f2ad9864ddeb6c25dcf5e175ce0",
    "user": [
      "scmihad.ac@gmail.com"
    ],
    "issue_time": "2023-03-26T20:58:55.405Z",
    "submit_time": "2023-03-26T21:17:12.101Z"
  }
},
{
  "model": "weekly_test.answersheet",
  "pk": "59d0fb23098f4780be1eadda9c0978d2",
  "fields": {
    "test": "7000af5a90ef487485a47ceefe021308",
    "user": [
      "keysenov818@gmail.com"
    ],
    "issue_time": "2023-03-25T05:10:33.598Z",
    "submit_time": "2023-03-25T05:25:43.791Z"
  }
},
{
  "model": "weekly_test.answersheet",
  "pk": "5d28cda6511a4186a9025b7a6beb094a",
  "fields": {
    "test": "055e1f2ad9864ddeb6c25dcf5e175ce0",
    "user": [
      "ah5175584@gmail.com"
    ],
    "issue_time": null,
    "submit_time": null
  }
},
{
  "model": "weekly_test.answersheet",
  "pk": "5e6825f0b75e49f091a71316928931cf",
  "fields": {
    "test": "055e1f2ad9864ddeb6c25dcf5e175ce0",
    "user": [
      "masukbillah885@gmail.com"
    ],
    "issue_time": "2023-03-26T21:58:26.681Z",
    "submit_time": null
  }
},
{
  "model": "weekly_test.answersheet",
  "pk": "5fdd7cf7367946d0bdede72f6389f8d0",
  "fields": {
    "test": "055e1f2ad9864ddeb6c25dcf5e175ce0",
    "user": [
      "ah5175584@gmail.com"
    ],
    "issue_time": "2023-03-27T04:57:26.781Z",
    "submit_time": null
  }
},
{
  "model": "weekly_test.answersheet",
  "pk": "6047f596b93b433bb7a07ac8b20331c0",
  "fields": {
    "test": "055e1f2ad9864ddeb6c25dcf5e175ce0",
    "user": [
      "nusaibanbh1113@gmail.com"
    ],
    "issue_time": "2023-03-26T19:21:19.419Z",
    "submit_time": "2023-03-26T19:46:35.792Z"
  }
},
{
  "model": "weekly_test.answersheet",
  "pk": "64778515005c45ffb09b03192b66c1a3",
  "fields": {
    "test": "aa95a4f9eb4d432bb3a855fd9d1f9286",
    "user": [
      "keysenov818@gmail.com"
    ],
    "issue_time": "2023-03-07T18:20:35.860Z",
    "submit_time": "2023-03-07T18:30:57.293Z"
  }
},
{
  "model": "weekly_test.answersheet",
  "pk": "6616f7fe101f482c8cc45424d5bb3621",
  "fields": {
    "test": "f72725e912734127adf07ecd164c8d22",
    "user": [
      "samiaakterpriya2000@gmail.com"
    ],
    "issue_time": "2023-03-15T14:14:05.903Z",
    "submit_time": "2023-03-15T14:15:29.324Z"
  }
},
{
  "model": "weekly_test.answersheet",
  "pk": "6c3daf9d570b4c00a333d00f500c3c7e",
  "fields": {
    "test": "e7de602c9fbb4954addf369cf9b4483b",
    "user": [
      "abirsenrudra2@gmail.com"
    ],
    "issue_time": "2023-03-01T04:25:12.590Z",
    "submit_time": "2023-03-01T04:27:44.781Z"
  }
},
{
  "model": "weekly_test.answersheet",
  "pk": "6e2acd419f544d77a96e50bbbf0b1595",
  "fields": {
    "test": "055e1f2ad9864ddeb6c25dcf5e175ce0",
    "user": [
      "rihasiddika@gmail.com"
    ],
    "issue_time": "2023-03-26T23:24:06.176Z",
    "submit_time": "2023-03-26T23:35:07.855Z"
  }
},
{
  "model": "weekly_test.answersheet",
  "pk": "711c562529e741b8a302e4821954d1b7",
  "fields": {
    "test": "055e1f2ad9864ddeb6c25dcf5e175ce0",
    "user": [
      "marufchy969@gmail.com"
    ],
    "issue_time": "2023-03-27T04:10:13.109Z",
    "submit_time": "2023-03-27T04:17:59.857Z"
  }
},
{
  "model": "weekly_test.answersheet",
  "pk": "7210729eda3648fa9e1049ef09a043db",
  "fields": {
    "test": "f72725e912734127adf07ecd164c8d22",
    "user": [
      "masukbillah885@gmail.com"
    ],
    "issue_time": "2023-03-15T15:27:30.736Z",
    "submit_time": "2023-03-15T15:33:59.811Z"
  }
},
{
  "model": "weekly_test.answersheet",
  "pk": "7646d219e9084bccbf0cc0d75e901efa",
  "fields": {
    "test": "055e1f2ad9864ddeb6c25dcf5e175ce0",
    "user": [
      "esrailbblhs@gmail.com"
    ],
    "issue_time": "2023-03-26T22:35:31.036Z",
    "submit_time": "2023-03-26T22:45:29.464Z"
  }
},
{
  "model": "weekly_test.answersheet",
  "pk": "7880abc853e04ae7bbdf6479f7756948",
  "fields": {
    "test": "e7de602c9fbb4954addf369cf9b4483b",
    "user": [
      "nusaibanbh1113@gmail.com"
    ],
    "issue_time": "2023-03-01T01:58:12.782Z",
    "submit_time": "2023-03-01T02:03:46.829Z"
  }
},
{
  "model": "weekly_test.answersheet",
  "pk": "78fe13c82f6947d0981dcab9b8a55ab7",
  "fields": {
    "test": "aa95a4f9eb4d432bb3a855fd9d1f9286",
    "user": [
      "farukseceee@gmail.com"
    ],
    "issue_time": "2023-03-08T04:49:35.357Z",
    "submit_time": "2023-03-08T05:00:08.863Z"
  }
},
{
  "model": "weekly_test.answersheet",
  "pk": "8405c7ca2edf4b9c809b78bfcd23682f",
  "fields": {
    "test": "7000af5a90ef487485a47ceefe021308",
    "user": [
      "marufchy969@gmail.com"
    ],
    "issue_time": "2023-03-24T17:39:12.976Z",
    "submit_time": "2023-03-24T17:55:05.827Z"
  }
},
{
  "model": "weekly_test.answersheet",
  "pk": "8578c35b71e4478082bac0dec0651610",
  "fields": {
    "test": "e7de602c9fbb4954addf369cf9b4483b",
    "user": [
      "samiaakterpriya2000@gmail.com"
    ],
    "issue_time": "2023-03-01T01:59:19.703Z",
    "submit_time": null
  }
},
{
  "model": "weekly_test.answersheet",
  "pk": "86788e310033450cb34b55c1e7d5420c",
  "fields": {
    "test": "f72725e912734127adf07ecd164c8d22",
    "user": [
      "abirsenrudra2@gmail.com"
    ],
    "issue_time": "2023-03-15T06:24:57.005Z",
    "submit_time": "2023-03-15T06:33:45.753Z"
  }
},
{
  "model": "weekly_test.answersheet",
  "pk": "8759e318c5494ca78ad574279f7768e2",
  "fields": {
    "test": "7000af5a90ef487485a47ceefe021308",
    "user": [
      "dasanimesh550@gmail.com"
    ],
    "issue_time": "2023-03-24T18:07:52.486Z",
    "submit_time": "2023-03-24T18:22:31.598Z"
  }
},
{
  "model": "weekly_test.answersheet",
  "pk": "8fc856e5bbf0436f9df4a85d34022358",
  "fields": {
    "test": "e7de602c9fbb4954addf369cf9b4483b",
    "user": [
      "ah5175584@gmail.com"
    ],
    "issue_time": "2023-02-28T17:17:12.458Z",
    "submit_time": "2023-02-28T17:27:13.755Z"
  }
},
{
  "model": "weekly_test.answersheet",
  "pk": "91709bad52f94167814db707cff3ebb6",
  "fields": {
    "test": "7000af5a90ef487485a47ceefe021308",
    "user": [
      "scmihad.ac@gmail.com"
    ],
    "issue_time": "2023-03-24T21:25:29.225Z",
    "submit_time": "2023-03-24T21:40:09.406Z"
  }
},
{
  "model": "weekly_test.answersheet",
  "pk": "92ebe0d2cf044a4a9040f18354efa8c6",
  "fields": {
    "test": "e7de602c9fbb4954addf369cf9b4483b",
    "user": [
      "justabdulazim@gmail.com"
    ],
    "issue_time": "2023-02-28T16:27:58.681Z",
    "submit_time": "2023-02-28T16:28:59.203Z"
  }
},
{
  "model": "weekly_test.answersheet",
  "pk": "935b423f63704a8888eec27e2e15f39b",
  "fields": {
    "test": "055e1f2ad9864ddeb6c25dcf5e175ce0",
    "user": [
      "dasanimesh550@gmail.com"
    ],
    "issue_time": "2023-03-27T01:13:04.329Z",
    "submit_time": "2023-03-27T01:33:41.785Z"
  }
},
{
  "model": "weekly_test.answersheet",
  "pk": "95bf3d48223c4f6fa009ea4104ebc8f2",
  "fields": {
    "test": "7000af5a90ef487485a47ceefe021308",
    "user": [
      "parvezkamaly17@gmail.com"
    ],
    "issue_time": "2023-03-24T18:00:53.327Z",
    "submit_time": "2023-03-24T18:11:41.370Z"
  }
},
{
  "model": "weekly_test.answersheet",
  "pk": "a0c4ebacc0c54b89ae485762782bb06f",
  "fields": {
    "test": "976b86ea3b1d4e179632f16d9d44a79b",
    "user": [
      "sirony514@gmail.com"
    ],
    "issue_time": "2023-03-24T16:02:32.659Z",
    "submit_time": "2023-03-24T16:03:34.187Z"
  }
},
{
  "model": "weekly_test.answersheet",
  "pk": "a8b9aa1abd4b47d8946716b35e0b5c8d",
  "fields": {
    "test": "e7de602c9fbb4954addf369cf9b4483b",
    "user": [
      "afa.mahi02@gmail.com"
    ],
    "issue_time": "2023-03-01T04:05:04.688Z",
    "submit_time": "2023-03-01T04:07:09.445Z"
  }
},
{
  "model": "weekly_test.answersheet",
  "pk": "a8e39f28eec041fcaa59e38d9cee6729",
  "fields": {
    "test": "e7de602c9fbb4954addf369cf9b4483b",
    "user": [
      "parvezkamaly17@gmail.com"
    ],
    "issue_time": "2023-02-28T17:05:05.338Z",
    "submit_time": "2023-02-28T17:16:58.263Z"
  }
},
{
  "model": "weekly_test.answersheet",
  "pk": "ab0235616d0e4685a504b56bc5ab50f8",
  "fields": {
    "test": "7000af5a90ef487485a47ceefe021308",
    "user": [
      "justabdulazim@gmail.com"
    ],
    "issue_time": "2023-03-24T17:17:50.026Z",
    "submit_time": "2023-03-24T17:26:35.574Z"
  }
},
{
  "model": "weekly_test.answersheet",
  "pk": "ae3f3589030e40e1a420162649926372",
  "fields": {
    "test": "7000af5a90ef487485a47ceefe021308",
    "user": [
      "hamidurrahman2686@gmail.com"
    ],
    "issue_time": "2023-03-24T22:09:39.173Z",
    "submit_time": "2023-03-24T22:22:58.930Z"
  }
},
{
  "model": "weekly_test.answersheet",
  "pk": "b5047e3b5d454dbab62e63d67aaf7b44",
  "fields": {
    "test": "e7de602c9fbb4954addf369cf9b4483b",
    "user": [
      "masukbillah885@gmail.com"
    ],
    "issue_time": "2023-02-28T16:30:56.836Z",
    "submit_time": "2023-03-01T03:32:29.112Z"
  }
},
{
  "model": "weekly_test.answersheet",
  "pk": "b88b41ddf5fc4341827d4ad9d2755e70",
  "fields": {
    "test": "b6e9ac61bd014bdd9fa704b5b9e86c0c",
    "user": [
      "rnium@aol.com"
    ],
    "issue_time": "2023-03-02T13:22:14.629Z",
    "submit_time": "2023-03-02T13:23:15.486Z"
  }
},
{
  "model": "weekly_test.answersheet",
  "pk": "bbcaa956e2a54386a7e8c552e8b35501",
  "fields": {
    "test": "f72725e912734127adf07ecd164c8d22",
    "user": [
      "rihasiddika@gmail.com"
    ],
    "issue_time": "2023-03-15T14:26:37.981Z",
    "submit_time": "2023-03-15T14:32:09.834Z"
  }
},
{
  "model": "weekly_test.answersheet",
  "pk": "c1431b98d31540948e2be72fc34b1bf4",
  "fields": {
    "test": "e7de602c9fbb4954addf369cf9b4483b",
    "user": [
      "farukseceee@gmail.com"
    ],
    "issue_time": "2023-03-01T03:29:59.942Z",
    "submit_time": "2023-03-01T03:40:22.107Z"
  }
},
{
  "model": "weekly_test.answersheet",
  "pk": "c1c8e4f0c8ca4fbebf39caa327341aca",
  "fields": {
    "test": "f72725e912734127adf07ecd164c8d22",
    "user": [
      "justabdulazim@gmail.com"
    ],
    "issue_time": "2023-03-15T09:22:33.306Z",
    "submit_time": "2023-03-15T09:27:22.263Z"
  }
},
{
  "model": "weekly_test.answersheet",
  "pk": "c460a6bc8ed84baa991cfbb2d01f576e",
  "fields": {
    "test": "055e1f2ad9864ddeb6c25dcf5e175ce0",
    "user": [
      "samiaakterpriya2000@gmail.com"
    ],
    "issue_time": "2023-03-26T18:10:29.866Z",
    "submit_time": "2023-03-26T18:11:55.479Z"
  }
},
{
  "model": "weekly_test.answersheet",
  "pk": "d2c853564c9d44d0b2e077b85f6b4791",
  "fields": {
    "test": "055e1f2ad9864ddeb6c25dcf5e175ce0",
    "user": [
      "hamidurrahman2686@gmail.com"
    ],
    "issue_time": "2023-03-27T03:50:25.918Z",
    "submit_time": "2023-03-27T04:10:19.104Z"
  }
},
{
  "model": "weekly_test.answersheet",
  "pk": "d3204a168ef04d33b138ba1993a3f628",
  "fields": {
    "test": "e7de602c9fbb4954addf369cf9b4483b",
    "user": [
      "dasanimesh550@gmail.com"
    ],
    "issue_time": "2023-02-28T16:28:34.030Z",
    "submit_time": "2023-02-28T16:29:34.189Z"
  }
},
{
  "model": "weekly_test.answersheet",
  "pk": "e113352c41a64ac09ae35bbbff602bd1",
  "fields": {
    "test": "7000af5a90ef487485a47ceefe021308",
    "user": [
      "esrailbblhs@gmail.com"
    ],
    "issue_time": "2023-03-25T04:44:12.616Z",
    "submit_time": "2023-03-25T04:56:01.789Z"
  }
},
{
  "model": "weekly_test.answersheet",
  "pk": "e76dac4e41974a91af4ee490fbcf0cb7",
  "fields": {
    "test": "7000af5a90ef487485a47ceefe021308",
    "user": [
      "afa.mahi02@gmail.com"
    ],
    "issue_time": "2023-03-25T05:01:46.976Z",
    "submit_time": "2023-03-25T05:12:37.615Z"
  }
},
{
  "model": "weekly_test.answersheet",
  "pk": "ec237e69b19b4a97be5b50cd6b4feb8b",
  "fields": {
    "test": "f72725e912734127adf07ecd164c8d22",
    "user": [
      "hamidurrahman2686@gmail.com"
    ],
    "issue_time": "2023-03-15T15:42:36.446Z",
    "submit_time": "2023-03-15T15:49:51.469Z"
  }
},
{
  "model": "weekly_test.answersheet",
  "pk": "ef81169a291b483297f48e062a93ebb2",
  "fields": {
    "test": "7000af5a90ef487485a47ceefe021308",
    "user": [
      "farukseceee@gmail.com"
    ],
    "issue_time": "2023-03-24T18:50:50.157Z",
    "submit_time": "2023-03-24T19:04:18.472Z"
  }
},
{
  "model": "weekly_test.answersheet",
  "pk": "efc4259e79114da986fa3cdf8e13bd21",
  "fields": {
    "test": "e7de602c9fbb4954addf369cf9b4483b",
    "user": [
      "hamidurrahman2686@gmail.com"
    ],
    "issue_time": "2023-02-28T18:36:26.784Z",
    "submit_time": "2023-02-28T18:38:34.009Z"
  }
},
{
  "model": "weekly_test.answersheet",
  "pk": "f3d0add7413c4be0825e2a3c9fd3315d",
  "fields": {
    "test": "7000af5a90ef487485a47ceefe021308",
    "user": [
      "adnanjahid420@gmail.com"
    ],
    "issue_time": "2023-03-25T05:14:08.999Z",
    "submit_time": "2023-03-25T05:26:51.856Z"
  }
},
{
  "model": "weekly_test.answersheet",
  "pk": "f43e31f0bb6b411f95d32232c2a4bba5",
  "fields": {
    "test": "7000af5a90ef487485a47ceefe021308",
    "user": [
      "samiaakterpriya2000@gmail.com"
    ],
    "issue_time": "2023-03-25T05:49:40.381Z",
    "submit_time": "2023-03-25T05:50:18.139Z"
  }
},
{
  "model": "weekly_test.answersheet",
  "pk": "fae140fddb7745d5bf3b9e4a9361cb34",
  "fields": {
    "test": "aa95a4f9eb4d432bb3a855fd9d1f9286",
    "user": [
      "parvezkamaly17@gmail.com"
    ],
    "issue_time": "2023-03-07T18:20:25.541Z",
    "submit_time": "2023-03-07T18:32:35.183Z"
  }
},
{
  "model": "weekly_test.answersheet",
  "pk": "fe68f12ff98f4f1ba17f39a8a4a5cea8",
  "fields": {
    "test": "e7de602c9fbb4954addf369cf9b4483b",
    "user": [
      "esrailbblhs@gmail.com"
    ],
    "issue_time": "2023-02-28T17:31:08.465Z",
    "submit_time": "2023-02-28T17:36:24.772Z"
  }
},
{
  "model": "weekly_test.mcqanswer",
  "pk": 28,
  "fields": {
    "question": 10,
    "answer_sheet": "64778515005c45ffb09b03192b66c1a3",
    "option_chosen": 17,
    "submission_time": "2023-03-07T18:30:57.270Z"
  }
},
{
  "model": "weekly_test.mcqanswer",
  "pk": 29,
  "fields": {
    "question": 11,
    "answer_sheet": "64778515005c45ffb09b03192b66c1a3",
    "option_chosen": 20,
    "submission_time": "2023-03-07T18:30:57.279Z"
  }
},
{
  "model": "weekly_test.mcqanswer",
  "pk": 30,
  "fields": {
    "question": 12,
    "answer_sheet": "64778515005c45ffb09b03192b66c1a3",
    "option_chosen": 25,
    "submission_time": "2023-03-07T18:30:57.286Z"
  }
},
{
  "model": "weekly_test.mcqanswer",
  "pk": 31,
  "fields": {
    "question": 10,
    "answer_sheet": "0d51bd5d7bcc426a81ddb9271d3687ab",
    "option_chosen": 17,
    "submission_time": "2023-03-07T18:31:45.424Z"
  }
},
{
  "model": "weekly_test.mcqanswer",
  "pk": 32,
  "fields": {
    "question": 11,
    "answer_sheet": "0d51bd5d7bcc426a81ddb9271d3687ab",
    "option_chosen": 20,
    "submission_time": "2023-03-07T18:31:45.431Z"
  }
},
{
  "model": "weekly_test.mcqanswer",
  "pk": 33,
  "fields": {
    "question": 12,
    "answer_sheet": "0d51bd5d7bcc426a81ddb9271d3687ab",
    "option_chosen": 25,
    "submission_time": "2023-03-07T18:31:45.443Z"
  }
},
{
  "model": "weekly_test.mcqanswer",
  "pk": 34,
  "fields": {
    "question": 10,
    "answer_sheet": "26fa58ed69ce4475b584ddebfa772fab",
    "option_chosen": 17,
    "submission_time": "2023-03-08T00:36:36.968Z"
  }
},
{
  "model": "weekly_test.mcqanswer",
  "pk": 35,
  "fields": {
    "question": 11,
    "answer_sheet": "26fa58ed69ce4475b584ddebfa772fab",
    "option_chosen": 20,
    "submission_time": "2023-03-08T00:36:36.979Z"
  }
},
{
  "model": "weekly_test.mcqanswer",
  "pk": 36,
  "fields": {
    "question": 12,
    "answer_sheet": "26fa58ed69ce4475b584ddebfa772fab",
    "option_chosen": 25,
    "submission_time": "2023-03-08T00:36:36.993Z"
  }
},
{
  "model": "weekly_test.mcqanswer",
  "pk": 37,
  "fields": {
    "question": 10,
    "answer_sheet": "3dd7b5ed66ba411382a65f380fef7260",
    "option_chosen": 17,
    "submission_time": "2023-03-08T04:02:07.114Z"
  }
},
{
  "model": "weekly_test.mcqanswer",
  "pk": 38,
  "fields": {
    "question": 11,
    "answer_sheet": "3dd7b5ed66ba411382a65f380fef7260",
    "option_chosen": 20,
    "submission_time": "2023-03-08T04:02:07.122Z"
  }
},
{
  "model": "weekly_test.mcqanswer",
  "pk": 39,
  "fields": {
    "question": 12,
    "answer_sheet": "3dd7b5ed66ba411382a65f380fef7260",
    "option_chosen": 25,
    "submission_time": "2023-03-08T04:02:07.126Z"
  }
},
{
  "model": "weekly_test.mcqanswer",
  "pk": 40,
  "fields": {
    "question": 10,
    "answer_sheet": "2ee05da3e7a7476d9f8bf9f0973d26e3",
    "option_chosen": 19,
    "submission_time": "2023-03-08T04:40:54.332Z"
  }
},
{
  "model": "weekly_test.mcqanswer",
  "pk": 41,
  "fields": {
    "question": 11,
    "answer_sheet": "2ee05da3e7a7476d9f8bf9f0973d26e3",
    "option_chosen": 20,
    "submission_time": "2023-03-08T04:40:54.343Z"
  }
},
{
  "model": "weekly_test.mcqanswer",
  "pk": 42,
  "fields": {
    "question": 12,
    "answer_sheet": "2ee05da3e7a7476d9f8bf9f0973d26e3",
    "option_chosen": 24,
    "submission_time": "2023-03-08T04:40:54.348Z"
  }
},
{
  "model": "weekly_test.mcqanswer",
  "pk": 43,
  "fields": {
    "question": 10,
    "answer_sheet": "09a270c4729e4b47a14b6a3d453600ce",
    "option_chosen": 17,
    "submission_time": "2023-03-08T04:47:57.463Z"
  }
},
{
  "model": "weekly_test.mcqanswer",
  "pk": 44,
  "fields": {
    "question": 11,
    "answer_sheet": "09a270c4729e4b47a14b6a3d453600ce",
    "option_chosen": 20,
    "submission_time": "2023-03-08T04:47:57.471Z"
  }
},
{
  "model": "weekly_test.mcqanswer",
  "pk": 45,
  "fields": {
    "question": 12,
    "answer_sheet": "09a270c4729e4b47a14b6a3d453600ce",
    "option_chosen": 25,
    "submission_time": "2023-03-08T04:47:57.477Z"
  }
},
{
  "model": "weekly_test.mcqanswer",
  "pk": 46,
  "fields": {
    "question": 10,
    "answer_sheet": "16d28c1bf6604550bb7e0851fae141e1",
    "option_chosen": 17,
    "submission_time": "2023-03-08T04:58:36.842Z"
  }
},
{
  "model": "weekly_test.mcqanswer",
  "pk": 47,
  "fields": {
    "question": 11,
    "answer_sheet": "16d28c1bf6604550bb7e0851fae141e1",
    "option_chosen": 20,
    "submission_time": "2023-03-08T04:58:36.849Z"
  }
},
{
  "model": "weekly_test.mcqanswer",
  "pk": 48,
  "fields": {
    "question": 12,
    "answer_sheet": "16d28c1bf6604550bb7e0851fae141e1",
    "option_chosen": 25,
    "submission_time": "2023-03-08T04:58:36.854Z"
  }
},
{
  "model": "weekly_test.mcqanswer",
  "pk": 49,
  "fields": {
    "question": 10,
    "answer_sheet": "78fe13c82f6947d0981dcab9b8a55ab7",
    "option_chosen": 19,
    "submission_time": "2023-03-08T05:00:08.761Z"
  }
},
{
  "model": "weekly_test.mcqanswer",
  "pk": 50,
  "fields": {
    "question": 11,
    "answer_sheet": "78fe13c82f6947d0981dcab9b8a55ab7",
    "option_chosen": 20,
    "submission_time": "2023-03-08T05:00:08.804Z"
  }
},
{
  "model": "weekly_test.mcqanswer",
  "pk": 51,
  "fields": {
    "question": 14,
    "answer_sheet": "0cf9524ce77b48b3b74fe7e9ac882aad",
    "option_chosen": 26,
    "submission_time": "2023-03-15T06:13:55.473Z"
  }
},
{
  "model": "weekly_test.mcqanswer",
  "pk": 52,
  "fields": {
    "question": 15,
    "answer_sheet": "0cf9524ce77b48b3b74fe7e9ac882aad",
    "option_chosen": 31,
    "submission_time": "2023-03-15T06:13:55.545Z"
  }
},
{
  "model": "weekly_test.mcqanswer",
  "pk": 53,
  "fields": {
    "question": 16,
    "answer_sheet": "0cf9524ce77b48b3b74fe7e9ac882aad",
    "option_chosen": 33,
    "submission_time": "2023-03-15T06:13:55.577Z"
  }
},
{
  "model": "weekly_test.mcqanswer",
  "pk": 54,
  "fields": {
    "question": 14,
    "answer_sheet": "86788e310033450cb34b55c1e7d5420c",
    "option_chosen": 26,
    "submission_time": "2023-03-15T06:33:45.704Z"
  }
},
{
  "model": "weekly_test.mcqanswer",
  "pk": 55,
  "fields": {
    "question": 15,
    "answer_sheet": "86788e310033450cb34b55c1e7d5420c",
    "option_chosen": 29,
    "submission_time": "2023-03-15T06:33:45.716Z"
  }
},
{
  "model": "weekly_test.mcqanswer",
  "pk": 56,
  "fields": {
    "question": 16,
    "answer_sheet": "86788e310033450cb34b55c1e7d5420c",
    "option_chosen": 33,
    "submission_time": "2023-03-15T06:33:45.728Z"
  }
},
{
  "model": "weekly_test.mcqanswer",
  "pk": 57,
  "fields": {
    "question": 14,
    "answer_sheet": "c1c8e4f0c8ca4fbebf39caa327341aca",
    "option_chosen": 26,
    "submission_time": "2023-03-15T09:27:22.222Z"
  }
},
{
  "model": "weekly_test.mcqanswer",
  "pk": 58,
  "fields": {
    "question": 15,
    "answer_sheet": "c1c8e4f0c8ca4fbebf39caa327341aca",
    "option_chosen": 31,
    "submission_time": "2023-03-15T09:27:22.233Z"
  }
},
{
  "model": "weekly_test.mcqanswer",
  "pk": 59,
  "fields": {
    "question": 16,
    "answer_sheet": "c1c8e4f0c8ca4fbebf39caa327341aca",
    "option_chosen": 33,
    "submission_time": "2023-03-15T09:27:22.241Z"
  }
},
{
  "model": "weekly_test.mcqanswer",
  "pk": 60,
  "fields": {
    "question": 14,
    "answer_sheet": "1d566845d04b42b6b4255afe11b09a2c",
    "option_chosen": 26,
    "submission_time": "2023-03-15T11:56:37.282Z"
  }
},
{
  "model": "weekly_test.mcqanswer",
  "pk": 61,
  "fields": {
    "question": 15,
    "answer_sheet": "1d566845d04b42b6b4255afe11b09a2c",
    "option_chosen": 31,
    "submission_time": "2023-03-15T11:56:37.290Z"
  }
},
{
  "model": "weekly_test.mcqanswer",
  "pk": 62,
  "fields": {
    "question": 16,
    "answer_sheet": "1d566845d04b42b6b4255afe11b09a2c",
    "option_chosen": 33,
    "submission_time": "2023-03-15T11:56:37.296Z"
  }
},
{
  "model": "weekly_test.mcqanswer",
  "pk": 63,
  "fields": {
    "question": 14,
    "answer_sheet": "3510f97d3b134512ab107079ca48326d",
    "option_chosen": 26,
    "submission_time": "2023-03-15T13:26:35.151Z"
  }
},
{
  "model": "weekly_test.mcqanswer",
  "pk": 64,
  "fields": {
    "question": 15,
    "answer_sheet": "3510f97d3b134512ab107079ca48326d",
    "option_chosen": 29,
    "submission_time": "2023-03-15T13:26:35.163Z"
  }
},
{
  "model": "weekly_test.mcqanswer",
  "pk": 65,
  "fields": {
    "question": 16,
    "answer_sheet": "3510f97d3b134512ab107079ca48326d",
    "option_chosen": 33,
    "submission_time": "2023-03-15T13:26:35.173Z"
  }
},
{
  "model": "weekly_test.mcqanswer",
  "pk": 66,
  "fields": {
    "question": 14,
    "answer_sheet": "44b83aab17f341ddb53b37649bd962d4",
    "option_chosen": 26,
    "submission_time": "2023-03-15T13:52:15.148Z"
  }
},
{
  "model": "weekly_test.mcqanswer",
  "pk": 67,
  "fields": {
    "question": 15,
    "answer_sheet": "44b83aab17f341ddb53b37649bd962d4",
    "option_chosen": 29,
    "submission_time": "2023-03-15T13:52:15.156Z"
  }
},
{
  "model": "weekly_test.mcqanswer",
  "pk": 68,
  "fields": {
    "question": 16,
    "answer_sheet": "44b83aab17f341ddb53b37649bd962d4",
    "option_chosen": 34,
    "submission_time": "2023-03-15T13:52:15.162Z"
  }
},
{
  "model": "weekly_test.mcqanswer",
  "pk": 69,
  "fields": {
    "question": 14,
    "answer_sheet": "6616f7fe101f482c8cc45424d5bb3621",
    "option_chosen": 26,
    "submission_time": "2023-03-15T14:15:29.303Z"
  }
},
{
  "model": "weekly_test.mcqanswer",
  "pk": 70,
  "fields": {
    "question": 15,
    "answer_sheet": "6616f7fe101f482c8cc45424d5bb3621",
    "option_chosen": 31,
    "submission_time": "2023-03-15T14:15:29.311Z"
  }
},
{
  "model": "weekly_test.mcqanswer",
  "pk": 71,
  "fields": {
    "question": 16,
    "answer_sheet": "6616f7fe101f482c8cc45424d5bb3621",
    "option_chosen": 33,
    "submission_time": "2023-03-15T14:15:29.319Z"
  }
},
{
  "model": "weekly_test.mcqanswer",
  "pk": 72,
  "fields": {
    "question": 14,
    "answer_sheet": "bbcaa956e2a54386a7e8c552e8b35501",
    "option_chosen": 26,
    "submission_time": "2023-03-15T14:32:09.796Z"
  }
},
{
  "model": "weekly_test.mcqanswer",
  "pk": 73,
  "fields": {
    "question": 15,
    "answer_sheet": "bbcaa956e2a54386a7e8c552e8b35501",
    "option_chosen": 31,
    "submission_time": "2023-03-15T14:32:09.805Z"
  }
},
{
  "model": "weekly_test.mcqanswer",
  "pk": 74,
  "fields": {
    "question": 16,
    "answer_sheet": "bbcaa956e2a54386a7e8c552e8b35501",
    "option_chosen": 32,
    "submission_time": "2023-03-15T14:32:09.814Z"
  }
},
{
  "model": "weekly_test.mcqanswer",
  "pk": 75,
  "fields": {
    "question": 14,
    "answer_sheet": "7210729eda3648fa9e1049ef09a043db",
    "option_chosen": 26,
    "submission_time": "2023-03-15T15:33:59.779Z"
  }
},
{
  "model": "weekly_test.mcqanswer",
  "pk": 76,
  "fields": {
    "question": 15,
    "answer_sheet": "7210729eda3648fa9e1049ef09a043db",
    "option_chosen": 30,
    "submission_time": "2023-03-15T15:33:59.789Z"
  }
},
{
  "model": "weekly_test.mcqanswer",
  "pk": 77,
  "fields": {
    "question": 16,
    "answer_sheet": "7210729eda3648fa9e1049ef09a043db",
    "option_chosen": 33,
    "submission_time": "2023-03-15T15:33:59.802Z"
  }
},
{
  "model": "weekly_test.mcqanswer",
  "pk": 78,
  "fields": {
    "question": 14,
    "answer_sheet": "4dc4a11366de421189d7ee7f24211ad7",
    "option_chosen": 26,
    "submission_time": "2023-03-15T15:33:59.879Z"
  }
},
{
  "model": "weekly_test.mcqanswer",
  "pk": 79,
  "fields": {
    "question": 15,
    "answer_sheet": "4dc4a11366de421189d7ee7f24211ad7",
    "option_chosen": 31,
    "submission_time": "2023-03-15T15:33:59.907Z"
  }
},
{
  "model": "weekly_test.mcqanswer",
  "pk": 80,
  "fields": {
    "question": 16,
    "answer_sheet": "4dc4a11366de421189d7ee7f24211ad7",
    "option_chosen": 33,
    "submission_time": "2023-03-15T15:33:59.914Z"
  }
},
{
  "model": "weekly_test.mcqanswer",
  "pk": 81,
  "fields": {
    "question": 14,
    "answer_sheet": "ec237e69b19b4a97be5b50cd6b4feb8b",
    "option_chosen": 26,
    "submission_time": "2023-03-15T15:49:51.438Z"
  }
},
{
  "model": "weekly_test.mcqanswer",
  "pk": 82,
  "fields": {
    "question": 15,
    "answer_sheet": "ec237e69b19b4a97be5b50cd6b4feb8b",
    "option_chosen": 29,
    "submission_time": "2023-03-15T15:49:51.447Z"
  }
},
{
  "model": "weekly_test.mcqanswer",
  "pk": 83,
  "fields": {
    "question": 16,
    "answer_sheet": "ec237e69b19b4a97be5b50cd6b4feb8b",
    "option_chosen": 34,
    "submission_time": "2023-03-15T15:49:51.455Z"
  }
},
{
  "model": "weekly_test.mcqanswer",
  "pk": 84,
  "fields": {
    "question": 14,
    "answer_sheet": "3a6f8f5f75f44d1192507955035a50c7",
    "option_chosen": 26,
    "submission_time": "2023-03-15T16:16:44.214Z"
  }
},
{
  "model": "weekly_test.mcqanswer",
  "pk": 85,
  "fields": {
    "question": 15,
    "answer_sheet": "3a6f8f5f75f44d1192507955035a50c7",
    "option_chosen": 29,
    "submission_time": "2023-03-15T16:16:44.220Z"
  }
},
{
  "model": "weekly_test.mcqanswer",
  "pk": 86,
  "fields": {
    "question": 16,
    "answer_sheet": "3a6f8f5f75f44d1192507955035a50c7",
    "option_chosen": 32,
    "submission_time": "2023-03-15T16:16:44.226Z"
  }
},
{
  "model": "weekly_test.mcqanswer",
  "pk": 87,
  "fields": {
    "question": 19,
    "answer_sheet": "a0c4ebacc0c54b89ae485762782bb06f",
    "option_chosen": 38,
    "submission_time": "2023-03-24T16:03:34.181Z"
  }
},
{
  "model": "weekly_test.mcqanswer",
  "pk": 88,
  "fields": {
    "question": 20,
    "answer_sheet": "ab0235616d0e4685a504b56bc5ab50f8",
    "option_chosen": 39,
    "submission_time": "2023-03-24T17:26:35.390Z"
  }
},
{
  "model": "weekly_test.mcqanswer",
  "pk": 89,
  "fields": {
    "question": 21,
    "answer_sheet": "ab0235616d0e4685a504b56bc5ab50f8",
    "option_chosen": 44,
    "submission_time": "2023-03-24T17:26:35.415Z"
  }
},
{
  "model": "weekly_test.mcqanswer",
  "pk": 90,
  "fields": {
    "question": 20,
    "answer_sheet": "17214443ba3241dc934f5d4704211c68",
    "option_chosen": 39,
    "submission_time": "2023-03-24T17:39:07.961Z"
  }
},
{
  "model": "weekly_test.mcqanswer",
  "pk": 91,
  "fields": {
    "question": 21,
    "answer_sheet": "17214443ba3241dc934f5d4704211c68",
    "option_chosen": 42,
    "submission_time": "2023-03-24T17:39:07.969Z"
  }
},
{
  "model": "weekly_test.mcqanswer",
  "pk": 92,
  "fields": {
    "question": 20,
    "answer_sheet": "1cdfc47392b54ae1a55a2f4f849c7223",
    "option_chosen": 39,
    "submission_time": "2023-03-24T17:43:51.542Z"
  }
},
{
  "model": "weekly_test.mcqanswer",
  "pk": 93,
  "fields": {
    "question": 21,
    "answer_sheet": "1cdfc47392b54ae1a55a2f4f849c7223",
    "option_chosen": 43,
    "submission_time": "2023-03-24T17:43:51.557Z"
  }
},
{
  "model": "weekly_test.mcqanswer",
  "pk": 94,
  "fields": {
    "question": 20,
    "answer_sheet": "8405c7ca2edf4b9c809b78bfcd23682f",
    "option_chosen": 39,
    "submission_time": "2023-03-24T17:55:05.813Z"
  }
},
{
  "model": "weekly_test.mcqanswer",
  "pk": 95,
  "fields": {
    "question": 21,
    "answer_sheet": "8405c7ca2edf4b9c809b78bfcd23682f",
    "option_chosen": 44,
    "submission_time": "2023-03-24T17:55:05.821Z"
  }
},
{
  "model": "weekly_test.mcqanswer",
  "pk": 96,
  "fields": {
    "question": 20,
    "answer_sheet": "2b58861d67474621b02a3004e54abd1d",
    "option_chosen": 39,
    "submission_time": "2023-03-24T18:01:53.287Z"
  }
},
{
  "model": "weekly_test.mcqanswer",
  "pk": 97,
  "fields": {
    "question": 21,
    "answer_sheet": "2b58861d67474621b02a3004e54abd1d",
    "option_chosen": 44,
    "submission_time": "2023-03-24T18:01:53.324Z"
  }
},
{
  "model": "weekly_test.mcqanswer",
  "pk": 98,
  "fields": {
    "question": 20,
    "answer_sheet": "95bf3d48223c4f6fa009ea4104ebc8f2",
    "option_chosen": 39,
    "submission_time": "2023-03-24T18:11:41.337Z"
  }
},
{
  "model": "weekly_test.mcqanswer",
  "pk": 99,
  "fields": {
    "question": 21,
    "answer_sheet": "95bf3d48223c4f6fa009ea4104ebc8f2",
    "option_chosen": 44,
    "submission_time": "2023-03-24T18:11:41.350Z"
  }
},
{
  "model": "weekly_test.mcqanswer",
  "pk": 100,
  "fields": {
    "question": 20,
    "answer_sheet": "43282c76310841f69f252d420afadbce",
    "option_chosen": 39,
    "submission_time": "2023-03-24T18:12:37.461Z"
  }
},
{
  "model": "weekly_test.mcqanswer",
  "pk": 101,
  "fields": {
    "question": 21,
    "answer_sheet": "43282c76310841f69f252d420afadbce",
    "option_chosen": 44,
    "submission_time": "2023-03-24T18:12:37.471Z"
  }
},
{
  "model": "weekly_test.mcqanswer",
  "pk": 102,
  "fields": {
    "question": 20,
    "answer_sheet": "ef81169a291b483297f48e062a93ebb2",
    "option_chosen": 39,
    "submission_time": "2023-03-24T19:04:18.407Z"
  }
},
{
  "model": "weekly_test.mcqanswer",
  "pk": 103,
  "fields": {
    "question": 21,
    "answer_sheet": "ef81169a291b483297f48e062a93ebb2",
    "option_chosen": 44,
    "submission_time": "2023-03-24T19:04:18.425Z"
  }
},
{
  "model": "weekly_test.mcqanswer",
  "pk": 104,
  "fields": {
    "question": 20,
    "answer_sheet": "27b46e4204a14b8b90be9f321a18a2f5",
    "option_chosen": 39,
    "submission_time": "2023-03-24T19:23:30.805Z"
  }
},
{
  "model": "weekly_test.mcqanswer",
  "pk": 105,
  "fields": {
    "question": 21,
    "answer_sheet": "27b46e4204a14b8b90be9f321a18a2f5",
    "option_chosen": 44,
    "submission_time": "2023-03-24T19:23:30.811Z"
  }
},
{
  "model": "weekly_test.mcqanswer",
  "pk": 106,
  "fields": {
    "question": 20,
    "answer_sheet": "91709bad52f94167814db707cff3ebb6",
    "option_chosen": 39,
    "submission_time": "2023-03-24T21:40:09.365Z"
  }
},
{
  "model": "weekly_test.mcqanswer",
  "pk": 107,
  "fields": {
    "question": 21,
    "answer_sheet": "91709bad52f94167814db707cff3ebb6",
    "option_chosen": 44,
    "submission_time": "2023-03-24T21:40:09.380Z"
  }
},
{
  "model": "weekly_test.mcqanswer",
  "pk": 108,
  "fields": {
    "question": 20,
    "answer_sheet": "ae3f3589030e40e1a420162649926372",
    "option_chosen": 39,
    "submission_time": "2023-03-24T22:22:58.906Z"
  }
},
{
  "model": "weekly_test.mcqanswer",
  "pk": 109,
  "fields": {
    "question": 21,
    "answer_sheet": "ae3f3589030e40e1a420162649926372",
    "option_chosen": 44,
    "submission_time": "2023-03-24T22:22:58.913Z"
  }
},
{
  "model": "weekly_test.mcqanswer",
  "pk": 110,
  "fields": {
    "question": 20,
    "answer_sheet": "e113352c41a64ac09ae35bbbff602bd1",
    "option_chosen": 39,
    "submission_time": "2023-03-25T04:56:01.764Z"
  }
},
{
  "model": "weekly_test.mcqanswer",
  "pk": 111,
  "fields": {
    "question": 21,
    "answer_sheet": "e113352c41a64ac09ae35bbbff602bd1",
    "option_chosen": 42,
    "submission_time": "2023-03-25T04:56:01.770Z"
  }
},
{
  "model": "weekly_test.mcqanswer",
  "pk": 112,
  "fields": {
    "question": 20,
    "answer_sheet": "e76dac4e41974a91af4ee490fbcf0cb7",
    "option_chosen": 39,
    "submission_time": "2023-03-25T05:12:37.470Z"
  }
},
{
  "model": "weekly_test.mcqanswer",
  "pk": 113,
  "fields": {
    "question": 21,
    "answer_sheet": "e76dac4e41974a91af4ee490fbcf0cb7",
    "option_chosen": 43,
    "submission_time": "2023-03-25T05:12:37.484Z"
  }
},
{
  "model": "weekly_test.mcqanswer",
  "pk": 114,
  "fields": {
    "question": 20,
    "answer_sheet": "f3d0add7413c4be0825e2a3c9fd3315d",
    "option_chosen": 39,
    "submission_time": "2023-03-25T05:26:51.731Z"
  }
},
{
  "model": "weekly_test.mcqanswer",
  "pk": 115,
  "fields": {
    "question": 21,
    "answer_sheet": "f3d0add7413c4be0825e2a3c9fd3315d",
    "option_chosen": 44,
    "submission_time": "2023-03-25T05:26:51.737Z"
  }
},
{
  "model": "weekly_test.mcqanswer",
  "pk": 116,
  "fields": {
    "question": 20,
    "answer_sheet": "f43e31f0bb6b411f95d32232c2a4bba5",
    "option_chosen": 39,
    "submission_time": "2023-03-25T05:50:18.085Z"
  }
},
{
  "model": "weekly_test.mcqanswer",
  "pk": 117,
  "fields": {
    "question": 21,
    "answer_sheet": "f43e31f0bb6b411f95d32232c2a4bba5",
    "option_chosen": 44,
    "submission_time": "2023-03-25T05:50:18.113Z"
  }
},
{
  "model": "weekly_test.mcqanswer",
  "pk": 118,
  "fields": {
    "question": 24,
    "answer_sheet": "451b0b1ba50f4aa193177c501729b19a",
    "option_chosen": 47,
    "submission_time": "2023-03-26T18:11:30.013Z"
  }
},
{
  "model": "weekly_test.mcqanswer",
  "pk": 119,
  "fields": {
    "question": 25,
    "answer_sheet": "451b0b1ba50f4aa193177c501729b19a",
    "option_chosen": 48,
    "submission_time": "2023-03-26T18:11:30.021Z"
  }
},
{
  "model": "weekly_test.mcqanswer",
  "pk": 120,
  "fields": {
    "question": 24,
    "answer_sheet": "c460a6bc8ed84baa991cfbb2d01f576e",
    "option_chosen": 46,
    "submission_time": "2023-03-26T18:11:55.467Z"
  }
},
{
  "model": "weekly_test.mcqanswer",
  "pk": 121,
  "fields": {
    "question": 25,
    "answer_sheet": "c460a6bc8ed84baa991cfbb2d01f576e",
    "option_chosen": 49,
    "submission_time": "2023-03-26T18:11:55.473Z"
  }
},
{
  "model": "weekly_test.mcqanswer",
  "pk": 122,
  "fields": {
    "question": 24,
    "answer_sheet": "10d70dec70954b3c88367654982eb3a5",
    "option_chosen": 46,
    "submission_time": "2023-03-26T18:29:27.714Z"
  }
},
{
  "model": "weekly_test.mcqanswer",
  "pk": 123,
  "fields": {
    "question": 25,
    "answer_sheet": "10d70dec70954b3c88367654982eb3a5",
    "option_chosen": 50,
    "submission_time": "2023-03-26T18:29:27.722Z"
  }
},
{
  "model": "weekly_test.mcqanswer",
  "pk": 124,
  "fields": {
    "question": 24,
    "answer_sheet": "01f3fc6b0b474600a7ba7c59f8c465a8",
    "option_chosen": 46,
    "submission_time": "2023-03-26T19:08:07.208Z"
  }
},
{
  "model": "weekly_test.mcqanswer",
  "pk": 125,
  "fields": {
    "question": 25,
    "answer_sheet": "01f3fc6b0b474600a7ba7c59f8c465a8",
    "option_chosen": 49,
    "submission_time": "2023-03-26T19:08:07.214Z"
  }
},
{
  "model": "weekly_test.mcqanswer",
  "pk": 126,
  "fields": {
    "question": 24,
    "answer_sheet": "6047f596b93b433bb7a07ac8b20331c0",
    "option_chosen": 46,
    "submission_time": "2023-03-26T19:46:35.766Z"
  }
},
{
  "model": "weekly_test.mcqanswer",
  "pk": 127,
  "fields": {
    "question": 25,
    "answer_sheet": "6047f596b93b433bb7a07ac8b20331c0",
    "option_chosen": 48,
    "submission_time": "2023-03-26T19:46:35.774Z"
  }
},
{
  "model": "weekly_test.mcqanswer",
  "pk": 128,
  "fields": {
    "question": 24,
    "answer_sheet": "528dc1b0b5a2437db26ff33f5486c12e",
    "option_chosen": 46,
    "submission_time": "2023-03-26T21:17:12.079Z"
  }
},
{
  "model": "weekly_test.mcqanswer",
  "pk": 129,
  "fields": {
    "question": 25,
    "answer_sheet": "528dc1b0b5a2437db26ff33f5486c12e",
    "option_chosen": 49,
    "submission_time": "2023-03-26T21:17:12.085Z"
  }
},
{
  "model": "weekly_test.mcqanswer",
  "pk": 130,
  "fields": {
    "question": 24,
    "answer_sheet": "7646d219e9084bccbf0cc0d75e901efa",
    "option_chosen": 46,
    "submission_time": "2023-03-26T22:45:29.442Z"
  }
},
{
  "model": "weekly_test.mcqanswer",
  "pk": 131,
  "fields": {
    "question": 25,
    "answer_sheet": "7646d219e9084bccbf0cc0d75e901efa",
    "option_chosen": 48,
    "submission_time": "2023-03-26T22:45:29.449Z"
  }
},
{
  "model": "weekly_test.mcqanswer",
  "pk": 132,
  "fields": {
    "question": 24,
    "answer_sheet": "6e2acd419f544d77a96e50bbbf0b1595",
    "option_chosen": 46,
    "submission_time": "2023-03-26T23:35:07.562Z"
  }
},
{
  "model": "weekly_test.mcqanswer",
  "pk": 133,
  "fields": {
    "question": 25,
    "answer_sheet": "6e2acd419f544d77a96e50bbbf0b1595",
    "option_chosen": 49,
    "submission_time": "2023-03-26T23:35:07.570Z"
  }
},
{
  "model": "weekly_test.mcqanswer",
  "pk": 134,
  "fields": {
    "question": 24,
    "answer_sheet": "1f75e803547441b9a2b7287e562b2e73",
    "option_chosen": 46,
    "submission_time": "2023-03-26T23:53:34.543Z"
  }
},
{
  "model": "weekly_test.mcqanswer",
  "pk": 135,
  "fields": {
    "question": 25,
    "answer_sheet": "1f75e803547441b9a2b7287e562b2e73",
    "option_chosen": 48,
    "submission_time": "2023-03-26T23:53:34.552Z"
  }
},
{
  "model": "weekly_test.mcqanswer",
  "pk": 136,
  "fields": {
    "question": 24,
    "answer_sheet": "935b423f63704a8888eec27e2e15f39b",
    "option_chosen": 46,
    "submission_time": "2023-03-27T01:33:41.762Z"
  }
},
{
  "model": "weekly_test.mcqanswer",
  "pk": 137,
  "fields": {
    "question": 25,
    "answer_sheet": "935b423f63704a8888eec27e2e15f39b",
    "option_chosen": 49,
    "submission_time": "2023-03-27T01:33:41.768Z"
  }
},
{
  "model": "weekly_test.mcqanswer",
  "pk": 138,
  "fields": {
    "question": 24,
    "answer_sheet": "1e1c17b64ab34fcd83e88bae34aff1b8",
    "option_chosen": 46,
    "submission_time": "2023-03-27T02:16:32.791Z"
  }
},
{
  "model": "weekly_test.mcqanswer",
  "pk": 139,
  "fields": {
    "question": 25,
    "answer_sheet": "1e1c17b64ab34fcd83e88bae34aff1b8",
    "option_chosen": 49,
    "submission_time": "2023-03-27T02:16:32.796Z"
  }
},
{
  "model": "weekly_test.mcqanswer",
  "pk": 140,
  "fields": {
    "question": 24,
    "answer_sheet": "d2c853564c9d44d0b2e077b85f6b4791",
    "option_chosen": 46,
    "submission_time": "2023-03-27T04:10:19.081Z"
  }
},
{
  "model": "weekly_test.mcqanswer",
  "pk": 141,
  "fields": {
    "question": 25,
    "answer_sheet": "d2c853564c9d44d0b2e077b85f6b4791",
    "option_chosen": 49,
    "submission_time": "2023-03-27T04:10:19.087Z"
  }
},
{
  "model": "weekly_test.mcqanswer",
  "pk": 142,
  "fields": {
    "question": 24,
    "answer_sheet": "711c562529e741b8a302e4821954d1b7",
    "option_chosen": 46,
    "submission_time": "2023-03-27T04:17:59.829Z"
  }
},
{
  "model": "weekly_test.mcqanswer",
  "pk": 143,
  "fields": {
    "question": 25,
    "answer_sheet": "711c562529e741b8a302e4821954d1b7",
    "option_chosen": 50,
    "submission_time": "2023-03-27T04:17:59.836Z"
  }
},
{
  "model": "weekly_test.mcqanswer",
  "pk": 144,
  "fields": {
    "question": 24,
    "answer_sheet": "3298dfb6d1254da7a70a0156be67c2f9",
    "option_chosen": 46,
    "submission_time": "2023-03-27T04:59:22.085Z"
  }
},
{
  "model": "weekly_test.mcqanswer",
  "pk": 145,
  "fields": {
    "question": 25,
    "answer_sheet": "3298dfb6d1254da7a70a0156be67c2f9",
    "option_chosen": 49,
    "submission_time": "2023-03-27T04:59:22.093Z"
  }
},
{
  "model": "weekly_test.mcqanswer",
  "pk": 146,
  "fields": {
    "question": 24,
    "answer_sheet": "519106f2d60849d0b5518de89ed6987d",
    "option_chosen": 46,
    "submission_time": "2023-03-27T05:01:13.171Z"
  }
},
{
  "model": "weekly_test.mcqanswer",
  "pk": 147,
  "fields": {
    "question": 25,
    "answer_sheet": "519106f2d60849d0b5518de89ed6987d",
    "option_chosen": 49,
    "submission_time": "2023-03-27T05:01:13.180Z"
  }
},
{
  "model": "weekly_test.descriptiveanswer",
  "pk": 12,
  "fields": {
    "question": 9,
    "answer_sheet": "92ebe0d2cf044a4a9040f18354efa8c6",
    "answer_text": "It's new to me sir",
    "answer_img": "",
    "score": 4.0,
    "submission_time": "2023-02-28T16:28:59.045Z"
  }
},
{
  "model": "weekly_test.descriptiveanswer",
  "pk": 13,
  "fields": {
    "question": 9,
    "answer_sheet": "d3204a168ef04d33b138ba1993a3f628",
    "answer_text": "When a chemical impurity is added to an intrinsic semiconductor, then the resulting semiconductor is known as extrinsic material",
    "answer_img": "",
    "score": 4.0,
    "submission_time": "2023-02-28T16:29:34.185Z"
  }
},
{
  "model": "weekly_test.descriptiveanswer",
  "pk": 14,
  "fields": {
    "question": 9,
    "answer_sheet": "a8e39f28eec041fcaa59e38d9cee6729",
    "answer_text": "cess is called doping p type when adding some impurty on the semiconductor materials is called extrinsic semisconductor.this prope semiconductor. in exrinsic semiconductor p type semi conductor carries holes and n types semi conductor lement is called dopan    carries electron  and the adding et .these atom are like arsenic ,antimony gallium etc.Arsenic and Antimony has 5 valance electron shell which is co valent bond with the si or gernium and make n type semi conductor on the other hand gallium has 3 valance shell electron and its adding silicon to mak",
    "answer_img": "",
    "score": 4.0,
    "submission_time": "2023-02-28T17:16:58.241Z"
  }
},
{
  "model": "weekly_test.descriptiveanswer",
  "pk": 15,
  "fields": {
    "question": 9,
    "answer_sheet": "8fc856e5bbf0436f9df4a85d34022358",
    "answer_text": "In periodic table, materials of 13 group that is B,Al,Ga,In,Ti and material of 15 group  that is p,As,Sb,Bi is called extrinsic materials.these material are use in semiconductor. Two types of semiconductor -p type and n type. B,Al,Ga,In are use in p type semiconductor  and P,As,Sb,Bi are use in n type semiconductor. ",
    "answer_img": "",
    "score": 4.0,
    "submission_time": "2023-02-28T17:27:13.643Z"
  }
},
{
  "model": "weekly_test.descriptiveanswer",
  "pk": 16,
  "fields": {
    "question": 9,
    "answer_sheet": "fe68f12ff98f4f1ba17f39a8a4a5cea8",
    "answer_text": " Extrinsic Materials Overview   esrailbblhs@gmail.com write down your understanding about extrinsic materials;  Extrinsic materials are materials that have been intentionally modified by adding impurities or dopants to their crystal structure to alter their electrical or optical properties. These impurities or dopants can be introduced through various techniques, such as diffusion, ion implantation, or chemical vapor deposition.  The introduction of impurities changes the electronic structure of the material, which can affect its conductivity, resistivity, and other properties. For example, adding impurities to a semiconductor material can create p-type or n-type semiconductors, which have different electrical properties and can be used for different applications.  Extrinsic materials are commonly used in the semiconductor industry to create electronic devices such as transistors, diodes, and solar cells. They can also be used in other applications such as optoelectronics, sensors, and catalysis.  Overall, extrinsic materials offer a way to tailor the properties of a material to suit a specific application, making them an essential component of modern technology.",
    "answer_img": "",
    "score": 4.0,
    "submission_time": "2023-02-28T17:36:24.749Z"
  }
},
{
  "model": "weekly_test.descriptiveanswer",
  "pk": 18,
  "fields": {
    "question": 9,
    "answer_sheet": "efc4259e79114da986fa3cdf8e13bd21",
    "answer_text": "Extrinsic material that does not form part of an act but that may assist in the interpretation of that act.",
    "answer_img": "",
    "score": 4.0,
    "submission_time": "2023-02-28T18:38:33.997Z"
  }
},
{
  "model": "weekly_test.descriptiveanswer",
  "pk": 19,
  "fields": {
    "question": 9,
    "answer_sheet": "4f9851e8ed624718bf1ff915401995b5",
    "answer_text": "After some experiments, scientists observed an increase in the conductivity of a Semiconductor when a small amount of impurity was added to it. These materials are Extrinsic Semiconductors or impurity Semiconductors. Another term for these materials is Doped Semiconductor. The impurities are dopants and the process  Doping.  An important condition to doping is that the amount of impurity added should not change the lattice structure of the Semiconductor. To achieve this the size of the dopant and Semiconductor atoms should be the same.These dopants give rise to two types of semiconductors:  n-type & p-type",
    "answer_img": "",
    "score": 4.0,
    "submission_time": "2023-02-28T18:38:48.503Z"
  }
},
{
  "model": "weekly_test.descriptiveanswer",
  "pk": 20,
  "fields": {
    "question": 9,
    "answer_sheet": "7880abc853e04ae7bbdf6479f7756948",
    "answer_text": "An extrinsic semiconductor is a semiconductor doped by a specific impurity which is able to deeply modify its electrical properties, making it suitable for electronic applications or optoelectronic applications ",
    "answer_img": "",
    "score": 4.0,
    "submission_time": "2023-03-01T02:03:46.777Z"
  }
},
{
  "model": "weekly_test.descriptiveanswer",
  "pk": 22,
  "fields": {
    "question": 9,
    "answer_sheet": "c1431b98d31540948e2be72fc34b1bf4",
    "answer_text": "If a semeconductor material is doped with an element with impurity then it is called extrinsic material.",
    "answer_img": "",
    "score": 4.0,
    "submission_time": "2023-03-01T03:40:22.098Z"
  }
},
{
  "model": "weekly_test.descriptiveanswer",
  "pk": 23,
  "fields": {
    "question": 9,
    "answer_sheet": "a8b9aa1abd4b47d8946716b35e0b5c8d",
    "answer_text": "A semiconductor materials that has been subjected to the doping process is Called an extrinsic material",
    "answer_img": "",
    "score": 4.0,
    "submission_time": "2023-03-01T04:07:09.373Z"
  }
},
{
  "model": "weekly_test.descriptiveanswer",
  "pk": 24,
  "fields": {
    "question": 9,
    "answer_sheet": "6c3daf9d570b4c00a333d00f500c3c7e",
    "answer_text": "Extrinsic materials are documents which do not form part of an Act but can be used in court to assist in the interpretation of that Act. The Interpretation Act in each jurisdiction specifically defines what can be considered as extrinsic material in that jurisdiction.",
    "answer_img": "",
    "score": 4.0,
    "submission_time": "2023-03-01T04:27:44.697Z"
  }
},
{
  "model": "weekly_test.descriptiveanswer",
  "pk": 26,
  "fields": {
    "question": 13,
    "answer_sheet": "2ee05da3e7a7476d9f8bf9f0973d26e3",
    "answer_text": null,
    "answer_img": "answers/images/16782504092098168549776789310695.jpg",
    "score": 5.0,
    "submission_time": "2023-03-08T04:40:54.405Z"
  }
},
{
  "model": "weekly_test.descriptiveanswer",
  "pk": 27,
  "fields": {
    "question": 17,
    "answer_sheet": "0cf9524ce77b48b3b74fe7e9ac882aad",
    "answer_text": "Half wave rectifier:\r\n\r\n1. The half wave rectifier converts the one half cycle of AC input to DC output.\r\n2. The number of diodes used in a half wave rectifier is 1.\r\n3. The efficiency of half wave rectifier is 40.6%.\r\n4. Form factor of a half wave rectifier is 1.57.\r\n5. For half wave rectifier, we do not get values of the negative cycles of AC output in wave diagram.\r\n\r\nFull wave rectifier:\r\n\r\n1. Full wave rectifier converts both half cycle of AC input to DC output.\r\n2. The number of diodes used in a full wave rectifier is 2 or 4 depending on the circuit. \r\n3. The efficiency of half wave rectifier is 81.2%.\r\n4. Form factor of a half wave rectifier is 1.11.\r\n5. For full wave rectifier, we get values of the positive and negative cycles of AC output in wave diagram.\r\n\r\nFull wave rectifie\r\n\r\n\r\n",
    "answer_img": "",
    "score": 4.0,
    "submission_time": "2023-03-15T06:13:55.582Z"
  }
},
{
  "model": "weekly_test.descriptiveanswer",
  "pk": 28,
  "fields": {
    "question": 17,
    "answer_sheet": "86788e310033450cb34b55c1e7d5420c",
    "answer_text": "The most significant difference between the two is that a half-wave rectifier converts only half cycle of AC into DC, whereas a full-wave rectifier converts the complete cycle of AC into DC.",
    "answer_img": "",
    "score": 2.0,
    "submission_time": "2023-03-15T06:33:45.745Z"
  }
},
{
  "model": "weekly_test.descriptiveanswer",
  "pk": 29,
  "fields": {
    "question": 17,
    "answer_sheet": "c1c8e4f0c8ca4fbebf39caa327341aca",
    "answer_text": "the most significant difference between the two is that a half-wave rectifier converts only half cycle of AC into DC, whereas a full-wave rectifier converts the complete cycle of AC into DC.The Half-Wave Rectifier is unidirectional; it means it will allow the conduction in one direction only.Full-wave Rectifier conducts for positive half as well as negative half of the cycle. ",
    "answer_img": "",
    "score": 3.0,
    "submission_time": "2023-03-15T09:27:22.249Z"
  }
},
{
  "model": "weekly_test.descriptiveanswer",
  "pk": 30,
  "fields": {
    "question": 17,
    "answer_sheet": "1d566845d04b42b6b4255afe11b09a2c",
    "answer_text": "Half wave are easily constructed by only one diode rather full wave need 4 diode. In the reverse or negative half cycle half wave not show in Output voltage but full wave show the out put voltage. ",
    "answer_img": "",
    "score": 2.0,
    "submission_time": "2023-03-15T11:56:37.302Z"
  }
},
{
  "model": "weekly_test.descriptiveanswer",
  "pk": 31,
  "fields": {
    "question": 17,
    "answer_sheet": "3510f97d3b134512ab107079ca48326d",
    "answer_text": "The Half Wave and Full Wave Rectifier have significant differences. A rectifier converts AC voltage into Pulsating DC voltage. A Half-Wave rectifier is an electronic circuit which converts only one-half of the AC cycle into pulsating DC. It utilizes only half of AC cycle for the conversion process. On the other hand, Full wave rectifier is an electronic circuit which converts entire cycle of AC into Pulsating DC.",
    "answer_img": "",
    "score": 3.0,
    "submission_time": "2023-03-15T13:26:35.184Z"
  }
},
{
  "model": "weekly_test.descriptiveanswer",
  "pk": 32,
  "fields": {
    "question": 17,
    "answer_sheet": "44b83aab17f341ddb53b37649bd962d4",
    "answer_text": "In full wave rectifier two one diodes are used,both positive & negative  half cycles are  rectified, efficiency is high, electrical  current is continuous. In contrast half wave rectifier  only one  diode used,efficiency is less,every positive half cycle is rectified, electric current is not continuous. ",
    "answer_img": "",
    "score": 3.0,
    "submission_time": "2023-03-15T13:52:15.166Z"
  }
},
{
  "model": "weekly_test.descriptiveanswer",
  "pk": 33,
  "fields": {
    "question": 17,
    "answer_sheet": "bbcaa956e2a54386a7e8c552e8b35501",
    "answer_text": "In half wave rectifier there is only one diode use but in full wave rectifier there is 4 diode use..\r\nHalf wave rectifier is a circuit which rectifies half of the a.c wave whereas full wave rectifier is a circuit which rectifies both postive and negative sides of the a.c wave..\r\nHalf wave rectifier efficiency is 40.56%\r\nFull wave rectifier efficiency is 81.02%",
    "answer_img": "",
    "score": 3.0,
    "submission_time": "2023-03-15T14:32:09.821Z"
  }
},
{
  "model": "weekly_test.descriptiveanswer",
  "pk": 34,
  "fields": {
    "question": 17,
    "answer_sheet": "7210729eda3648fa9e1049ef09a043db",
    "answer_text": "Half wave rectifier converts only half cylcle of AC into DC,where a full wave rectifier converts the complete cycle of AC into DC.half wave rectifier requires only one diode,",
    "answer_img": "",
    "score": 2.0,
    "submission_time": "2023-03-15T15:33:59.808Z"
  }
},
{
  "model": "weekly_test.descriptiveanswer",
  "pk": 35,
  "fields": {
    "question": 17,
    "answer_sheet": "4dc4a11366de421189d7ee7f24211ad7",
    "answer_text": "A half-wave rectifier uses a single diode to allow current to flow in only one direction during the positive half-cycle of the input AC voltage. During the negative half-cycle, the diode is reverse-biased and does not conduct any current. As a result, the output waveform is a pulsating DC waveform with half the amplitude of the input waveform.A full-wave rectifier, on the other hand, uses two diodes and a center-tapped transformer to allow current to flow in only one direction during both the positive and negative half-cycles of the input AC voltage. This results in a rectified output waveform with a higher average DC voltage compared to a half-wave rectifier.\r\nIn summary, the main difference between a half-wave and a full-wave rectifier is that a half-wave rectifier uses only one diode to rectify the positive half-cycle of the input waveform, while a full-wave rectifier uses two diodes and a center-tapped transformer to rectify both the positive and negative half-cycles of the input waveform.",
    "answer_img": "",
    "score": 3.0,
    "submission_time": "2023-03-15T15:33:59.923Z"
  }
},
{
  "model": "weekly_test.descriptiveanswer",
  "pk": 36,
  "fields": {
    "question": 17,
    "answer_sheet": "ec237e69b19b4a97be5b50cd6b4feb8b",
    "answer_text": "Differences Between Half Wave and Full Wave Rectifier\r\n\r\n    1)The significant key difference between half wave and full wave rectifier is efficiency. Half wave rectifier is a low-efficiency rectifier while the full wave is a high-efficiency rectifier. Thus, it is always better to use full wave when we are working on the highly efficient application.\r\n    2)The centre tapping also differs in half wave and full wave rectifier. Half wave rectifier does not require centre tapping of the secondary winding of transformer while full wave requires centre tapping of the secondary winding of the transformer.\r\n    3)The requirement of components varies in Half Wave and Full Wave Rectifier. Full wave requires more electronic components as compared to half wave. Thus, full wave rectifier is costly as compared to half wave. Full wave requires double the number of diodes.\r\n    4)The losses due to saturation of DC core in half wave and full wave rectifiers also create the significant difference. The half wave possesses DC \r\n",
    "answer_img": "",
    "score": 3.0,
    "submission_time": "2023-03-15T15:49:51.465Z"
  }
},
{
  "model": "weekly_test.descriptiveanswer",
  "pk": 37,
  "fields": {
    "question": 18,
    "answer_sheet": "a0c4ebacc0c54b89ae485762782bb06f",
    "answer_text": "supplies to render template ",
    "answer_img": "",
    "score": 5.0,
    "submission_time": "2023-03-24T16:03:34.165Z"
  }
},
{
  "model": "weekly_test.descriptiveanswer",
  "pk": 38,
  "fields": {
    "question": 22,
    "answer_sheet": "ab0235616d0e4685a504b56bc5ab50f8",
    "answer_text": null,
    "answer_img": "answers/images/16796786861382478440387673474921.jpg",
    "score": 2.0,
    "submission_time": "2023-03-24T17:26:35.489Z"
  }
},
{
  "model": "weekly_test.descriptiveanswer",
  "pk": 39,
  "fields": {
    "question": 23,
    "answer_sheet": "ab0235616d0e4685a504b56bc5ab50f8",
    "answer_text": null,
    "answer_img": "answers/images/16796787187202923411792487606335.jpg",
    "score": 3.0,
    "submission_time": "2023-03-24T17:26:35.525Z"
  }
},
{
  "model": "weekly_test.descriptiveanswer",
  "pk": 40,
  "fields": {
    "question": 22,
    "answer_sheet": "1cdfc47392b54ae1a55a2f4f849c7223",
    "answer_text": null,
    "answer_img": "answers/images/16796798064528520684450462542797.jpg",
    "score": 2.0,
    "submission_time": "2023-03-24T17:43:51.573Z"
  }
},
{
  "model": "weekly_test.descriptiveanswer",
  "pk": 41,
  "fields": {
    "question": 22,
    "answer_sheet": "2b58861d67474621b02a3004e54abd1d",
    "answer_text": null,
    "answer_img": "answers/images/Document.rtf",
    "score": 3.0,
    "submission_time": "2023-03-24T18:01:53.331Z"
  }
},
{
  "model": "weekly_test.descriptiveanswer",
  "pk": 42,
  "fields": {
    "question": 23,
    "answer_sheet": "2b58861d67474621b02a3004e54abd1d",
    "answer_text": null,
    "answer_img": "answers/images/Document_1.rtf",
    "score": 2.0,
    "submission_time": "2023-03-24T18:01:53.337Z"
  }
},
{
  "model": "weekly_test.descriptiveanswer",
  "pk": 43,
  "fields": {
    "question": 22,
    "answer_sheet": "95bf3d48223c4f6fa009ea4104ebc8f2",
    "answer_text": null,
    "answer_img": "answers/images/CamScanner_03-25-2023_00.09_1.jpg",
    "score": 2.0,
    "submission_time": "2023-03-24T18:11:41.357Z"
  }
},
{
  "model": "weekly_test.descriptiveanswer",
  "pk": 44,
  "fields": {
    "question": 23,
    "answer_sheet": "95bf3d48223c4f6fa009ea4104ebc8f2",
    "answer_text": null,
    "answer_img": "answers/images/CamScanner_03-25-2023_00.10_1.jpg",
    "score": 2.0,
    "submission_time": "2023-03-24T18:11:41.365Z"
  }
},
{
  "model": "weekly_test.descriptiveanswer",
  "pk": 45,
  "fields": {
    "question": 22,
    "answer_sheet": "43282c76310841f69f252d420afadbce",
    "answer_text": null,
    "answer_img": "answers/images/16796815861792490368021776406563.jpg",
    "score": 3.0,
    "submission_time": "2023-03-24T18:12:37.504Z"
  }
},
{
  "model": "weekly_test.descriptiveanswer",
  "pk": 46,
  "fields": {
    "question": 23,
    "answer_sheet": "43282c76310841f69f252d420afadbce",
    "answer_text": null,
    "answer_img": "answers/images/16796815980637243839079479159677.jpg",
    "score": 2.0,
    "submission_time": "2023-03-24T18:12:37.536Z"
  }
},
{
  "model": "weekly_test.descriptiveanswer",
  "pk": 47,
  "fields": {
    "question": 23,
    "answer_sheet": "8759e318c5494ca78ad574279f7768e2",
    "answer_text": null,
    "answer_img": "answers/images/Image_to_PDF_20230325_00.22.06.pdf",
    "score": 2.0,
    "submission_time": "2023-03-24T18:22:31.594Z"
  }
},
{
  "model": "weekly_test.descriptiveanswer",
  "pk": 48,
  "fields": {
    "question": 22,
    "answer_sheet": "ef81169a291b483297f48e062a93ebb2",
    "answer_text": null,
    "answer_img": "answers/images/CamScanner_03-25-2023_01.01.jpg",
    "score": 2.0,
    "submission_time": "2023-03-24T19:04:18.458Z"
  }
},
{
  "model": "weekly_test.descriptiveanswer",
  "pk": 49,
  "fields": {
    "question": 23,
    "answer_sheet": "ef81169a291b483297f48e062a93ebb2",
    "answer_text": null,
    "answer_img": "answers/images/CamScanner_03-25-2023_01.01_2.jpg",
    "score": 3.0,
    "submission_time": "2023-03-24T19:04:18.467Z"
  }
},
{
  "model": "weekly_test.descriptiveanswer",
  "pk": 50,
  "fields": {
    "question": 22,
    "answer_sheet": "27b46e4204a14b8b90be9f321a18a2f5",
    "answer_text": null,
    "answer_img": "answers/images/q3.docx",
    "score": 2.0,
    "submission_time": "2023-03-24T19:23:30.816Z"
  }
},
{
  "model": "weekly_test.descriptiveanswer",
  "pk": 51,
  "fields": {
    "question": 23,
    "answer_sheet": "27b46e4204a14b8b90be9f321a18a2f5",
    "answer_text": null,
    "answer_img": "answers/images/q4.docx",
    "score": 2.0,
    "submission_time": "2023-03-24T19:23:30.821Z"
  }
},
{
  "model": "weekly_test.descriptiveanswer",
  "pk": 52,
  "fields": {
    "question": 22,
    "answer_sheet": "91709bad52f94167814db707cff3ebb6",
    "answer_text": null,
    "answer_img": "answers/images/Week5_Pre_Class_Question_3.pdf",
    "score": 2.0,
    "submission_time": "2023-03-24T21:40:09.396Z"
  }
},
{
  "model": "weekly_test.descriptiveanswer",
  "pk": 53,
  "fields": {
    "question": 23,
    "answer_sheet": "91709bad52f94167814db707cff3ebb6",
    "answer_text": null,
    "answer_img": "answers/images/Week5_Pre_Class_Question_4.pdf",
    "score": 2.0,
    "submission_time": "2023-03-24T21:40:09.403Z"
  }
},
{
  "model": "weekly_test.descriptiveanswer",
  "pk": 54,
  "fields": {
    "question": 22,
    "answer_sheet": "ae3f3589030e40e1a420162649926372",
    "answer_text": null,
    "answer_img": "answers/images/WhatsApp_Image_2023-03-25_at_04.22.03.jpg",
    "score": 2.0,
    "submission_time": "2023-03-24T22:22:58.920Z"
  }
},
{
  "model": "weekly_test.descriptiveanswer",
  "pk": 55,
  "fields": {
    "question": 23,
    "answer_sheet": "ae3f3589030e40e1a420162649926372",
    "answer_text": null,
    "answer_img": "answers/images/WhatsApp_Image_2023-03-25_at_04.22.04.jpg",
    "score": 2.0,
    "submission_time": "2023-03-24T22:22:58.926Z"
  }
},
{
  "model": "weekly_test.descriptiveanswer",
  "pk": 56,
  "fields": {
    "question": 22,
    "answer_sheet": "e113352c41a64ac09ae35bbbff602bd1",
    "answer_text": null,
    "answer_img": "answers/images/clipper_def_app.pdf",
    "score": 3.0,
    "submission_time": "2023-03-25T04:56:01.778Z"
  }
},
{
  "model": "weekly_test.descriptiveanswer",
  "pk": 57,
  "fields": {
    "question": 23,
    "answer_sheet": "e113352c41a64ac09ae35bbbff602bd1",
    "answer_text": null,
    "answer_img": "answers/images/The_statement.pdf",
    "score": 3.0,
    "submission_time": "2023-03-25T04:56:01.786Z"
  }
},
{
  "model": "weekly_test.descriptiveanswer",
  "pk": 58,
  "fields": {
    "question": 22,
    "answer_sheet": "e76dac4e41974a91af4ee490fbcf0cb7",
    "answer_text": null,
    "answer_img": "answers/images/IMG_20230325_105513.jpg",
    "score": 2.0,
    "submission_time": "2023-03-25T05:12:37.550Z"
  }
},
{
  "model": "weekly_test.descriptiveanswer",
  "pk": 59,
  "fields": {
    "question": 23,
    "answer_sheet": "e76dac4e41974a91af4ee490fbcf0cb7",
    "answer_text": null,
    "answer_img": "answers/images/IMG_20230325_105930.jpg",
    "score": 3.0,
    "submission_time": "2023-03-25T05:12:37.612Z"
  }
},
{
  "model": "weekly_test.descriptiveanswer",
  "pk": 60,
  "fields": {
    "question": 22,
    "answer_sheet": "f3d0add7413c4be0825e2a3c9fd3315d",
    "answer_text": null,
    "answer_img": "answers/images/IMG20230325112533.jpg",
    "score": 2.0,
    "submission_time": "2023-03-25T05:26:51.773Z"
  }
},
{
  "model": "weekly_test.descriptiveanswer",
  "pk": 61,
  "fields": {
    "question": 23,
    "answer_sheet": "f3d0add7413c4be0825e2a3c9fd3315d",
    "answer_text": null,
    "answer_img": "answers/images/IMG20230325112536.jpg",
    "score": 2.0,
    "submission_time": "2023-03-25T05:26:51.852Z"
  }
},
{
  "model": "weekly_test.descriptiveanswer",
  "pk": 62,
  "fields": {
    "question": 26,
    "answer_sheet": "451b0b1ba50f4aa193177c501729b19a",
    "answer_text": null,
    "answer_img": "answers/images/IMG20230327000854.jpg",
    "score": null,
    "submission_time": "2023-03-26T18:11:30.030Z"
  }
},
{
  "model": "weekly_test.descriptiveanswer",
  "pk": 63,
  "fields": {
    "question": 27,
    "answer_sheet": "451b0b1ba50f4aa193177c501729b19a",
    "answer_text": null,
    "answer_img": "answers/images/IMG20230327000620.jpg",
    "score": null,
    "submission_time": "2023-03-26T18:11:30.049Z"
  }
},
{
  "model": "weekly_test.descriptiveanswer",
  "pk": 64,
  "fields": {
    "question": 26,
    "answer_sheet": "10d70dec70954b3c88367654982eb3a5",
    "answer_text": null,
    "answer_img": "answers/images/167985468001999088049587943373.jpg",
    "score": null,
    "submission_time": "2023-03-26T18:29:27.735Z"
  }
},
{
  "model": "weekly_test.descriptiveanswer",
  "pk": 65,
  "fields": {
    "question": 27,
    "answer_sheet": "10d70dec70954b3c88367654982eb3a5",
    "answer_text": null,
    "answer_img": "answers/images/16798546607975251257124367529195.jpg",
    "score": null,
    "submission_time": "2023-03-26T18:29:27.792Z"
  }
},
{
  "model": "weekly_test.descriptiveanswer",
  "pk": 66,
  "fields": {
    "question": 26,
    "answer_sheet": "01f3fc6b0b474600a7ba7c59f8c465a8",
    "answer_text": null,
    "answer_img": "answers/images/CamScanner_03-27-2023_01.06_1.jpg",
    "score": null,
    "submission_time": "2023-03-26T19:08:07.222Z"
  }
},
{
  "model": "weekly_test.descriptiveanswer",
  "pk": 67,
  "fields": {
    "question": 27,
    "answer_sheet": "01f3fc6b0b474600a7ba7c59f8c465a8",
    "answer_text": null,
    "answer_img": "answers/images/CamScanner_03-27-2023_01.07_1.jpg",
    "score": null,
    "submission_time": "2023-03-26T19:08:07.230Z"
  }
},
{
  "model": "weekly_test.descriptiveanswer",
  "pk": 68,
  "fields": {
    "question": 26,
    "answer_sheet": "6047f596b93b433bb7a07ac8b20331c0",
    "answer_text": null,
    "answer_img": "answers/images/Document_F3kkLwX.rtf",
    "score": null,
    "submission_time": "2023-03-26T19:46:35.782Z"
  }
},
{
  "model": "weekly_test.descriptiveanswer",
  "pk": 69,
  "fields": {
    "question": 27,
    "answer_sheet": "6047f596b93b433bb7a07ac8b20331c0",
    "answer_text": null,
    "answer_img": "answers/images/Document_2.rtf",
    "score": null,
    "submission_time": "2023-03-26T19:46:35.789Z"
  }
},
{
  "model": "weekly_test.descriptiveanswer",
  "pk": 70,
  "fields": {
    "question": 26,
    "answer_sheet": "528dc1b0b5a2437db26ff33f5486c12e",
    "answer_text": null,
    "answer_img": "answers/images/PreClassTestWk6Q3.pdf",
    "score": null,
    "submission_time": "2023-03-26T21:17:12.092Z"
  }
},
{
  "model": "weekly_test.descriptiveanswer",
  "pk": 71,
  "fields": {
    "question": 27,
    "answer_sheet": "528dc1b0b5a2437db26ff33f5486c12e",
    "answer_text": null,
    "answer_img": "answers/images/PreClassTestWk6Q4.pdf",
    "score": null,
    "submission_time": "2023-03-26T21:17:12.098Z"
  }
},
{
  "model": "weekly_test.descriptiveanswer",
  "pk": 72,
  "fields": {
    "question": 26,
    "answer_sheet": "7646d219e9084bccbf0cc0d75e901efa",
    "answer_text": null,
    "answer_img": "answers/images/clamper_def_app.pdf",
    "score": null,
    "submission_time": "2023-03-26T22:45:29.455Z"
  }
},
{
  "model": "weekly_test.descriptiveanswer",
  "pk": 73,
  "fields": {
    "question": 27,
    "answer_sheet": "7646d219e9084bccbf0cc0d75e901efa",
    "answer_text": null,
    "answer_img": "answers/images/clamper_elements.pdf",
    "score": null,
    "submission_time": "2023-03-26T22:45:29.461Z"
  }
},
{
  "model": "weekly_test.descriptiveanswer",
  "pk": 74,
  "fields": {
    "question": 26,
    "answer_sheet": "6e2acd419f544d77a96e50bbbf0b1595",
    "answer_text": null,
    "answer_img": "answers/images/16798735142216633250340323984464.jpg",
    "score": null,
    "submission_time": "2023-03-26T23:35:07.768Z"
  }
},
{
  "model": "weekly_test.descriptiveanswer",
  "pk": 75,
  "fields": {
    "question": 27,
    "answer_sheet": "6e2acd419f544d77a96e50bbbf0b1595",
    "answer_text": null,
    "answer_img": "answers/images/16798736425637395026318238023734.jpg",
    "score": null,
    "submission_time": "2023-03-26T23:35:07.844Z"
  }
},
{
  "model": "weekly_test.descriptiveanswer",
  "pk": 76,
  "fields": {
    "question": 26,
    "answer_sheet": "1f75e803547441b9a2b7287e562b2e73",
    "answer_text": null,
    "answer_img": "answers/images/16798747383766442971242423017487.jpg",
    "score": null,
    "submission_time": "2023-03-26T23:53:34.562Z"
  }
},
{
  "model": "weekly_test.descriptiveanswer",
  "pk": 77,
  "fields": {
    "question": 27,
    "answer_sheet": "1f75e803547441b9a2b7287e562b2e73",
    "answer_text": null,
    "answer_img": "answers/images/16798747736788480655813087573474.jpg",
    "score": null,
    "submission_time": "2023-03-26T23:53:34.642Z"
  }
},
{
  "model": "weekly_test.descriptiveanswer",
  "pk": 78,
  "fields": {
    "question": 26,
    "answer_sheet": "935b423f63704a8888eec27e2e15f39b",
    "answer_text": null,
    "answer_img": "answers/images/Image_to_PDF_20230327_07.24.36.pdf",
    "score": null,
    "submission_time": "2023-03-27T01:33:41.776Z"
  }
},
{
  "model": "weekly_test.descriptiveanswer",
  "pk": 79,
  "fields": {
    "question": 27,
    "answer_sheet": "935b423f63704a8888eec27e2e15f39b",
    "answer_text": null,
    "answer_img": "answers/images/Image_to_PDF_20230327_07.32.55.pdf",
    "score": null,
    "submission_time": "2023-03-27T01:33:41.782Z"
  }
},
{
  "model": "weekly_test.descriptiveanswer",
  "pk": 80,
  "fields": {
    "question": 26,
    "answer_sheet": "1e1c17b64ab34fcd83e88bae34aff1b8",
    "answer_text": null,
    "answer_img": "answers/images/clamper.pdf",
    "score": null,
    "submission_time": "2023-03-27T02:16:32.802Z"
  }
},
{
  "model": "weekly_test.descriptiveanswer",
  "pk": 81,
  "fields": {
    "question": 27,
    "answer_sheet": "1e1c17b64ab34fcd83e88bae34aff1b8",
    "answer_text": null,
    "answer_img": "answers/images/Elements.pdf",
    "score": null,
    "submission_time": "2023-03-27T02:16:32.807Z"
  }
},
{
  "model": "weekly_test.descriptiveanswer",
  "pk": 82,
  "fields": {
    "question": 26,
    "answer_sheet": "d2c853564c9d44d0b2e077b85f6b4791",
    "answer_text": null,
    "answer_img": "answers/images/11.jpg",
    "score": null,
    "submission_time": "2023-03-27T04:10:19.094Z"
  }
},
{
  "model": "weekly_test.descriptiveanswer",
  "pk": 83,
  "fields": {
    "question": 27,
    "answer_sheet": "d2c853564c9d44d0b2e077b85f6b4791",
    "answer_text": null,
    "answer_img": "answers/images/22.jpg",
    "score": null,
    "submission_time": "2023-03-27T04:10:19.101Z"
  }
},
{
  "model": "weekly_test.descriptiveanswer",
  "pk": 84,
  "fields": {
    "question": 26,
    "answer_sheet": "711c562529e741b8a302e4821954d1b7",
    "answer_text": null,
    "answer_img": "answers/images/7D936F82-203C-4670-86CC-84BAD4A95787.jpeg",
    "score": null,
    "submission_time": "2023-03-27T04:17:59.845Z"
  }
},
{
  "model": "weekly_test.descriptiveanswer",
  "pk": 85,
  "fields": {
    "question": 27,
    "answer_sheet": "711c562529e741b8a302e4821954d1b7",
    "answer_text": null,
    "answer_img": "answers/images/C018E495-DFC8-4FD8-94F0-9F8524A5835B.jpeg",
    "score": null,
    "submission_time": "2023-03-27T04:17:59.853Z"
  }
},
{
  "model": "weekly_test.descriptiveanswer",
  "pk": 86,
  "fields": {
    "question": 26,
    "answer_sheet": "3298dfb6d1254da7a70a0156be67c2f9",
    "answer_text": null,
    "answer_img": "answers/images/Notes_230327_105324.jpg",
    "score": null,
    "submission_time": "2023-03-27T04:59:22.105Z"
  }
},
{
  "model": "weekly_test.descriptiveanswer",
  "pk": 87,
  "fields": {
    "question": 27,
    "answer_sheet": "3298dfb6d1254da7a70a0156be67c2f9",
    "answer_text": null,
    "answer_img": "answers/images/Notes_230327_105841.jpg",
    "score": null,
    "submission_time": "2023-03-27T04:59:22.113Z"
  }
},
{
  "model": "weekly_test.descriptiveanswer",
  "pk": 88,
  "fields": {
    "question": 26,
    "answer_sheet": "519106f2d60849d0b5518de89ed6987d",
    "answer_text": null,
    "answer_img": "answers/images/IMG_20230327_105559_tigr.jpg",
    "score": null,
    "submission_time": "2023-03-27T05:01:13.271Z"
  }
},
{
  "model": "weekly_test.descriptiveanswer",
  "pk": 89,
  "fields": {
    "question": 27,
    "answer_sheet": "519106f2d60849d0b5518de89ed6987d",
    "answer_text": null,
    "answer_img": "answers/images/IMG_20230327_105608_tigr.jpg",
    "score": null,
    "submission_time": "2023-03-27T05:01:13.371Z"
  }
},
{
  "model": "classroom.classroom",
  "pk": "05d24d97d8a24f3c80862a3239a56b50",
  "fields": {
    "name": "Test Classroom",
    "course": "cs101",
    "join_code": "EcTGP1",
    "banner": "",
    "quote": null,
    "active": true,
    "created": "2023-03-02T13:15:40.292Z",
    "teachers": [
      [
        "skelewit@gmail.com"
      ]
    ],
    "students": [
      [
        "rnium@aol.com"
      ]
    ]
  }
},
{
  "model": "classroom.classroom",
  "pk": "2c9bbdc337cb40f3bc8e478b4452d6ce",
  "fields": {
    "name": "Django Learners",
    "course": "DB-101",
    "join_code": "PvBNsH",
    "banner": "classrooms/banner/django-documentation.png",
    "quote": "",
    "active": false,
    "created": "2023-02-19T05:46:20.775Z",
    "teachers": [
      [
        "rnium@aol.com"
      ],
      [
        "iqbal@sec.ac.bd"
      ]
    ],
    "students": [
      [
        "skelewit@gmail.com"
      ]
    ]
  }
},
{
  "model": "classroom.classroom",
  "pk": "68efbbb81a5546efa43143fbb520ed3b",
  "fields": {
    "name": "Introductory Matlab",
    "course": "EEE 304",
    "join_code": "Ro0muW",
    "banner": "classrooms/banner/wp9995013.png",
    "quote": "",
    "active": true,
    "created": "2023-02-26T19:03:39.298Z",
    "teachers": [
      [
        "rnium@aol.com"
      ],
      [
        "iqbal@sec.ac.bd"
      ]
    ],
    "students": [
      [
        "skelewit@gmail.com"
      ]
    ]
  }
},
{
  "model": "classroom.classroom",
  "pk": "81ae8308bc104c58a3c4e02375036139",
  "fields": {
    "name": "Test Classroom",
    "course": "tst-101",
    "join_code": "4LhQ6C",
    "banner": "classrooms/banner/Screenshot_8.png",
    "quote": "",
    "active": true,
    "created": "2023-03-23T09:17:56.517Z",
    "teachers": [
      [
        "sysadmin@etvetbd.com"
      ]
    ],
    "students": [
      [
        "sirony514@gmail.com"
      ]
    ]
  }
},
{
  "model": "classroom.classroom",
  "pk": "a7e2fac3aaad4bdba8aa6953b765d5b9",
  "fields": {
    "name": "EEE 6th Batch",
    "course": "Basic Electronics-I",
    "join_code": "oWFjn0",
    "banner": "",
    "quote": "I have uploaded a class materials and an animated video; also created a class test. Everyone try to participate in time.",
    "active": true,
    "created": "2023-02-16T16:38:46.700Z",
    "teachers": [
      [
        "rnium@aol.com"
      ],
      [
        "iqbal@sec.ac.bd"
      ],
      [
        "sysadmin@etvetbd.com"
      ]
    ],
    "students": [
      [
        "justabdulazim@gmail.com"
      ],
      [
        "parvezkamaly17@gmail.com"
      ],
      [
        "dasanimesh550@gmail.com"
      ],
      [
        "marufchy969@gmail.com"
      ],
      [
        "ah5175584@gmail.com"
      ],
      [
        "farukseceee@gmail.com"
      ],
      [
        "pronaynandi73895@gmail.com"
      ],
      [
        "swad2408@gmail.com"
      ],
      [
        "hamidurrahman2686@gmail.com"
      ],
      [
        "nusaibanbh1113@gmail.com"
      ],
      [
        "masukbillah885@gmail.com"
      ],
      [
        "abirsenrudra2@gmail.com"
      ],
      [
        "tarequemahmud313@gmail.com"
      ],
      [
        "esrailbblhs@gmail.com"
      ],
      [
        "samiaakterpriya2000@gmail.com"
      ],
      [
        "abdullahabuhabib@gmail.com"
      ],
      [
        "scmihad.ac@gmail.com"
      ],
      [
        "afa.mahi02@gmail.com"
      ],
      [
        "keysenov818@gmail.com"
      ],
      [
        "rihasiddika@gmail.com"
      ],
      [
        "adnanjahid420@gmail.com"
      ]
    ]
  }
},
{
  "model": "classroom.classroom",
  "pk": "b547b044e28f4ed7b29a7c2f9a83c091",
  "fields": {
    "name": "EEE 4th Batch",
    "course": "Power Electronics",
    "join_code": "AVCZfX",
    "banner": "classrooms/banner/8966984_4017990_2.jpg",
    "quote": "",
    "active": true,
    "created": "2023-02-26T18:56:13.100Z",
    "teachers": [
      [
        "rnium@aol.com"
      ],
      [
        "iqbal@sec.ac.bd"
      ]
    ],
    "students": [
      [
        "skelewit@gmail.com"
      ]
    ]
  }
},
{
  "model": "classroom.posttopic",
  "pk": 1,
  "fields": {
    "name": "Basic",
    "str_id": "basic",
    "classroom": "a7e2fac3aaad4bdba8aa6953b765d5b9"
  }
},
{
  "model": "classroom.posttopic",
  "pk": 2,
  "fields": {
    "name": "Electronics",
    "str_id": "electronics",
    "classroom": "a7e2fac3aaad4bdba8aa6953b765d5b9"
  }
},
{
  "model": "classroom.posttopic",
  "pk": 3,
  "fields": {
    "name": "Diode",
    "str_id": "diode",
    "classroom": "a7e2fac3aaad4bdba8aa6953b765d5b9"
  }
},
{
  "model": "classroom.classroompost",
  "pk": "3e618f99025640bab68f97fc91b5bd11",
  "fields": {
    "classroom": "b547b044e28f4ed7b29a7c2f9a83c091",
    "description": "test post",
    "author": [
      "rnium@aol.com"
    ],
    "posted": "2023-02-27T12:27:33.874Z",
    "topics": []
  }
},
{
  "model": "classroom.classroompost",
  "pk": "49975177365c432aaef37917bdfd9112",
  "fields": {
    "classroom": "a7e2fac3aaad4bdba8aa6953b765d5b9",
    "description": "pn junction Basic",
    "author": [
      "rnium@aol.com"
    ],
    "posted": "2023-02-26T18:26:14.416Z",
    "topics": [
      1,
      2
    ]
  }
},
{
  "model": "classroom.classroompost",
  "pk": "4b2f2fdb114e4e22bfc562da4fe90e57",
  "fields": {
    "classroom": "a7e2fac3aaad4bdba8aa6953b765d5b9",
    "description": "history of electronics",
    "author": [
      "rnium@aol.com"
    ],
    "posted": "2023-02-26T18:26:51.656Z",
    "topics": [
      2
    ]
  }
},
{
  "model": "classroom.classroompost",
  "pk": "6a7d8c12123b440da4313dceb36bc53d",
  "fields": {
    "classroom": "2c9bbdc337cb40f3bc8e478b4452d6ce",
    "description": "something as a description",
    "author": [
      "rnium@aol.com"
    ],
    "posted": "2023-02-19T05:55:57.444Z",
    "topics": []
  }
},
{
  "model": "classroom.classroompost",
  "pk": "fdc5306cadc845fa82e1dc53c46a7a24",
  "fields": {
    "classroom": "a7e2fac3aaad4bdba8aa6953b765d5b9",
    "description": "clipper and clamper",
    "author": [
      "rnium@aol.com"
    ],
    "posted": "2023-02-26T18:29:31.347Z",
    "topics": []
  }
},
{
  "model": "classroom.postattachment",
  "pk": 1,
  "fields": {
    "classroom_post": "6a7d8c12123b440da4313dceb36bc53d",
    "attached_file": "attachments/2c9bbdc337cb40f3bc8e478b4452d6ce/275127884_1451665685250099_911128966569355542_n.jpg"
  }
},
{
  "model": "classroom.postattachment",
  "pk": 2,
  "fields": {
    "classroom_post": "49975177365c432aaef37917bdfd9112",
    "attached_file": "attachments/a7e2fac3aaad4bdba8aa6953b765d5b9/blank1.pdf"
  }
},
{
  "model": "classroom.postattachment",
  "pk": 3,
  "fields": {
    "classroom_post": "49975177365c432aaef37917bdfd9112",
    "attached_file": "attachments/a7e2fac3aaad4bdba8aa6953b765d5b9/blank2.pdf"
  }
},
{
  "model": "classroom.postattachment",
  "pk": 4,
  "fields": {
    "classroom_post": "4b2f2fdb114e4e22bfc562da4fe90e57",
    "attached_file": "attachments/a7e2fac3aaad4bdba8aa6953b765d5b9/blank3.pdf"
  }
},
{
  "model": "classroom.postattachment",
  "pk": 6,
  "fields": {
    "classroom_post": "fdc5306cadc845fa82e1dc53c46a7a24",
    "attached_file": "attachments/a7e2fac3aaad4bdba8aa6953b765d5b9/blank6.pdf"
  }
},
{
  "model": "classroom.postattachment",
  "pk": 7,
  "fields": {
    "classroom_post": "fdc5306cadc845fa82e1dc53c46a7a24",
    "attached_file": "attachments/a7e2fac3aaad4bdba8aa6953b765d5b9/blank7.pdf"
  }
},
{
  "model": "classroom.postattachment",
  "pk": 8,
  "fields": {
    "classroom_post": "3e618f99025640bab68f97fc91b5bd11",
    "attached_file": "attachments/b547b044e28f4ed7b29a7c2f9a83c091/LMS.pdf"
  }
},
{
  "model": "classroom.postattachment",
  "pk": 9,
  "fields": {
    "classroom_post": "3e618f99025640bab68f97fc91b5bd11",
    "attached_file": "attachments/b547b044e28f4ed7b29a7c2f9a83c091/index.jpg"
  }
},
{
  "model": "classroom.comment",
  "pk": "ec608d1281f24d3593476b61cf567fd4",
  "fields": {
    "post": "6a7d8c12123b440da4313dceb36bc53d",
    "author": [
      "rnium@aol.com"
    ],
    "parent": null,
    "comment_text": "something as post comment",
    "comment_time": "2023-02-25T19:45:57.069Z"
  }
},
{
  "model": "classroom.assessmentmeta",
  "pk": 1,
  "fields": {
    "classroom": "05d24d97d8a24f3c80862a3239a56b50",
    "attendance_marks": 10.0,
    "classtest_marks": 15.0,
    "pre_class_marks": 5.0,
    "in_class_marks": 5.0,
    "post_class_marks": 5.0
  }
},
{
  "model": "classroom.assessmentmeta",
  "pk": 4,
  "fields": {
    "classroom": "a7e2fac3aaad4bdba8aa6953b765d5b9",
    "attendance_marks": 10.0,
    "classtest_marks": 15.0,
    "pre_class_marks": 5.0,
    "in_class_marks": 5.0,
    "post_class_marks": 5.0
  }
},
{
  "model": "classroom.assessment",
  "pk": 1,
  "fields": {
    "meta": 1,
    "student": [
      "rnium@aol.com"
    ],
    "attendance_score": null,
    "classtest_score": null
  }
},
{
  "model": "classroom.assessment",
  "pk": 28,
  "fields": {
    "meta": 4,
    "student": [
      "justabdulazim@gmail.com"
    ],
    "attendance_score": null,
    "classtest_score": null
  }
},
{
  "model": "classroom.assessment",
  "pk": 29,
  "fields": {
    "meta": 4,
    "student": [
      "parvezkamaly17@gmail.com"
    ],
    "attendance_score": null,
    "classtest_score": null
  }
},
{
  "model": "classroom.assessment",
  "pk": 30,
  "fields": {
    "meta": 4,
    "student": [
      "dasanimesh550@gmail.com"
    ],
    "attendance_score": null,
    "classtest_score": null
  }
},
{
  "model": "classroom.assessment",
  "pk": 31,
  "fields": {
    "meta": 4,
    "student": [
      "marufchy969@gmail.com"
    ],
    "attendance_score": null,
    "classtest_score": null
  }
},
{
  "model": "classroom.assessment",
  "pk": 32,
  "fields": {
    "meta": 4,
    "student": [
      "ah5175584@gmail.com"
    ],
    "attendance_score": null,
    "classtest_score": null
  }
},
{
  "model": "classroom.assessment",
  "pk": 33,
  "fields": {
    "meta": 4,
    "student": [
      "farukseceee@gmail.com"
    ],
    "attendance_score": null,
    "classtest_score": null
  }
},
{
  "model": "classroom.assessment",
  "pk": 34,
  "fields": {
    "meta": 4,
    "student": [
      "pronaynandi73895@gmail.com"
    ],
    "attendance_score": null,
    "classtest_score": null
  }
},
{
  "model": "classroom.assessment",
  "pk": 35,
  "fields": {
    "meta": 4,
    "student": [
      "swad2408@gmail.com"
    ],
    "attendance_score": null,
    "classtest_score": null
  }
},
{
  "model": "classroom.assessment",
  "pk": 36,
  "fields": {
    "meta": 4,
    "student": [
      "hamidurrahman2686@gmail.com"
    ],
    "attendance_score": null,
    "classtest_score": null
  }
},
{
  "model": "classroom.assessment",
  "pk": 37,
  "fields": {
    "meta": 4,
    "student": [
      "nusaibanbh1113@gmail.com"
    ],
    "attendance_score": null,
    "classtest_score": null
  }
},
{
  "model": "classroom.assessment",
  "pk": 38,
  "fields": {
    "meta": 4,
    "student": [
      "masukbillah885@gmail.com"
    ],
    "attendance_score": null,
    "classtest_score": null
  }
},
{
  "model": "classroom.assessment",
  "pk": 39,
  "fields": {
    "meta": 4,
    "student": [
      "abirsenrudra2@gmail.com"
    ],
    "attendance_score": null,
    "classtest_score": null
  }
},
{
  "model": "classroom.assessment",
  "pk": 40,
  "fields": {
    "meta": 4,
    "student": [
      "tarequemahmud313@gmail.com"
    ],
    "attendance_score": null,
    "classtest_score": null
  }
},
{
  "model": "classroom.assessment",
  "pk": 41,
  "fields": {
    "meta": 4,
    "student": [
      "esrailbblhs@gmail.com"
    ],
    "attendance_score": null,
    "classtest_score": null
  }
},
{
  "model": "classroom.assessment",
  "pk": 42,
  "fields": {
    "meta": 4,
    "student": [
      "samiaakterpriya2000@gmail.com"
    ],
    "attendance_score": null,
    "classtest_score": null
  }
},
{
  "model": "classroom.assessment",
  "pk": 43,
  "fields": {
    "meta": 4,
    "student": [
      "abdullahabuhabib@gmail.com"
    ],
    "attendance_score": null,
    "classtest_score": null
  }
},
{
  "model": "classroom.assessment",
  "pk": 44,
  "fields": {
    "meta": 4,
    "student": [
      "scmihad.ac@gmail.com"
    ],
    "attendance_score": null,
    "classtest_score": null
  }
},
{
  "model": "classroom.assessment",
  "pk": 45,
  "fields": {
    "meta": 4,
    "student": [
      "afa.mahi02@gmail.com"
    ],
    "attendance_score": null,
    "classtest_score": null
  }
},
{
  "model": "classroom.assessment",
  "pk": 46,
  "fields": {
    "meta": 4,
    "student": [
      "keysenov818@gmail.com"
    ],
    "attendance_score": null,
    "classtest_score": null
  }
},
{
  "model": "classroom.assessment",
  "pk": 47,
  "fields": {
    "meta": 4,
    "student": [
      "rihasiddika@gmail.com"
    ],
    "attendance_score": null,
    "classtest_score": null
  }
},
{
  "model": "classroom.assessment",
  "pk": 48,
  "fields": {
    "meta": 4,
    "student": [
      "adnanjahid420@gmail.com"
    ],
    "attendance_score": null,
    "classtest_score": null
  }
},
{
  "model": "classroom.congratulation",
  "pk": 1,
  "fields": {
    "from_user": [
      "rnium@aol.com"
    ],
    "to_user": [
      "farukseceee@gmail.com"
    ],
    "added": "2023-03-06T18:35:47.105Z",
    "is_expired": true
  }
},
{
  "model": "classroom.congratulation",
  "pk": 2,
  "fields": {
    "from_user": [
      "afa.mahi02@gmail.com"
    ],
    "to_user": [
      "justabdulazim@gmail.com"
    ],
    "added": "2023-03-06T19:15:13.316Z",
    "is_expired": true
  }
},
{
  "model": "classroom.congratulation",
  "pk": 3,
  "fields": {
    "from_user": [
      "afa.mahi02@gmail.com"
    ],
    "to_user": [
      "farukseceee@gmail.com"
    ],
    "added": "2023-03-06T19:15:49.845Z",
    "is_expired": true
  }
},
{
  "model": "classroom.congratulation",
  "pk": 4,
  "fields": {
    "from_user": [
      "sysadmin@etvetbd.com"
    ],
    "to_user": [
      "farukseceee@gmail.com"
    ],
    "added": "2023-03-07T04:16:06.060Z",
    "is_expired": true
  }
},
{
  "model": "classroom.congratulation",
  "pk": 5,
  "fields": {
    "from_user": [
      "sysadmin@etvetbd.com"
    ],
    "to_user": [
      "justabdulazim@gmail.com"
    ],
    "added": "2023-03-07T04:16:19.869Z",
    "is_expired": true
  }
},
{
  "model": "classroom.congratulation",
  "pk": 6,
  "fields": {
    "from_user": [
      "sysadmin@etvetbd.com"
    ],
    "to_user": [
      "afa.mahi02@gmail.com"
    ],
    "added": "2023-03-07T04:16:32.716Z",
    "is_expired": true
  }
},
{
  "model": "classroom.congratulation",
  "pk": 7,
  "fields": {
    "from_user": [
      "sysadmin@etvetbd.com"
    ],
    "to_user": [
      "abirsenrudra2@gmail.com"
    ],
    "added": "2023-03-08T06:37:22.162Z",
    "is_expired": true
  }
},
{
  "model": "classroom.congratulation",
  "pk": 8,
  "fields": {
    "from_user": [
      "rnium@aol.com"
    ],
    "to_user": [
      "justabdulazim@gmail.com"
    ],
    "added": "2023-03-09T15:09:27.721Z",
    "is_expired": true
  }
},
{
  "model": "classroom.congratulation",
  "pk": 9,
  "fields": {
    "from_user": [
      "rnium@aol.com"
    ],
    "to_user": [
      "abirsenrudra2@gmail.com"
    ],
    "added": "2023-03-09T15:09:27.960Z",
    "is_expired": true
  }
},
{
  "model": "classroom.congratulation",
  "pk": 10,
  "fields": {
    "from_user": [
      "justabdulazim@gmail.com"
    ],
    "to_user": [
      "farukseceee@gmail.com"
    ],
    "added": "2023-03-14T04:50:16.859Z",
    "is_expired": true
  }
},
{
  "model": "classroom.congratulation",
  "pk": 11,
  "fields": {
    "from_user": [
      "justabdulazim@gmail.com"
    ],
    "to_user": [
      "afa.mahi02@gmail.com"
    ],
    "added": "2023-03-14T14:51:58.628Z",
    "is_expired": true
  }
},
{
  "model": "classroom.congratulation",
  "pk": 12,
  "fields": {
    "from_user": [
      "justabdulazim@gmail.com"
    ],
    "to_user": [
      "parvezkamaly17@gmail.com"
    ],
    "added": "2023-03-14T14:52:01.198Z",
    "is_expired": true
  }
},
{
  "model": "classroom.congratulation",
  "pk": 13,
  "fields": {
    "from_user": [
      "keysenov818@gmail.com"
    ],
    "to_user": [
      "afa.mahi02@gmail.com"
    ],
    "added": "2023-03-14T16:21:16.753Z",
    "is_expired": true
  }
},
{
  "model": "classroom.congratulation",
  "pk": 14,
  "fields": {
    "from_user": [
      "keysenov818@gmail.com"
    ],
    "to_user": [
      "justabdulazim@gmail.com"
    ],
    "added": "2023-03-14T16:21:54.387Z",
    "is_expired": true
  }
},
{
  "model": "classroom.congratulation",
  "pk": 15,
  "fields": {
    "from_user": [
      "parvezkamaly17@gmail.com"
    ],
    "to_user": [
      "afa.mahi02@gmail.com"
    ],
    "added": "2023-03-14T17:04:40.402Z",
    "is_expired": true
  }
},
{
  "model": "classroom.congratulation",
  "pk": 16,
  "fields": {
    "from_user": [
      "parvezkamaly17@gmail.com"
    ],
    "to_user": [
      "justabdulazim@gmail.com"
    ],
    "added": "2023-03-14T17:04:43.506Z",
    "is_expired": true
  }
},
{
  "model": "classroom.congratulation",
  "pk": 17,
  "fields": {
    "from_user": [
      "keysenov818@gmail.com"
    ],
    "to_user": [
      "parvezkamaly17@gmail.com"
    ],
    "added": "2023-03-14T17:54:13.320Z",
    "is_expired": true
  }
},
{
  "model": "classroom.congratulation",
  "pk": 18,
  "fields": {
    "from_user": [
      "sysadmin@etvetbd.com"
    ],
    "to_user": [
      "afa.mahi02@gmail.com"
    ],
    "added": "2023-03-15T17:07:28.256Z",
    "is_expired": true
  }
},
{
  "model": "classroom.congratulation",
  "pk": 19,
  "fields": {
    "from_user": [
      "sysadmin@etvetbd.com"
    ],
    "to_user": [
      "justabdulazim@gmail.com"
    ],
    "added": "2023-03-15T17:15:51.796Z",
    "is_expired": true
  }
},
{
  "model": "classroom.congratulation",
  "pk": 20,
  "fields": {
    "from_user": [
      "sysadmin@etvetbd.com"
    ],
    "to_user": [
      "parvezkamaly17@gmail.com"
    ],
    "added": "2023-03-15T17:15:56.017Z",
    "is_expired": true
  }
},
{
  "model": "classroom.congratulation",
  "pk": 21,
  "fields": {
    "from_user": [
      "nusaibanbh1113@gmail.com"
    ],
    "to_user": [
      "afa.mahi02@gmail.com"
    ],
    "added": "2023-03-15T18:07:53.857Z",
    "is_expired": true
  }
},
{
  "model": "classroom.congratulation",
  "pk": 22,
  "fields": {
    "from_user": [
      "nusaibanbh1113@gmail.com"
    ],
    "to_user": [
      "justabdulazim@gmail.com"
    ],
    "added": "2023-03-15T18:07:55.294Z",
    "is_expired": true
  }
},
{
  "model": "classroom.congratulation",
  "pk": 23,
  "fields": {
    "from_user": [
      "nusaibanbh1113@gmail.com"
    ],
    "to_user": [
      "parvezkamaly17@gmail.com"
    ],
    "added": "2023-03-15T18:07:56.495Z",
    "is_expired": true
  }
},
{
  "model": "classroom.congratulation",
  "pk": 24,
  "fields": {
    "from_user": [
      "scmihad.ac@gmail.com"
    ],
    "to_user": [
      "justabdulazim@gmail.com"
    ],
    "added": "2023-03-22T08:08:58.274Z",
    "is_expired": true
  }
},
{
  "model": "classroom.congratulation",
  "pk": 25,
  "fields": {
    "from_user": [
      "scmihad.ac@gmail.com"
    ],
    "to_user": [
      "afa.mahi02@gmail.com"
    ],
    "added": "2023-03-22T08:09:01.340Z",
    "is_expired": true
  }
},
{
  "model": "classroom.congratulation",
  "pk": 26,
  "fields": {
    "from_user": [
      "scmihad.ac@gmail.com"
    ],
    "to_user": [
      "parvezkamaly17@gmail.com"
    ],
    "added": "2023-03-22T08:09:02.142Z",
    "is_expired": true
  }
},
{
  "model": "classroom.congratulation",
  "pk": 27,
  "fields": {
    "from_user": [
      "marufchy969@gmail.com"
    ],
    "to_user": [
      "justabdulazim@gmail.com"
    ],
    "added": "2023-03-22T09:02:44.933Z",
    "is_expired": true
  }
},
{
  "model": "classroom.congratulation",
  "pk": 28,
  "fields": {
    "from_user": [
      "marufchy969@gmail.com"
    ],
    "to_user": [
      "parvezkamaly17@gmail.com"
    ],
    "added": "2023-03-22T09:02:48.482Z",
    "is_expired": true
  }
},
{
  "model": "classroom.congratulation",
  "pk": 29,
  "fields": {
    "from_user": [
      "marufchy969@gmail.com"
    ],
    "to_user": [
      "afa.mahi02@gmail.com"
    ],
    "added": "2023-03-22T09:02:51.444Z",
    "is_expired": true
  }
},
{
  "model": "classroom.congratulation",
  "pk": 30,
  "fields": {
    "from_user": [
      "hamidurrahman2686@gmail.com"
    ],
    "to_user": [
      "afa.mahi02@gmail.com"
    ],
    "added": "2023-03-22T17:32:42.142Z",
    "is_expired": true
  }
},
{
  "model": "classroom.congratulation",
  "pk": 31,
  "fields": {
    "from_user": [
      "hamidurrahman2686@gmail.com"
    ],
    "to_user": [
      "parvezkamaly17@gmail.com"
    ],
    "added": "2023-03-22T17:33:38.641Z",
    "is_expired": true
  }
},
{
  "model": "classroom.congratulation",
  "pk": 32,
  "fields": {
    "from_user": [
      "hamidurrahman2686@gmail.com"
    ],
    "to_user": [
      "justabdulazim@gmail.com"
    ],
    "added": "2023-03-22T17:33:40.825Z",
    "is_expired": true
  }
},
{
  "model": "classroom.congratulation",
  "pk": 33,
  "fields": {
    "from_user": [
      "adnanjahid420@gmail.com"
    ],
    "to_user": [
      "afa.mahi02@gmail.com"
    ],
    "added": "2023-03-23T17:34:29.051Z",
    "is_expired": true
  }
},
{
  "model": "classroom.congratulation",
  "pk": 34,
  "fields": {
    "from_user": [
      "adnanjahid420@gmail.com"
    ],
    "to_user": [
      "justabdulazim@gmail.com"
    ],
    "added": "2023-03-23T17:34:32.740Z",
    "is_expired": true
  }
},
{
  "model": "classroom.congratulation",
  "pk": 35,
  "fields": {
    "from_user": [
      "adnanjahid420@gmail.com"
    ],
    "to_user": [
      "parvezkamaly17@gmail.com"
    ],
    "added": "2023-03-23T17:34:41.051Z",
    "is_expired": true
  }
},
{
  "model": "classroom.congratulation",
  "pk": 36,
  "fields": {
    "from_user": [
      "justabdulazim@gmail.com"
    ],
    "to_user": [
      "parvezkamaly17@gmail.com"
    ],
    "added": "2023-03-25T07:36:51.581Z",
    "is_expired": true
  }
},
{
  "model": "classroom.congratulation",
  "pk": 37,
  "fields": {
    "from_user": [
      "justabdulazim@gmail.com"
    ],
    "to_user": [
      "afa.mahi02@gmail.com"
    ],
    "added": "2023-03-25T07:36:54.557Z",
    "is_expired": true
  }
},
{
  "model": "classroom.congratulation",
  "pk": 38,
  "fields": {
    "from_user": [
      "sysadmin@etvetbd.com"
    ],
    "to_user": [
      "sirony514@gmail.com"
    ],
    "added": "2023-03-25T17:37:14.140Z",
    "is_expired": true
  }
},
{
  "model": "classroom.congratulation",
  "pk": 39,
  "fields": {
    "from_user": [
      "sysadmin@etvetbd.com"
    ],
    "to_user": [
      "afa.mahi02@gmail.com"
    ],
    "added": "2023-03-25T18:46:48.171Z",
    "is_expired": true
  }
},
{
  "model": "classroom.congratulation",
  "pk": 40,
  "fields": {
    "from_user": [
      "sysadmin@etvetbd.com"
    ],
    "to_user": [
      "parvezkamaly17@gmail.com"
    ],
    "added": "2023-03-25T18:46:51.143Z",
    "is_expired": true
  }
},
{
  "model": "classroom.congratulation",
  "pk": 41,
  "fields": {
    "from_user": [
      "sysadmin@etvetbd.com"
    ],
    "to_user": [
      "esrailbblhs@gmail.com"
    ],
    "added": "2023-03-25T18:46:54.022Z",
    "is_expired": true
  }
},
{
  "model": "classroom.congratulation",
  "pk": 42,
  "fields": {
    "from_user": [
      "esrailbblhs@gmail.com"
    ],
    "to_user": [
      "afa.mahi02@gmail.com"
    ],
    "added": "2023-03-25T18:54:39.943Z",
    "is_expired": true
  }
},
{
  "model": "classroom.congratulation",
  "pk": 43,
  "fields": {
    "from_user": [
      "esrailbblhs@gmail.com"
    ],
    "to_user": [
      "parvezkamaly17@gmail.com"
    ],
    "added": "2023-03-25T18:54:44.462Z",
    "is_expired": true
  }
},
{
  "model": "classroom.congratulation",
  "pk": 44,
  "fields": {
    "from_user": [
      "parvezkamaly17@gmail.com"
    ],
    "to_user": [
      "esrailbblhs@gmail.com"
    ],
    "added": "2023-03-25T19:01:52.451Z",
    "is_expired": true
  }
},
{
  "model": "classroom.congratulation",
  "pk": 45,
  "fields": {
    "from_user": [
      "justabdulazim@gmail.com"
    ],
    "to_user": [
      "esrailbblhs@gmail.com"
    ],
    "added": "2023-03-26T14:04:25.449Z",
    "is_expired": true
  }
},
{
  "model": "accounts.account",
  "pk": 1,
  "fields": {
    "user": [
      "rnium@aol.com"
    ],
    "institution": "Sylhet Engineering College",
    "institutional_id": "2018338514",
    "is_student": false,
    "is_email_verified": true,
    "profile_picture": "profiles/dp/271127514_1553682834990485_4845700314503151632_n_1_eIOrgLJ.jpg"
  }
},
{
  "model": "accounts.account",
  "pk": 2,
  "fields": {
    "user": [
      "skelewit@gmail.com"
    ],
    "institution": "Sylhet Engineering College",
    "institutional_id": "2018338514",
    "is_student": true,
    "is_email_verified": true,
    "profile_picture": "profiles/dp/avatar-119bfb025cccb73aabcb21cff46b2034.jpg"
  }
},
{
  "model": "accounts.account",
  "pk": 3,
  "fields": {
    "user": [
      "rniumo@gmail.com"
    ],
    "institution": "Sec",
    "institutional_id": "3018338514",
    "is_student": true,
    "is_email_verified": true,
    "profile_picture": "profiles/dp/59cfe9deb6e58e4c23ce0bdb592447ee.png"
  }
},
{
  "model": "accounts.account",
  "pk": 4,
  "fields": {
    "user": [
      "avishek68d@gmail.com"
    ],
    "institution": "SEC",
    "institutional_id": "3018338514",
    "is_student": true,
    "is_email_verified": false,
    "profile_picture": ""
  }
},
{
  "model": "accounts.account",
  "pk": 5,
  "fields": {
    "user": [
      "skelewit1@gmail.com"
    ],
    "institution": null,
    "institutional_id": null,
    "is_student": false,
    "is_email_verified": false,
    "profile_picture": ""
  }
},
{
  "model": "accounts.account",
  "pk": 6,
  "fields": {
    "user": [
      "iqbal@sec.ac.bd"
    ],
    "institution": null,
    "institutional_id": null,
    "is_student": false,
    "is_email_verified": true,
    "profile_picture": "profiles/dp/IMG_1374_copy-7.jpg"
  }
},
{
  "model": "accounts.account",
  "pk": 7,
  "fields": {
    "user": [
      "sagor@gmail.com"
    ],
    "institution": "Sylhet Engineering College",
    "institutional_id": "2018338502",
    "is_student": true,
    "is_email_verified": false,
    "profile_picture": "profiles/dp/avatar-11ba06b1292c8fc913e0893b3626dfa7.jpg"
  }
},
{
  "model": "accounts.account",
  "pk": 9,
  "fields": {
    "user": [
      "jakaria@gmail.com"
    ],
    "institution": "Sylhet Engineering College",
    "institutional_id": "2018338504",
    "is_student": true,
    "is_email_verified": false,
    "profile_picture": "profiles/dp/avatar-110be66f2189e8146a1af1b6817a3bec.jpg"
  }
},
{
  "model": "accounts.account",
  "pk": 10,
  "fields": {
    "user": [
      "robiul@gmail.com"
    ],
    "institution": "Sylhet Engineering College",
    "institutional_id": "2018338505",
    "is_student": true,
    "is_email_verified": false,
    "profile_picture": "profiles/dp/avatar-11b7ef0efb70d031fb600a566926a588.jpg"
  }
},
{
  "model": "accounts.account",
  "pk": 11,
  "fields": {
    "user": [
      "sumon@gmail.com"
    ],
    "institution": "Sylhet Engineering College",
    "institutional_id": "2018338506",
    "is_student": true,
    "is_email_verified": false,
    "profile_picture": "profiles/dp/avatar-116bad91cc380d07d9a7563b72e90753.jpg"
  }
},
{
  "model": "accounts.account",
  "pk": 12,
  "fields": {
    "user": [
      "justabdulazim@gmail.com"
    ],
    "institution": "Sylhet engineering College",
    "institutional_id": "2020338519",
    "is_student": true,
    "is_email_verified": true,
    "profile_picture": "profiles/dp/IMG_20221219_104140_291.jpg"
  }
},
{
  "model": "accounts.account",
  "pk": 13,
  "fields": {
    "user": [
      "parvezkamaly17@gmail.com"
    ],
    "institution": "Sylhet Engineering College ",
    "institutional_id": "2020338527",
    "is_student": true,
    "is_email_verified": true,
    "profile_picture": "profiles/dp/FB_IMG_1677596950249.jpg"
  }
},
{
  "model": "accounts.account",
  "pk": 14,
  "fields": {
    "user": [
      "dasanimesh550@gmail.com"
    ],
    "institution": "Sylhet enginnering college ",
    "institutional_id": "2020338533",
    "is_student": true,
    "is_email_verified": true,
    "profile_picture": "profiles/dp/IMG-20221231-WA0015.jpg"
  }
},
{
  "model": "accounts.account",
  "pk": 15,
  "fields": {
    "user": [
      "marufchy969@gmail.com"
    ],
    "institution": "Sylhet Engineering College ",
    "institutional_id": "2020338503",
    "is_student": true,
    "is_email_verified": true,
    "profile_picture": "profiles/dp/27CA18CB-D044-4E55-A976-CF34BDC9924F.jpeg"
  }
},
{
  "model": "accounts.account",
  "pk": 16,
  "fields": {
    "user": [
      "ah5175584@gmail.com"
    ],
    "institution": "Sylhet Engineering college ",
    "institutional_id": "2020338529",
    "is_student": true,
    "is_email_verified": true,
    "profile_picture": "profiles/dp/IMG_20230228_205838_U5DQkap.jpg"
  }
},
{
  "model": "accounts.account",
  "pk": 17,
  "fields": {
    "user": [
      "farukseceee@gmail.com"
    ],
    "institution": "Sylhet Engineering College",
    "institutional_id": "2020338501",
    "is_student": true,
    "is_email_verified": true,
    "profile_picture": "profiles/dp/20230228_204110.jpg"
  }
},
{
  "model": "accounts.account",
  "pk": 18,
  "fields": {
    "user": [
      "pronaynandi73895@gmail.com"
    ],
    "institution": "Sylhet engineering college ",
    "institutional_id": "2020338543",
    "is_student": true,
    "is_email_verified": true,
    "profile_picture": "profiles/dp/1615704491591_DSC03146.JPG"
  }
},
{
  "model": "accounts.account",
  "pk": 19,
  "fields": {
    "user": [
      "swad2408@gmail.com"
    ],
    "institution": "Sylhet Engineering College ",
    "institutional_id": "2020338553",
    "is_student": true,
    "is_email_verified": true,
    "profile_picture": "profiles/dp/FB_IMG_1677594767598.jpg"
  }
},
{
  "model": "accounts.account",
  "pk": 20,
  "fields": {
    "user": [
      "hamidurrahman2686@gmail.com"
    ],
    "institution": "Sylhet Engineering College ",
    "institutional_id": "2020338541",
    "is_student": true,
    "is_email_verified": true,
    "profile_picture": "profiles/dp/1667709240214.jpg"
  }
},
{
  "model": "accounts.account",
  "pk": 21,
  "fields": {
    "user": [
      "nusaibanbh1113@gmail.com"
    ],
    "institution": "Sylhet Engineering College ",
    "institutional_id": "2020338556",
    "is_student": true,
    "is_email_verified": false,
    "profile_picture": "profiles/dp/SAVE_20230128_204923.jpg"
  }
},
{
  "model": "accounts.account",
  "pk": 22,
  "fields": {
    "user": [
      "masukbillah885@gmail.com"
    ],
    "institution": "Sylhet engineering college,",
    "institutional_id": "2020338517",
    "is_student": true,
    "is_email_verified": false,
    "profile_picture": "profiles/dp/Screenshot_79.png"
  }
},
{
  "model": "accounts.account",
  "pk": 23,
  "fields": {
    "user": [
      "abirsenrudra2@gmail.com"
    ],
    "institution": "Sylhet Engineering College ",
    "institutional_id": "2020338535",
    "is_student": true,
    "is_email_verified": true,
    "profile_picture": ""
  }
},
{
  "model": "accounts.account",
  "pk": 24,
  "fields": {
    "user": [
      "tarequemahmud313@gmail.com"
    ],
    "institution": "Sylhet Engineering College ",
    "institutional_id": "2020338549",
    "is_student": true,
    "is_email_verified": true,
    "profile_picture": ""
  }
},
{
  "model": "accounts.account",
  "pk": 25,
  "fields": {
    "user": [
      "shafimafithetwins@gmail.com"
    ],
    "institution": "Sylhet Engineering College",
    "institutional_id": "oWFjn0",
    "is_student": true,
    "is_email_verified": false,
    "profile_picture": "profiles/dp/Picsart_22-07-22_14-48-1_7-229.jpg"
  }
},
{
  "model": "accounts.account",
  "pk": 26,
  "fields": {
    "user": [
      "esrailbblhs@gmail.com"
    ],
    "institution": "Sylhet Engineering College ",
    "institutional_id": "2020338545",
    "is_student": true,
    "is_email_verified": true,
    "profile_picture": "profiles/dp/20230223_104814.jpg"
  }
},
{
  "model": "accounts.account",
  "pk": 27,
  "fields": {
    "user": [
      "samiaakterpriya2000@gmail.com"
    ],
    "institution": "Sylhet Engineering College ",
    "institutional_id": "2020338547",
    "is_student": true,
    "is_email_verified": false,
    "profile_picture": ""
  }
},
{
  "model": "accounts.account",
  "pk": 28,
  "fields": {
    "user": [
      "abdullahabuhabib@gmail.com"
    ],
    "institution": "Sylhet Engineering College",
    "institutional_id": "2020338559",
    "is_student": true,
    "is_email_verified": true,
    "profile_picture": ""
  }
},
{
  "model": "accounts.account",
  "pk": 29,
  "fields": {
    "user": [
      "scmihad.ac@gmail.com"
    ],
    "institution": "Sylhet Engineering College",
    "institutional_id": "2020338525",
    "is_student": true,
    "is_email_verified": true,
    "profile_picture": "profiles/dp/meeee.jpg"
  }
},
{
  "model": "accounts.account",
  "pk": 30,
  "fields": {
    "user": [
      "afa.mahi02@gmail.com"
    ],
    "institution": "Sylhet Engineering College ",
    "institutional_id": "2020338539",
    "is_student": true,
    "is_email_verified": true,
    "profile_picture": "profiles/dp/IMG_20230212_100812.jpg"
  }
},
{
  "model": "accounts.account",
  "pk": 31,
  "fields": {
    "user": [
      "keysenov818@gmail.com"
    ],
    "institution": "Sylhet Engineering College ",
    "institutional_id": "2020338509",
    "is_student": true,
    "is_email_verified": true,
    "profile_picture": "profiles/dp/IMG20221101113122.jpg"
  }
},
{
  "model": "accounts.account",
  "pk": 32,
  "fields": {
    "user": [
      "rihasiddika@gmail.com"
    ],
    "institution": "Sylhet Engineering College ",
    "institutional_id": "2020338548",
    "is_student": true,
    "is_email_verified": false,
    "profile_picture": ""
  }
},
{
  "model": "accounts.account",
  "pk": 33,
  "fields": {
    "user": [
      "adnanjahid420@gmail.com"
    ],
    "institution": "Sylhet Engineering college ",
    "institutional_id": "2020338565",
    "is_student": true,
    "is_email_verified": false,
    "profile_picture": "profiles/dp/RAJ_0317-02.jpeg"
  }
},
{
  "model": "accounts.account",
  "pk": 34,
  "fields": {
    "user": [
      "sysadmin@etvetbd.com"
    ],
    "institution": "SEC",
    "institutional_id": null,
    "is_student": false,
    "is_email_verified": true,
    "profile_picture": "profiles/dp/59cfe9deb6e58e4c23ce0bdb592447ee_CtGu52v.png"
  }
},
{
  "model": "accounts.account",
  "pk": 35,
  "fields": {
    "user": [
      "nusaibanusi27030@gmail.com"
    ],
    "institution": "Sylhet Engineering College ",
    "institutional_id": "2020338556",
    "is_student": true,
    "is_email_verified": true,
    "profile_picture": ""
  }
},
{
  "model": "accounts.account",
  "pk": 36,
  "fields": {
    "user": [
      "toushifislamshuyeb@gmail.com"
    ],
    "institution": "sec",
    "institutional_id": "2017334501",
    "is_student": true,
    "is_email_verified": false,
    "profile_picture": ""
  }
},
{
  "model": "accounts.account",
  "pk": 37,
  "fields": {
    "user": [
      "mariana.isabel@ipcbcampus.pt"
    ],
    "institution": "Escola Superior de Educao ",
    "institutional_id": "mariana.isabel@ipcbcampus.pt",
    "is_student": true,
    "is_email_verified": false,
    "profile_picture": ""
  }
},
{
  "model": "accounts.account",
  "pk": 38,
  "fields": {
    "user": [
      "jessy.azevedo06@gmail.com"
    ],
    "institution": "Escola Superior de Educao de Castelo de Branco",
    "institutional_id": "pereira.jessica@ipcbcampus.pt",
    "is_student": true,
    "is_email_verified": false,
    "profile_picture": ""
  }
},
{
  "model": "accounts.account",
  "pk": 39,
  "fields": {
    "user": [
      "sirony514@gmail.com"
    ],
    "institution": "BSMMC",
    "institutional_id": "79",
    "is_student": true,
    "is_email_verified": true,
    "profile_picture": "profiles/dp/images.jpeg"
  }
},
{
  "model": "weeklies.weekly",
  "pk": "010f9e9ae65844b5b97ce4bee279f470",
  "fields": {
    "weeknum": 1,
    "topic": "w1",
    "classroom": "81ae8308bc104c58a3c4e02375036139",
    "created": "2023-03-23T09:18:16.966Z",
    "pre_class_instruction": null,
    "in_class_instruction": null,
    "post_class_instruction": null
  }
},
{
  "model": "weeklies.weekly",
  "pk": "36669da17aa743e4827493e023e33bfa",
  "fields": {
    "weeknum": 6,
    "topic": "WEEK 6",
    "classroom": "a7e2fac3aaad4bdba8aa6953b765d5b9",
    "created": "2023-03-25T18:37:18.676Z",
    "pre_class_instruction": null,
    "in_class_instruction": null,
    "post_class_instruction": null
  }
},
{
  "model": "weeklies.weekly",
  "pk": "4f9b582f97684a8fb09e24cd356f9c13",
  "fields": {
    "weeknum": 4,
    "topic": "Week 4",
    "classroom": "a7e2fac3aaad4bdba8aa6953b765d5b9",
    "created": "2023-03-14T13:44:39.413Z",
    "pre_class_instruction": null,
    "in_class_instruction": null,
    "post_class_instruction": null
  }
},
{
  "model": "weeklies.weekly",
  "pk": "55f25a334d964a6a81afaab2b67cc9af",
  "fields": {
    "weeknum": 3,
    "topic": "week 3",
    "classroom": "a7e2fac3aaad4bdba8aa6953b765d5b9",
    "created": "2023-03-07T13:36:29.755Z",
    "pre_class_instruction": null,
    "in_class_instruction": null,
    "post_class_instruction": null
  }
},
{
  "model": "weeklies.weekly",
  "pk": "65a0527d12214487bf2d069867dc294e",
  "fields": {
    "weeknum": 1,
    "topic": "basic",
    "classroom": "2c9bbdc337cb40f3bc8e478b4452d6ce",
    "created": "2023-03-14T14:56:49.768Z",
    "pre_class_instruction": null,
    "in_class_instruction": null,
    "post_class_instruction": null
  }
},
{
  "model": "weeklies.weekly",
  "pk": "7f0ce959917f442c931855a89639dd93",
  "fields": {
    "weeknum": 1,
    "topic": "basics",
    "classroom": "05d24d97d8a24f3c80862a3239a56b50",
    "created": "2023-03-02T13:18:15.192Z",
    "pre_class_instruction": null,
    "in_class_instruction": null,
    "post_class_instruction": null
  }
},
{
  "model": "weeklies.weekly",
  "pk": "9eaa73ea534241df8a49cf7c9cfddd71",
  "fields": {
    "weeknum": 2,
    "topic": "intermediate",
    "classroom": "a7e2fac3aaad4bdba8aa6953b765d5b9",
    "created": "2023-02-16T16:39:31.779Z",
    "pre_class_instruction": null,
    "in_class_instruction": null,
    "post_class_instruction": null
  }
},
{
  "model": "weeklies.weekly",
  "pk": "e740b33623f5481b9b17a85417d819b7",
  "fields": {
    "weeknum": 5,
    "topic": "WEEK 5",
    "classroom": "a7e2fac3aaad4bdba8aa6953b765d5b9",
    "created": "2023-03-24T10:50:20.583Z",
    "pre_class_instruction": null,
    "in_class_instruction": null,
    "post_class_instruction": null
  }
},
{
  "model": "weeklies.preclassfile",
  "pk": 5,
  "fields": {
    "weekly": "9eaa73ea534241df8a49cf7c9cfddd71",
    "must_study": true,
    "attached_file": "attachments/a7e2fac3aaad4bdba8aa6953b765d5b9/weekly/9eaa73ea534241df8a49cf7c9cfddd71/preclass/class_week_2.pdf"
  }
},
{
  "model": "weeklies.preclassfile",
  "pk": 6,
  "fields": {
    "weekly": "9eaa73ea534241df8a49cf7c9cfddd71",
    "must_study": false,
    "attached_file": "attachments/a7e2fac3aaad4bdba8aa6953b765d5b9/weekly/9eaa73ea534241df8a49cf7c9cfddd71/preclass/P-N_JUNCTION.mp4"
  }
},
{
  "model": "weeklies.preclassfile",
  "pk": 7,
  "fields": {
    "weekly": "9eaa73ea534241df8a49cf7c9cfddd71",
    "must_study": true,
    "attached_file": "attachments/a7e2fac3aaad4bdba8aa6953b765d5b9/weekly/9eaa73ea534241df8a49cf7c9cfddd71/preclass/class_week-2.pdf"
  }
},
{
  "model": "weeklies.preclassfile",
  "pk": 8,
  "fields": {
    "weekly": "9eaa73ea534241df8a49cf7c9cfddd71",
    "must_study": false,
    "attached_file": "attachments/a7e2fac3aaad4bdba8aa6953b765d5b9/weekly/9eaa73ea534241df8a49cf7c9cfddd71/preclass/Lesson_plan.pdf"
  }
},
{
  "model": "weeklies.preclassfile",
  "pk": 9,
  "fields": {
    "weekly": "55f25a334d964a6a81afaab2b67cc9af",
    "must_study": true,
    "attached_file": "attachments/a7e2fac3aaad4bdba8aa6953b765d5b9/weekly/55f25a334d964a6a81afaab2b67cc9af/preclass/class_week_3.pdf"
  }
},
{
  "model": "weeklies.preclassfile",
  "pk": 10,
  "fields": {
    "weekly": "55f25a334d964a6a81afaab2b67cc9af",
    "must_study": false,
    "attached_file": "attachments/a7e2fac3aaad4bdba8aa6953b765d5b9/weekly/55f25a334d964a6a81afaab2b67cc9af/preclass/zener_diode.pdf"
  }
},
{
  "model": "weeklies.preclassfile",
  "pk": 11,
  "fields": {
    "weekly": "55f25a334d964a6a81afaab2b67cc9af",
    "must_study": false,
    "attached_file": "attachments/a7e2fac3aaad4bdba8aa6953b765d5b9/weekly/55f25a334d964a6a81afaab2b67cc9af/preclass/Lesson_plan3.pdf"
  }
},
{
  "model": "weeklies.preclassfile",
  "pk": 12,
  "fields": {
    "weekly": "4f9b582f97684a8fb09e24cd356f9c13",
    "must_study": true,
    "attached_file": "attachments/a7e2fac3aaad4bdba8aa6953b765d5b9/weekly/4f9b582f97684a8fb09e24cd356f9c13/preclass/pre-class_material_4.pdf"
  }
},
{
  "model": "weeklies.preclassfile",
  "pk": 14,
  "fields": {
    "weekly": "4f9b582f97684a8fb09e24cd356f9c13",
    "must_study": true,
    "attached_file": "attachments/a7e2fac3aaad4bdba8aa6953b765d5b9/weekly/4f9b582f97684a8fb09e24cd356f9c13/preclass/class_week_4.pdf"
  }
},
{
  "model": "weeklies.preclassfile",
  "pk": 15,
  "fields": {
    "weekly": "4f9b582f97684a8fb09e24cd356f9c13",
    "must_study": false,
    "attached_file": "attachments/a7e2fac3aaad4bdba8aa6953b765d5b9/weekly/4f9b582f97684a8fb09e24cd356f9c13/preclass/Lesson_plan_04.pdf"
  }
},
{
  "model": "weeklies.preclassfile",
  "pk": 16,
  "fields": {
    "weekly": "65a0527d12214487bf2d069867dc294e",
    "must_study": true,
    "attached_file": "attachments/2c9bbdc337cb40f3bc8e478b4452d6ce/weekly/65a0527d12214487bf2d069867dc294e/preclass/Fourier_foundations.ipynb"
  }
},
{
  "model": "weeklies.preclassfile",
  "pk": 18,
  "fields": {
    "weekly": "e740b33623f5481b9b17a85417d819b7",
    "must_study": true,
    "attached_file": "attachments/a7e2fac3aaad4bdba8aa6953b765d5b9/weekly/e740b33623f5481b9b17a85417d819b7/preclass/PRE_5.pdf"
  }
},
{
  "model": "weeklies.preclassfile",
  "pk": 19,
  "fields": {
    "weekly": "e740b33623f5481b9b17a85417d819b7",
    "must_study": true,
    "attached_file": "attachments/a7e2fac3aaad4bdba8aa6953b765d5b9/weekly/e740b33623f5481b9b17a85417d819b7/preclass/Lesson_plan_5.pdf"
  }
},
{
  "model": "weeklies.preclassfile",
  "pk": 20,
  "fields": {
    "weekly": "36669da17aa743e4827493e023e33bfa",
    "must_study": true,
    "attached_file": "attachments/a7e2fac3aaad4bdba8aa6953b765d5b9/weekly/36669da17aa743e4827493e023e33bfa/preclass/Pre-class_material_6.pdf"
  }
},
{
  "model": "weeklies.preclassfile",
  "pk": 21,
  "fields": {
    "weekly": "36669da17aa743e4827493e023e33bfa",
    "must_study": false,
    "attached_file": "attachments/a7e2fac3aaad4bdba8aa6953b765d5b9/weekly/36669da17aa743e4827493e023e33bfa/preclass/Lesson_plan_6.pdf"
  }
},
{
  "model": "weeklies.preclassfile",
  "pk": 22,
  "fields": {
    "weekly": "36669da17aa743e4827493e023e33bfa",
    "must_study": false,
    "attached_file": "attachments/a7e2fac3aaad4bdba8aa6953b765d5b9/weekly/36669da17aa743e4827493e023e33bfa/preclass/clamper.pdf"
  }
},
{
  "model": "weeklies.inclassfile",
  "pk": 1,
  "fields": {
    "weekly": "55f25a334d964a6a81afaab2b67cc9af",
    "must_study": true,
    "attached_file": "attachments/a7e2fac3aaad4bdba8aa6953b765d5b9/weekly/55f25a334d964a6a81afaab2b67cc9af/inclass/cass_materials.pdf"
  }
},
{
  "model": "weeklies.preclasstutorial",
  "pk": 4,
  "fields": {
    "weekly": "55f25a334d964a6a81afaab2b67cc9af",
    "yt_id": "WTdoZ_pQohk",
    "description": "VI characteristics of diode",
    "added": "2023-03-07T14:10:12.453Z"
  }
},
{
  "model": "weeklies.preclasstutorial",
  "pk": 5,
  "fields": {
    "weekly": "4f9b582f97684a8fb09e24cd356f9c13",
    "yt_id": "7XTJwaTV_JM",
    "description": "half wave rectifier",
    "added": "2023-03-14T14:55:24.286Z"
  }
},
{
  "model": "weeklies.preclasstutorial",
  "pk": 6,
  "fields": {
    "weekly": "4f9b582f97684a8fb09e24cd356f9c13",
    "yt_id": "K2xoJL_Mu80",
    "description": "full wave rectifier",
    "added": "2023-03-14T14:55:53.266Z"
  }
},
{
  "model": "weeklies.preclasstutorial",
  "pk": 7,
  "fields": {
    "weekly": "e740b33623f5481b9b17a85417d819b7",
    "yt_id": "loJ9gAb_4nE",
    "description": "clipper circuit ",
    "added": "2023-03-24T11:00:00.737Z"
  }
},
{
  "model": "weeklies.preclasstutorial",
  "pk": 8,
  "fields": {
    "weekly": "36669da17aa743e4827493e023e33bfa",
    "yt_id": "LA7c7jenkd0",
    "description": "clamper circuit",
    "added": "2023-03-25T18:42:36.737Z"
  }
},
{
  "model": "weeklies.forumpost",
  "pk": 1,
  "fields": {
    "weekly": "9eaa73ea534241df8a49cf7c9cfddd71",
    "author": [
      "rnium@aol.com"
    ],
    "postcontent": "I have uploaded a class materials and an animated video; also created a class test. Everyone try to participate in time.",
    "added": "2023-02-28T16:08:43.013Z",
    "updated": "2023-02-28T16:08:43.013Z"
  }
},
{
  "model": "weeklies.forumpost",
  "pk": 2,
  "fields": {
    "weekly": "4f9b582f97684a8fb09e24cd356f9c13",
    "author": [
      "afa.mahi02@gmail.com"
    ],
    "postcontent": "Sir it could have been better if you discuss a little bit about full wave ractifier and its kinds in the next class.......\n",
    "added": "2023-03-23T19:40:27.776Z",
    "updated": "2023-03-23T19:40:27.776Z"
  }
},
{
  "model": "admin.logentry",
  "pk": 1,
  "fields": {
    "action_time": "2023-02-24T21:11:39.001Z",
    "user": [
      "rony"
    ],
    "content_type": [
      "accounts",
      "account"
    ],
    "object_id": "1",
    "object_repr": "rnium@aol.com",
    "action_flag": 2,
    "change_message": "[{\"changed\": {\"fields\": [\"Is student\"]}}]"
  }
},
{
  "model": "admin.logentry",
  "pk": 2,
  "fields": {
    "action_time": "2023-02-25T19:20:36.701Z",
    "user": [
      "rony"
    ],
    "content_type": [
      "weekly_test",
      "weeklytest"
    ],
    "object_id": "7a4f13869a594454bb1e1fc23b841ea6",
    "object_repr": "Test Id: 7a4f13869a594454bb1e1fc23b841ea6",
    "action_flag": 2,
    "change_message": "[{\"changed\": {\"fields\": [\"Schedule\", \"Expiration\"]}}]"
  }
},
{
  "model": "admin.logentry",
  "pk": 3,
  "fields": {
    "action_time": "2023-02-25T19:21:43.455Z",
    "user": [
      "rony"
    ],
    "content_type": [
      "weekly_test",
      "weeklytest"
    ],
    "object_id": "7a4f13869a594454bb1e1fc23b841ea6",
    "object_repr": "Test Id: 7a4f13869a594454bb1e1fc23b841ea6",
    "action_flag": 3,
    "change_message": ""
  }
},
{
  "model": "admin.logentry",
  "pk": 4,
  "fields": {
    "action_time": "2023-03-06T19:05:46.389Z",
    "user": [
      "rony"
    ],
    "content_type": [
      "auth",
      "user"
    ],
    "object_id": "35",
    "object_repr": "admin@etvetbd.com",
    "action_flag": 2,
    "change_message": "[{\"changed\": {\"fields\": [\"First name\", \"Last name\"]}}]"
  }
},
{
  "model": "admin.logentry",
  "pk": 5,
  "fields": {
    "action_time": "2023-03-08T06:45:32.396Z",
    "user": [
      "rony"
    ],
    "content_type": [
      "auth",
      "user"
    ],
    "object_id": "9",
    "object_repr": "rayhan@gmail.com",
    "action_flag": 3,
    "change_message": ""
  }
},
{
  "model": "admin.logentry",
  "pk": 6,
  "fields": {
    "action_time": "2023-03-12T19:56:34.689Z",
    "user": [
      "rony"
    ],
    "content_type": [
      "tasks",
      "task"
    ],
    "object_id": "50f8b4d89997466e9d5730e2b1aa4d86",
    "object_repr": "EEE 6th Batch - Task",
    "action_flag": 3,
    "change_message": ""
  }
},
{
  "model": "admin.logentry",
  "pk": 7,
  "fields": {
    "action_time": "2023-03-13T13:14:21.125Z",
    "user": [
      "rony"
    ],
    "content_type": [
      "accounts",
      "account"
    ],
    "object_id": "28",
    "object_repr": "abdullahabuhabib@gmail.com",
    "action_flag": 2,
    "change_message": "[{\"changed\": {\"fields\": [\"Institution\", \"Is email verified\"]}}]"
  }
},
{
  "model": "admin.logentry",
  "pk": 8,
  "fields": {
    "action_time": "2023-03-13T13:15:51.529Z",
    "user": [
      "rony"
    ],
    "content_type": [
      "classroom",
      "classroom"
    ],
    "object_id": "a7e2fac3aaad4bdba8aa6953b765d5b9",
    "object_repr": "EEE 6th Batch - a7e2fac3aaad4bdba8aa6953b765d5b9",
    "action_flag": 2,
    "change_message": "[{\"changed\": {\"fields\": [\"Teachers\"]}}]"
  }
},
{
  "model": "admin.logentry",
  "pk": 9,
  "fields": {
    "action_time": "2023-03-14T14:22:31.166Z",
    "user": [
      "rony"
    ],
    "content_type": [
      "weeklies",
      "preclassfile"
    ],
    "object_id": "22",
    "object_repr": "PreClassFile object (22)",
    "action_flag": 1,
    "change_message": "[{\"added\": {}}]"
  }
},
{
  "model": "admin.logentry",
  "pk": 10,
  "fields": {
    "action_time": "2023-03-14T14:23:04.410Z",
    "user": [
      "rony"
    ],
    "content_type": [
      "weeklies",
      "preclassfile"
    ],
    "object_id": "22",
    "object_repr": "PreClassFile object (22)",
    "action_flag": 3,
    "change_message": ""
  }
},
{
  "model": "admin.logentry",
  "pk": 11,
  "fields": {
    "action_time": "2023-03-14T16:27:41.285Z",
    "user": [
      "rony"
    ],
    "content_type": [
      "weeklies",
      "preclassfile"
    ],
    "object_id": "23",
    "object_repr": "PreClassFile object (23)",
    "action_flag": 3,
    "change_message": ""
  }
},
{
  "model": "admin.logentry",
  "pk": 12,
  "fields": {
    "action_time": "2023-03-16T19:27:29.474Z",
    "user": [
      "rony"
    ],
    "content_type": [
      "classroom",
      "postattachment"
    ],
    "object_id": "9",
    "object_repr": "PostAttachment object (9)",
    "action_flag": 1,
    "change_message": "[{\"added\": {}}]"
  }
},
{
  "model": "admin.logentry",
  "pk": 13,
  "fields": {
    "action_time": "2023-03-19T21:28:54.521Z",
    "user": [
      "rony"
    ],
    "content_type": [
      "auth",
      "user"
    ],
    "object_id": "13",
    "object_repr": "justabdulazim@gmail.com",
    "action_flag": 2,
    "change_message": "[{\"changed\": {\"fields\": [\"First name\", \"Last name\"]}}]"
  }
},
{
  "model": "admin.logentry",
  "pk": 14,
  "fields": {
    "action_time": "2023-03-23T06:21:30.350Z",
    "user": [
      "rony"
    ],
    "content_type": [
      "tasks",
      "workattachment"
    ],
    "object_id": "58",
    "object_repr": "WorkAttachment object (58)",
    "action_flag": 1,
    "change_message": "[{\"added\": {}}]"
  }
},
{
  "model": "admin.logentry",
  "pk": 15,
  "fields": {
    "action_time": "2023-03-23T06:22:04.264Z",
    "user": [
      "rony"
    ],
    "content_type": [
      "tasks",
      "workattachment"
    ],
    "object_id": "58",
    "object_repr": "WorkAttachment object (58)",
    "action_flag": 3,
    "change_message": ""
  }
}
]
